member_type,rideable_type,trip_year,trip_month,trip_day_of_week,trip_hour,avg_ride_length_seconds,total_trips
casual,electric_bike,2024,6,2,22,861,436
casual,electric_bike,2024,9,5,13,904,843
member,electric_bike,2024,4,3,18,667,2317
casual,electric_bike,2024,5,4,12,988,870
casual,electric_bike,2024,8,7,3,878,291
casual,electric_bike,2024,10,3,22,648,427
casual,classic_bike,2024,12,2,9,1124,94
casual,electric_bike,2024,4,6,2,524,47
member,classic_bike,2024,7,7,21,977,876
member,classic_bike,2024,8,5,8,688,2510
casual,classic_bike,2024,3,2,21,1701,121
casual,classic_bike,2024,6,5,12,1992,829
member,electric_bike,2024,7,5,14,754,1423
member,classic_bike,2024,7,5,16,869,2590
member,electric_bike,2024,8,2,14,715,1336
member,electric_bike,2024,3,4,14,626,809
member,electric_bike,2024,4,1,13,769,1300
member,classic_bike,2024,6,7,7,856,710
member,classic_bike,2024,12,5,22,722,121
casual,classic_bike,2024,12,4,14,966,117
casual,classic_bike,2024,1,5,6,541,32
member,electric_bike,2024,2,6,4,657,29
member,electric_bike,2024,3,3,4,396,52
casual,classic_bike,2024,7,4,9,1623,567
casual,classic_bike,2024,7,3,22,1326,452
casual,classic_bike,2024,8,1,9,1910,994
member,electric_bike,2024,8,4,19,756,2208
member,electric_bike,2024,9,1,19,727,1524
member,electric_bike,2024,9,2,6,603,1122
casual,electric_bike,2024,11,3,14,672,378
casual,electric_bike,2024,1,1,6,337,6
casual,electric_bike,2024,3,6,10,708,197
casual,electric_bike,2024,6,3,9,833,405
casual,electric_bike,2024,10,2,12,890,622
member,electric_bike,2024,12,7,2,495,69
member,electric_bike,2024,1,7,7,468,124
casual,electric_bike,2024,6,1,12,1294,2253
casual,electric_bike,2024,9,4,3,693,39
casual,electric_bike,2024,12,1,1,694,128
member,classic_bike,2024,5,3,4,721,47
member,classic_bike,2024,8,4,21,957,1024
member,electric_bike,2024,1,1,14,579,314
member,electric_bike,2024,4,4,5,545,228
casual,classic_bike,2024,12,1,22,3108,59
casual,classic_bike,2024,5,7,3,2461,57
casual,classic_bike,2024,6,4,2,928,24
member,electric_bike,2024,10,7,18,718,1726
member,electric_bike,2024,11,4,18,581,1203
casual,classic_bike,2024,11,6,5,584,40
casual,classic_bike,2024,2,6,8,850,160
casual,classic_bike,2024,3,3,8,824,182
member,electric_bike,2024,7,3,17,743,3821
member,classic_bike,2024,10,1,5,935,68
casual,classic_bike,2024,10,5,3,1903,19
casual,classic_bike,2024,4,1,18,1992,820
casual,classic_bike,2024,4,7,11,2131,1046
member,electric_bike,2024,5,2,15,703,1325
member,electric_scooter,2024,9,7,14,568,496
casual,classic_bike,2024,10,6,13,1770,1140
member,electric_bike,2024,11,7,10,597,1261
casual,classic_bike,2024,11,3,13,1341,247
member,electric_bike,2024,12,4,10,592,374
casual,electric_bike,2024,2,2,7,484,108
member,classic_bike,2024,3,5,2,572,10
member,electric_bike,2024,6,6,18,763,2314
casual,electric_bike,2024,8,1,10,1218,1317
casual,classic_bike,2024,9,2,10,2240,935
member,classic_bike,2024,9,5,23,776,401
casual,electric_bike,2024,4,3,10,738,349
casual,electric_bike,2024,5,6,9,883,584
casual,electric_bike,2024,3,5,0,554,54
member,classic_bike,2024,9,6,10,802,1012
casual,electric_bike,2024,12,6,7,390,111
member,classic_bike,2024,1,3,13,955,460
casual,electric_bike,2024,6,5,14,969,1042
member,electric_bike,2024,6,5,8,660,2254
casual,electric_bike,2024,7,3,0,811,225
member,classic_bike,2024,9,1,21,829,546
member,electric_bike,2024,12,3,23,531,168
member,classic_bike,2024,12,4,12,571,394
casual,electric_bike,2024,2,7,13,992,153
member,electric_bike,2024,3,7,6,577,153
casual,classic_bike,2024,4,6,1,3627,24
casual,electric_bike,2024,8,4,11,984,633
member,electric_bike,2024,8,1,4,722,153
member,electric_bike,2024,9,5,21,691,1197
casual,electric_scooter,2024,9,3,9,531,410
casual,electric_bike,2024,9,3,16,829,1240
casual,classic_bike,2024,9,5,11,2006,598
member,electric_bike,2024,5,5,16,755,2921
casual,classic_bike,2024,7,7,1,1937,450
casual,classic_bike,2024,8,4,1,1510,50
member,classic_bike,2024,10,2,15,748,1525
member,classic_bike,2024,1,5,4,661,29
member,electric_bike,2024,2,7,14,609,381
casual,classic_bike,2024,5,2,20,1795,471
casual,classic_bike,2024,1,4,19,1856,120
casual,classic_bike,2024,2,1,19,1189,128
casual,classic_bike,2024,2,2,6,1453,45
casual,electric_bike,2024,7,7,19,1099,1575
member,classic_bike,2024,11,2,7,664,1259
casual,electric_bike,2024,4,1,19,1028,558
member,classic_bike,2024,6,3,19,928,2033
member,classic_bike,2024,7,4,6,705,1044
member,classic_bike,2024,7,2,1,678,59
member,classic_bike,2024,8,1,6,895,217
casual,electric_bike,2024,5,5,22,882,515
member,electric_bike,2024,3,6,19,589,719
casual,electric_scooter,2024,9,5,23,701,360
casual,electric_bike,2024,7,2,13,1090,1059
member,classic_bike,2024,11,7,13,748,1302
member,electric_bike,2024,11,2,4,556,52
member,electric_bike,2024,11,6,23,592,525
casual,electric_bike,2024,12,4,16,589,253
casual,electric_bike,2024,3,4,13,852,284
member,electric_bike,2024,7,4,4,546,98
casual,electric_bike,2024,8,6,16,983,2625
casual,classic_bike,2024,11,1,16,1542,623
casual,classic_bike,2024,3,6,23,1071,123
member,classic_bike,2024,5,5,18,900,2745
member,classic_bike,2024,10,7,21,1184,525
member,classic_bike,2024,11,4,21,622,315
member,classic_bike,2024,12,1,20,844,232
member,classic_bike,2024,2,7,15,963,722
member,electric_bike,2024,2,2,2,668,19
member,classic_bike,2024,3,4,15,698,970
member,classic_bike,2024,4,1,15,1074,1268
member,electric_bike,2024,7,1,12,839,1700
member,electric_bike,2024,5,3,2,779,41
member,classic_bike,2024,6,5,10,816,985
member,classic_bike,2024,7,2,15,817,1809
member,classic_bike,2024,3,7,7,717,334
member,classic_bike,2024,4,4,7,692,1207
member,classic_bike,2024,8,6,18,871,2766
member,classic_bike,2024,9,3,18,813,2717
casual,electric_bike,2024,1,6,12,643,93
member,electric_scooter,2024,9,4,13,451,408
casual,electric_bike,2024,2,4,21,464,74
member,electric_bike,2024,3,1,13,741,1036
casual,classic_bike,2024,4,3,9,1791,289
casual,electric_bike,2024,5,7,13,1329,1643
member,electric_bike,2024,6,4,4,839,64
casual,classic_bike,2024,7,6,0,1772,267
member,classic_bike,2024,11,5,22,782,289
member,electric_bike,2024,1,3,5,444,128
casual,electric_bike,2024,2,6,9,593,108
member,classic_bike,2024,6,5,16,815,2689
casual,electric_scooter,2024,9,4,13,647,529
casual,electric_bike,2024,11,7,16,806,733
member,classic_bike,2024,1,4,17,780,1763
casual,electric_bike,2024,3,2,8,558,234
member,classic_bike,2024,3,2,1,891,21
member,classic_bike,2024,4,7,8,814,635
casual,electric_bike,2024,4,1,13,1246,1188
casual,electric_bike,2024,7,4,4,527,64
member,classic_bike,2024,10,3,19,705,1743
casual,classic_bike,2024,9,6,12,1683,1024
member,electric_bike,2024,10,2,6,595,893
casual,classic_bike,2024,10,3,12,1882,634
member,electric_bike,2024,4,6,19,657,1109
casual,classic_bike,2024,9,4,1,924,43
casual,classic_bike,2024,10,1,1,2015,258
member,electric_bike,2024,5,2,1,647,143
casual,electric_bike,2024,9,3,22,777,478
member,electric_bike,2024,11,2,21,545,503
member,classic_bike,2024,1,5,18,838,906
casual,electric_bike,2024,7,5,14,1122,1165
casual,electric_bike,2024,1,5,2,368,10
member,electric_bike,2024,2,4,13,650,538
casual,electric_bike,2024,4,2,0,789,119
casual,electric_bike,2024,6,4,13,1000,976
member,electric_bike,2024,9,6,8,637,1915
member,classic_bike,2024,9,1,4,735,70
casual,electric_bike,2024,10,7,1,599,457
member,classic_bike,2024,12,2,21,630,290
casual,classic_bike,2024,12,7,15,1280,272
casual,electric_bike,2024,3,3,9,596,197
member,electric_bike,2024,4,5,9,562,997
casual,electric_bike,2024,6,6,1,695,230
casual,classic_bike,2024,8,6,15,1729,1876
member,electric_bike,2024,9,7,12,799,1970
casual,classic_bike,2024,9,3,20,1103,501
casual,classic_bike,2024,12,6,11,860,62
member,electric_bike,2024,2,1,21,610,206
casual,electric_bike,2024,2,5,8,528,223
member,classic_bike,2024,2,5,1,709,23
casual,classic_bike,2024,5,3,1,1144,51
casual,electric_bike,2024,6,7,5,885,109
member,classic_bike,2024,7,4,12,743,1588
member,electric_scooter,2024,9,3,12,448,293
casual,classic_bike,2024,10,2,11,1877,682
member,classic_bike,2024,1,1,2,577,23
member,electric_bike,2024,3,5,18,608,1356
casual,classic_bike,2024,3,7,10,1825,585
casual,classic_bike,2024,6,4,8,1058,576
member,electric_bike,2024,8,7,20,787,1548
member,electric_bike,2024,9,4,20,708,1387
casual,electric_bike,2024,1,2,7,496,91
member,classic_bike,2024,2,2,9,838,666
member,electric_bike,2024,7,3,23,726,480
casual,classic_bike,2024,8,5,5,992,101
casual,classic_bike,2024,11,2,3,760,13
member,electric_bike,2024,3,2,23,575,118
casual,electric_bike,2024,5,3,8,620,515
casual,electric_bike,2024,12,5,3,492,10
casual,classic_bike,2024,3,6,0,876,64
casual,classic_bike,2024,7,5,13,2032,1230
casual,classic_bike,2024,7,2,18,1489,1820
casual,electric_bike,2024,2,3,17,770,368
casual,electric_bike,2024,3,5,23,669,163
member,electric_bike,2024,4,2,14,673,1407
member,classic_bike,2024,4,3,3,1013,15
casual,electric_scooter,2024,9,1,21,902,592
casual,electric_bike,2024,10,2,18,710,935
member,classic_bike,2024,1,7,9,743,319
casual,electric_bike,2024,4,7,6,657,75
casual,electric_bike,2024,6,1,18,1116,1820
casual,electric_bike,2024,7,3,23,791,333
casual,electric_bike,2024,11,4,1,541,51
member,electric_scooter,2024,9,1,21,460,226
member,classic_bike,2024,10,4,20,811,1298
member,electric_bike,2024,6,1,12,843,2333
member,electric_bike,2024,2,3,12,607,562
member,classic_bike,2024,2,4,0,642,55
member,classic_bike,2024,3,1,0,852,188
member,classic_bike,2024,5,1,16,1026,1758
casual,classic_bike,2024,11,7,9,1427,446
member,classic_bike,2024,2,6,11,704,801
casual,electric_bike,2024,2,1,6,566,17
member,classic_bike,2024,3,3,11,651,592
member,electric_bike,2024,8,5,6,616,1195
casual,electric_bike,2024,3,7,14,1018,966
member,electric_bike,2024,10,5,21,621,1217
casual,classic_bike,2024,10,7,17,1854,1589
member,electric_bike,2024,11,6,6,703,710
casual,classic_bike,2024,12,5,1,1961,10
member,electric_bike,2024,12,3,6,583,583
member,classic_bike,2024,3,6,3,497,22
member,electric_bike,2024,4,7,20,619,782
casual,electric_bike,2024,4,2,23,692,183
casual,classic_bike,2024,9,1,9,2162,1044
casual,classic_bike,2024,12,4,0,807,16
member,classic_bike,2024,1,2,3,899,26
casual,classic_bike,2024,1,5,23,670,22
casual,electric_bike,2024,5,2,7,648,330
member,electric_bike,2024,5,7,4,693,74
casual,electric_bike,2024,10,3,16,805,1394
member,classic_bike,2024,4,5,17,791,2114
member,electric_bike,2024,7,3,0,693,196
member,classic_bike,2024,11,1,20,712,360
casual,electric_bike,2024,1,4,21,625,72
member,electric_bike,2024,5,4,12,657,1543
member,classic_bike,2024,7,5,10,823,934
casual,classic_bike,2024,11,5,18,769,243
casual,electric_bike,2024,1,7,13,553,85
casual,classic_bike,2024,1,4,2,521,2
member,electric_bike,2024,2,5,3,635,25
casual,classic_bike,2024,2,1,2,2455,41
member,electric_bike,2024,3,2,3,612,22
casual,classic_bike,2024,8,7,16,1801,3087
member,classic_bike,2024,10,6,11,646,1165
member,classic_bike,2024,11,3,11,689,779
casual,electric_bike,2024,4,5,15,802,518
member,electric_bike,2024,1,6,20,631,242
casual,electric_bike,2024,7,6,15,1155,1810
member,electric_bike,2024,3,6,2,403,56
casual,electric_bike,2024,3,6,4,588,22
casual,electric_scooter,2024,9,7,14,812,949
casual,electric_bike,2024,1,1,23,431,35
casual,classic_bike,2024,1,3,18,789,129
member,classic_bike,2024,10,3,16,756,3218
member,electric_bike,2024,5,2,21,678,695
casual,electric_bike,2024,9,3,2,548,60
casual,electric_bike,2024,2,2,13,981,155
member,electric_bike,2024,3,1,16,655,1001
member,classic_bike,2024,3,7,13,892,1555
member,classic_bike,2024,4,6,18,799,1216
casual,classic_bike,2024,4,1,1,2840,129
member,electric_bike,2024,6,4,7,691,1864
casual,classic_bike,2024,10,1,21,1327,227
casual,classic_bike,2024,1,7,17,1052,71
member,electric_bike,2024,1,5,19,528,505
casual,electric_bike,2024,1,6,9,443,57
casual,classic_bike,2024,2,5,4,501,8
member,classic_bike,2024,4,2,19,823,1477
casual,electric_scooter,2024,9,2,5,476,99
casual,classic_bike,2024,9,1,6,3680,193
member,classic_bike,2024,10,7,15,883,1712
member,classic_bike,2024,11,5,2,354,18
casual,classic_bike,2024,3,5,19,1379,197
casual,classic_bike,2024,2,7,9,1108,148
casual,classic_bike,2024,3,4,9,1219,156
casual,electric_bike,2024,6,5,20,855,1124
member,electric_bike,2024,4,6,16,634,1499
casual,electric_bike,2024,4,4,14,790,383
casual,classic_bike,2024,5,6,2,1513,57
casual,classic_bike,2024,6,3,1,1469,50
casual,electric_bike,2024,4,3,4,559,30
member,electric_bike,2024,6,2,13,675,1099
member,classic_bike,2024,6,3,2,1449,22
casual,classic_bike,2024,7,2,21,1594,688
casual,classic_bike,2024,12,2,3,774,3
casual,electric_bike,2024,1,3,17,533,197
member,classic_bike,2024,2,1,5,846,26
casual,electric_bike,2024,2,6,12,730,154
casual,electric_bike,2024,5,3,11,943,415
member,electric_scooter,2024,9,7,8,468,173
member,classic_bike,2024,10,5,10,642,1197
member,electric_bike,2024,2,4,16,700,1238
casual,electric_bike,2024,8,1,16,1134,1941
member,classic_bike,2024,9,1,7,1070,533
casual,classic_bike,2024,12,7,12,1282,197
casual,classic_bike,2024,4,4,16,1684,357
casual,classic_bike,2024,5,1,16,2139,1806
casual,classic_bike,2024,5,7,9,2010,1013
member,electric_scooter,2024,9,4,16,551,812
member,electric_bike,2024,10,7,12,754,1831
member,electric_bike,2024,11,4,12,523,935
member,electric_bike,2024,12,1,12,635,722
casual,classic_bike,2024,12,3,10,827,84
member,classic_bike,2024,2,5,4,508,46
casual,electric_bike,2024,2,5,5,374,19
member,electric_bike,2024,3,4,8,592,1632
casual,electric_bike,2024,3,2,5,395,53
member,classic_bike,2024,3,2,4,535,50
member,electric_bike,2024,4,1,7,743,209
casual,classic_bike,2024,7,5,10,2266,592
member,electric_bike,2024,8,3,18,727,2822
casual,classic_bike,2024,8,2,10,2043,561
casual,electric_bike,2024,9,1,8,1286,612
casual,classic_bike,2024,12,4,20,876,49
member,classic_bike,2024,5,3,10,719,672
casual,classic_bike,2024,6,7,0,1785,640
casual,classic_bike,2024,6,1,7,2272,282
member,electric_bike,2024,10,4,20,601,1442
casual,classic_bike,2024,1,6,10,1565,45
casual,classic_bike,2024,2,3,10,1464,149
casual,classic_bike,2024,8,2,13,2122,888
casual,electric_bike,2024,8,4,5,503,133
casual,electric_bike,2024,9,1,5,989,133
member,classic_bike,2024,2,3,10,761,591
member,electric_bike,2024,2,2,22,585,154
member,classic_bike,2024,5,6,2,511,47
casual,electric_bike,2024,6,3,3,1238,55
member,electric_bike,2024,6,3,0,723,134
member,classic_bike,2024,12,2,4,504,30
casual,classic_bike,2024,3,6,3,1495,12
member,electric_scooter,2024,9,6,10,470,247
casual,electric_bike,2024,3,3,12,762,250
casual,classic_bike,2024,6,6,16,1782,1678
member,classic_bike,2024,7,2,21,825,1044
member,classic_bike,2024,10,4,23,803,278
member,electric_bike,2024,1,4,9,658,554
member,electric_bike,2024,1,2,4,535,37
casual,electric_bike,2024,1,7,16,723,96
member,classic_bike,2024,5,1,13,991,1550
member,classic_bike,2024,1,5,21,773,258
casual,classic_bike,2024,2,4,17,1496,434
casual,classic_bike,2024,3,1,17,2015,697
casual,classic_bike,2024,3,2,4,9135,4
casual,electric_bike,2024,7,5,11,1049,749
casual,classic_bike,2024,7,7,7,1918,378
member,electric_bike,2024,8,7,14,865,2305
member,classic_bike,2024,11,4,15,631,1102
member,classic_bike,2024,12,1,14,765,687
casual,classic_bike,2024,1,1,1,3441,18
casual,electric_bike,2024,5,1,17,1109,1185
member,electric_bike,2024,7,1,6,631,216
casual,electric_bike,2024,10,6,17,863,1587
casual,classic_bike,2024,10,7,14,1926,2118
casual,classic_bike,2024,11,4,14,1428,255
member,electric_bike,2024,2,1,1,619,73
casual,classic_bike,2024,4,2,22,2044,181
casual,classic_bike,2024,9,7,22,1477,842
casual,electric_bike,2024,11,6,9,589,350
casual,electric_bike,2024,12,3,9,492,147
member,electric_bike,2024,12,6,1,559,60
member,electric_bike,2024,2,3,9,662,539
member,electric_bike,2024,5,6,0,546,287
member,classic_bike,2024,8,2,13,716,1146
member,electric_bike,2024,12,2,2,451,37
member,classic_bike,2024,1,4,14,945,665
member,classic_bike,2024,4,7,5,876,42
member,classic_bike,2024,6,6,17,891,2717
casual,electric_bike,2024,7,6,18,1052,1833
casual,classic_bike,2024,8,3,0,1442,128
casual,classic_bike,2024,12,5,4,495,6
member,electric_bike,2024,7,3,3,716,74
casual,electric_bike,2024,8,6,2,729,174
member,classic_bike,2024,11,1,23,747,140
member,classic_bike,2024,1,1,22,630,78
member,electric_bike,2024,5,7,7,682,498
member,electric_bike,2024,10,1,5,688,178
casual,electric_bike,2024,3,5,20,613,186
member,electric_bike,2024,4,7,23,621,491
casual,electric_bike,2024,4,2,20,714,481
member,classic_bike,2024,6,2,18,853,2790
casual,electric_bike,2024,9,4,23,870,370
member,classic_bike,2024,9,5,3,640,19
casual,electric_bike,2024,12,7,8,471,102
casual,electric_bike,2024,9,7,21,951,801
member,classic_bike,2024,9,2,5,711,292
casual,classic_bike,2024,6,7,23,1672,776
casual,classic_bike,2024,8,3,17,1540,1547
casual,electric_bike,2024,11,5,5,459,53
member,classic_bike,2024,5,7,6,923,226
casual,electric_bike,2024,6,6,18,1021,1672
casual,electric_bike,2024,6,4,7,686,587
member,electric_bike,2024,12,2,19,577,743
member,electric_bike,2024,7,2,13,644,1467
member,classic_bike,2024,8,5,11,689,1135
member,electric_bike,2024,8,4,22,748,860
casual,classic_bike,2024,8,1,6,2488,154
casual,electric_bike,2024,9,2,12,1126,1202
casual,classic_bike,2024,9,4,7,966,476
member,electric_bike,2024,10,5,4,575,71
casual,classic_bike,2024,10,6,10,2110,659
member,electric_bike,2024,11,7,13,657,1395
casual,classic_bike,2024,5,7,23,1819,565
member,electric_bike,2024,5,6,17,786,3205
member,classic_bike,2024,12,3,8,604,1087
member,classic_bike,2024,3,6,0,672,113
casual,classic_bike,2024,7,1,14,1999,2259
member,classic_bike,2024,8,7,22,855,959
member,electric_bike,2024,9,4,14,693,1582
casual,electric_bike,2024,12,7,14,908,355
casual,classic_bike,2024,4,5,20,1048,147
member,classic_bike,2024,7,1,14,989,1832
member,classic_bike,2024,10,6,17,837,2647
casual,electric_bike,2024,11,3,17,618,583
member,electric_bike,2024,1,3,11,810,234
member,classic_bike,2024,9,7,14,871,1791
member,electric_bike,2024,5,4,6,585,1331
casual,classic_bike,2024,5,5,12,1849,760
casual,classic_bike,2024,6,2,11,2296,714
member,electric_bike,2024,6,1,6,735,376
member,electric_bike,2024,10,3,16,702,3721
casual,classic_bike,2024,10,4,22,1371,310
casual,classic_bike,2024,11,1,22,1287,119
member,classic_bike,2024,12,5,19,650,295
member,electric_bike,2024,1,6,3,599,26
casual,electric_bike,2024,5,6,3,662,67
member,classic_bike,2024,6,7,21,890,834
casual,classic_bike,2024,7,6,17,1727,2321
casual,electric_bike,2024,8,2,20,826,880
casual,electric_bike,2024,8,3,1,860,152
casual,classic_bike,2024,11,6,2,744,29
casual,electric_bike,2024,12,2,5,355,42
casual,electric_bike,2024,5,7,7,929,246
casual,electric_bike,2024,7,1,6,937,153
casual,classic_bike,2024,9,2,13,2084,1439
member,electric_bike,2024,11,5,19,575,726
member,electric_bike,2024,2,5,20,633,415
member,electric_bike,2024,7,7,22,831,1101
casual,classic_bike,2024,7,4,6,960,221
casual,electric_bike,2024,8,5,12,1040,1109
member,electric_bike,2024,9,1,22,714,737
casual,classic_bike,2024,11,3,10,1228,196
member,electric_bike,2024,12,4,13,536,473
casual,electric_bike,2024,5,4,15,964,1198
member,classic_bike,2024,5,2,3,554,23
member,electric_bike,2024,6,3,17,779,3348
member,classic_bike,2024,7,7,7,901,671
casual,electric_bike,2024,8,7,6,847,248
casual,electric_bike,2024,10,1,8,1112,750
casual,classic_bike,2024,9,6,18,1438,1382
casual,classic_bike,2024,10,3,18,1196,971
member,electric_bike,2024,12,7,5,589,31
casual,electric_bike,2024,1,2,13,500,119
member,electric_bike,2024,2,7,8,614,195
member,electric_bike,2024,7,6,18,821,2380
casual,classic_bike,2024,8,5,11,2125,700
member,classic_bike,2024,10,4,6,671,982
casual,classic_bike,2024,4,7,8,1524,275
casual,classic_bike,2024,5,4,8,1289,587
member,classic_bike,2024,7,3,2,709,25
casual,electric_bike,2024,10,5,13,829,865
casual,electric_bike,2024,11,2,13,693,375
member,electric_bike,2024,1,4,15,572,701
member,electric_bike,2024,8,6,10,709,1408
member,electric_bike,2024,9,3,10,672,767
member,classic_bike,2024,4,7,22,1026,362
member,electric_bike,2024,10,1,22,589,428
member,classic_bike,2024,10,2,12,608,1264
member,classic_bike,2024,12,6,23,880,95
member,electric_bike,2024,8,1,7,777,478
member,electric_scooter,2024,9,3,9,449,523
member,classic_bike,2024,12,6,0,578,40
casual,electric_bike,2024,4,5,21,615,227
casual,classic_bike,2024,4,2,5,874,22
member,electric_bike,2024,6,5,11,709,1137
member,classic_bike,2024,7,6,17,906,2839
member,classic_bike,2024,8,4,7,728,2065
casual,electric_bike,2024,9,4,6,603,411
member,classic_bike,2024,3,5,19,633,851
member,electric_bike,2024,6,7,22,758,1164
member,classic_bike,2024,9,4,22,794,549
casual,electric_bike,2024,2,7,16,699,132
member,electric_bike,2024,5,1,14,858,1295
casual,classic_bike,2024,8,7,22,1551,1562
member,electric_scooter,2024,9,5,20,532,403
member,electric_bike,2024,10,6,8,651,1728
member,electric_bike,2024,11,3,8,582,1983
member,electric_bike,2024,1,2,21,549,196
member,classic_bike,2024,4,5,11,727,694
member,classic_bike,2024,4,6,1,1104,34
member,classic_bike,2024,11,2,4,628,20
member,classic_bike,2024,5,4,14,786,1485
member,classic_bike,2024,6,1,14,1044,2420
casual,electric_scooter,2024,9,6,10,663,391
casual,electric_scooter,2024,9,5,20,805,481
casual,electric_bike,2024,9,6,17,865,1836
member,electric_bike,2024,4,3,1,500,70
member,electric_bike,2024,9,5,4,973,82
member,classic_bike,2024,1,7,15,723,379
member,classic_bike,2024,3,1,14,891,1314
member,classic_bike,2024,6,4,6,720,923
casual,electric_bike,2024,7,3,17,894,2000
member,electric_bike,2024,7,4,7,657,2160
casual,electric_bike,2024,7,7,22,982,1132
casual,classic_bike,2024,10,1,7,2791,475
casual,classic_bike,2024,2,5,21,757,122
casual,classic_bike,2024,6,4,22,1611,665
member,classic_bike,2024,8,3,17,855,3582
member,classic_bike,2024,11,6,9,619,941
casual,electric_bike,2024,12,5,20,511,73
member,electric_bike,2024,1,1,0,580,86
casual,electric_bike,2024,5,1,0,803,530
casual,electric_bike,2024,10,3,2,810,80
member,classic_bike,2024,1,3,10,574,356
casual,electric_bike,2024,10,4,23,625,287
casual,electric_bike,2024,11,1,23,814,151
member,classic_bike,2024,2,1,22,602,254
member,electric_bike,2024,2,2,5,510,87
casual,classic_bike,2024,3,7,7,1125,62
member,classic_bike,2024,5,5,21,750,1048
member,electric_bike,2024,2,1,18,738,314
member,electric_bike,2024,5,4,9,673,1609
casual,classic_bike,2024,5,3,4,665,9
casual,classic_bike,2024,11,1,19,787,162
member,classic_bike,2024,12,1,0,574,111
member,electric_bike,2024,1,3,8,554,731
member,electric_bike,2024,11,2,1,619,100
member,classic_bike,2024,2,2,6,618,603
casual,electric_bike,2024,4,2,3,467,27
member,classic_bike,2024,11,3,14,628,798
casual,electric_bike,2024,2,4,1,450,16
casual,electric_bike,2024,8,2,17,898,1714
casual,electric_bike,2024,8,3,4,694,59
casual,electric_bike,2024,3,4,16,678,549
casual,electric_bike,2024,4,1,16,1377,1160
member,classic_bike,2024,3,2,21,696,387
member,classic_bike,2024,9,7,17,874,1687
member,electric_scooter,2024,9,2,5,360,70
casual,classic_bike,2024,9,4,4,374,17
member,classic_bike,2024,10,5,4,911,30
casual,classic_bike,2024,10,1,4,1353,68
casual,classic_bike,2024,4,5,17,1550,481
casual,classic_bike,2024,4,3,12,1769,421
casual,classic_bike,2024,5,2,17,1844,1084
member,electric_bike,2024,6,4,1,701,97
member,electric_bike,2024,11,3,11,574,824
member,electric_bike,2024,12,2,16,622,1720
member,classic_bike,2024,2,3,16,784,2120
casual,classic_bike,2024,1,3,12,879,58
casual,classic_bike,2024,4,6,4,750,7
member,electric_bike,2024,8,6,13,693,2191
member,classic_bike,2024,8,1,9,915,1186
member,classic_bike,2024,11,4,1,787,30
casual,classic_bike,2024,2,1,22,767,120
casual,classic_bike,2024,2,7,15,1218,298
member,electric_bike,2024,9,7,15,824,1865
member,electric_scooter,2024,9,1,18,576,523
casual,classic_bike,2024,9,3,17,1399,1347
casual,classic_bike,2024,12,6,8,1287,61
casual,electric_bike,2024,3,5,3,463,13
member,electric_bike,2024,5,3,22,651,538
member,classic_bike,2024,8,7,2,870,174
casual,classic_bike,2024,11,2,6,596,105
member,electric_bike,2024,1,6,0,546,50
casual,electric_bike,2024,5,6,6,606,277
casual,electric_bike,2024,11,5,8,511,348
casual,electric_bike,2024,12,2,8,447,257
casual,electric_bike,2024,5,1,23,918,257
casual,electric_bike,2024,6,7,8,934,740
casual,electric_bike,2024,7,4,7,635,676
casual,classic_bike,2024,7,5,16,1938,1708
casual,electric_bike,2024,10,1,5,862,215
member,electric_bike,2024,4,5,12,583,940
member,classic_bike,2024,6,6,0,929,192
casual,electric_bike,2024,12,5,0,553,36
casual,electric_bike,2024,1,5,5,404,29
casual,classic_bike,2024,2,6,5,539,38
member,electric_bike,2024,7,3,20,707,1562
casual,classic_bike,2024,8,5,8,1221,597
member,electric_bike,2024,9,6,5,559,283
casual,classic_bike,2024,5,6,19,1638,1367
casual,classic_bike,2024,6,4,5,1568,99
member,classic_bike,2024,6,1,11,986,2102
casual,classic_bike,2024,7,2,15,2053,1333
casual,classic_bike,2024,8,4,21,1511,704
member,classic_bike,2024,10,7,1,995,234
member,classic_bike,2024,1,2,23,636,66
member,electric_bike,2024,3,2,20,584,569
casual,classic_bike,2024,3,4,15,1358,299
casual,classic_bike,2024,4,7,14,2073,1453
member,classic_bike,2024,4,5,14,671,713
casual,classic_bike,2024,4,2,2,891,7
member,electric_bike,2024,8,5,3,867,80
member,classic_bike,2024,1,7,12,824,454
member,electric_bike,2024,5,1,17,805,1301
casual,electric_bike,2024,6,1,15,1295,2819
member,classic_bike,2024,9,4,2,3695,25
casual,electric_bike,2024,2,3,14,897,222
casual,electric_bike,2024,3,1,1,658,144
member,classic_bike,2024,4,3,0,1064,90
casual,electric_bike,2024,10,4,6,482,390
member,electric_bike,2024,11,6,3,660,64
member,electric_bike,2024,12,3,3,739,28
member,classic_bike,2024,2,6,8,646,1181
member,classic_bike,2024,3,3,8,795,1630
casual,electric_bike,2024,4,7,9,985,531
member,classic_bike,2024,5,1,19,955,1266
member,electric_bike,2024,5,7,1,612,283
member,electric_bike,2024,10,6,11,641,1344
member,electric_bike,2024,11,5,16,721,1659
casual,classic_bike,2024,11,7,12,1810,772
member,classic_bike,2024,3,5,22,709,288
casual,classic_bike,2024,6,3,18,1531,1597
casual,classic_bike,2024,11,5,21,1063,123
casual,classic_bike,2024,2,5,18,857,328
member,classic_bike,2024,2,1,19,632,369
member,classic_bike,2024,5,4,11,827,1404
member,electric_bike,2024,6,1,9,766,1397
casual,classic_bike,2024,7,7,21,1950,1281
member,electric_bike,2024,3,3,7,554,1134
member,classic_bike,2024,9,2,11,791,1556
casual,electric_bike,2024,2,1,23,579,29
member,classic_bike,2024,7,3,22,833,619
casual,classic_bike,2024,7,3,2,2259,31
member,classic_bike,2024,10,6,14,710,1492
casual,electric_bike,2024,8,7,23,930,1242
casual,classic_bike,2024,1,1,7,479,8
casual,electric_bike,2024,1,4,18,544,172
member,electric_bike,2024,1,6,23,541,108
member,classic_bike,2024,11,6,6,661,520
member,classic_bike,2024,12,3,5,521,124
casual,electric_bike,2024,12,5,23,508,79
casual,electric_bike,2024,4,5,18,622,655
member,classic_bike,2024,5,2,20,758,916
casual,electric_scooter,2024,9,4,16,675,1075
casual,electric_bike,2024,6,6,21,860,909
casual,electric_bike,2024,7,3,20,836,1010
casual,classic_bike,2024,1,7,14,1181,93
member,classic_bike,2024,4,2,22,1043,308
member,classic_bike,2024,7,5,13,939,1258
member,electric_bike,2024,8,2,11,671,1003
member,classic_bike,2024,8,3,0,1167,85
member,electric_bike,2024,10,7,15,785,1858
casual,classic_bike,2024,11,6,8,915,265
member,electric_bike,2024,11,5,2,582,37
casual,classic_bike,2024,3,2,18,1628,461
member,electric_bike,2024,6,6,15,750,2052
casual,classic_bike,2024,6,7,20,1952,1217
casual,classic_bike,2024,6,5,9,1736,506
casual,electric_bike,2024,12,2,22,533,120
casual,classic_bike,2024,1,5,3,1503,1
casual,electric_bike,2024,10,5,7,546,707
member,classic_bike,2024,3,6,23,634,235
casual,electric_bike,2024,6,2,19,887,1176
member,classic_bike,2024,9,4,16,835,2882
member,electric_bike,2024,4,4,8,595,1732
casual,electric_bike,2024,11,1,6,779,118
casual,classic_bike,2024,12,1,19,954,85
casual,electric_bike,2024,1,4,1,440,22
member,classic_bike,2024,1,2,6,860,419
casual,electric_bike,2024,5,2,4,754,46
member,classic_bike,2024,6,7,4,1284,61
member,classic_bike,2024,7,7,1,721,249
casual,electric_bike,2024,10,3,19,677,807
casual,classic_bike,2024,12,2,6,608,24
member,electric_bike,2024,1,5,22,609,179
casual,classic_bike,2024,2,4,14,1458,212
casual,classic_bike,2024,5,1,13,2397,1500
casual,classic_bike,2024,5,7,6,1720,104
member,electric_bike,2024,7,5,11,745,1100
member,classic_bike,2024,7,6,0,781,191
casual,classic_bike,2024,8,4,4,1358,19
member,electric_bike,2024,11,4,15,653,1456
member,classic_bike,2024,11,5,5,698,161
casual,classic_bike,2024,2,2,3,753,6
member,electric_bike,2024,5,2,18,715,1695
member,classic_bike,2024,5,3,7,769,1897
casual,electric_bike,2024,7,3,3,605,64
member,electric_bike,2024,9,2,3,669,104
casual,electric_bike,2024,11,2,7,495,319
member,classic_bike,2024,4,3,23,652,163
casual,classic_bike,2024,5,5,18,1628,1350
member,electric_scooter,2024,9,6,7,460,346
member,electric_bike,2024,12,5,17,652,1164
casual,electric_bike,2024,9,5,10,855,484
casual,electric_bike,2024,10,2,15,909,878
member,electric_bike,2024,1,1,17,801,265
casual,classic_bike,2024,1,6,13,1112,112
casual,classic_bike,2024,2,3,13,1418,257
member,electric_bike,2024,8,3,12,578,1299
casual,electric_bike,2024,8,1,13,1188,1946
casual,electric_bike,2024,8,4,8,626,776
member,classic_bike,2024,10,4,0,616,116
member,classic_bike,2024,11,1,0,645,174
casual,electric_bike,2024,4,6,5,496,59
casual,classic_bike,2024,4,1,21,1464,207
member,electric_bike,2024,11,1,20,601,517
member,electric_bike,2024,11,7,7,657,377
member,electric_bike,2024,12,4,7,525,961
member,electric_bike,2024,1,7,10,714,241
casual,classic_bike,2024,3,3,5,501,19
member,electric_bike,2024,5,6,23,716,762
member,electric_bike,2024,6,3,23,727,419
casual,electric_bike,2024,8,7,0,814,1035
casual,electric_bike,2024,9,4,0,632,214
member,classic_bike,2024,10,1,8,777,754
casual,classic_bike,2024,3,1,14,2220,957
member,electric_bike,2024,5,5,13,615,1503
casual,classic_bike,2024,7,7,4,1738,54
member,electric_bike,2024,12,1,15,687,749
member,classic_bike,2024,3,1,20,626,337
member,classic_bike,2024,7,4,9,761,1637
member,classic_bike,2024,8,6,15,811,2232
casual,classic_bike,2024,1,4,22,674,49
casual,electric_bike,2024,6,6,4,628,69
member,classic_bike,2024,11,2,10,642,729
casual,classic_bike,2024,12,5,21,896,26
member,electric_bike,2024,4,7,0,553,306
casual,classic_bike,2024,5,2,23,1878,137
member,electric_bike,2024,7,1,9,730,778
member,electric_bike,2024,10,4,0,546,197
member,electric_bike,2024,10,3,10,614,1017
casual,classic_bike,2024,10,5,6,871,189
casual,classic_bike,2024,1,2,11,1122,98
casual,electric_bike,2024,5,5,19,851,1101
member,classic_bike,2024,12,2,1,431,26
member,electric_bike,2024,3,7,9,673,861
member,classic_bike,2024,5,6,22,842,703
member,classic_bike,2024,6,3,22,1046,568
casual,electric_bike,2024,8,6,19,913,1745
casual,electric_bike,2024,9,3,19,791,936
casual,electric_bike,2024,11,6,12,863,611
member,classic_bike,2024,2,5,21,660,530
casual,classic_bike,2024,6,6,19,1556,1251
member,electric_bike,2024,9,7,9,684,1377
member,classic_bike,2024,8,4,1,1349,40
member,classic_bike,2024,9,1,1,917,340
casual,electric_bike,2024,12,6,4,553,24
casual,classic_bike,2024,3,6,20,1321,134
member,classic_bike,2024,6,2,21,926,764
member,electric_bike,2024,10,2,9,587,1175
member,classic_bike,2024,2,4,20,733,604
member,electric_bike,2024,8,1,1,664,474
casual,electric_scooter,2024,9,3,12,685,417
member,classic_bike,2024,9,3,15,757,1478
member,classic_bike,2024,12,6,6,613,179
member,classic_bike,2024,7,2,18,844,3652
member,electric_bike,2024,10,5,1,557,133
casual,electric_bike,2024,2,4,18,592,215
casual,electric_bike,2024,9,6,11,1015,832
member,classic_bike,2024,9,6,7,682,1428
casual,classic_bike,2024,9,4,21,1065,486
member,electric_bike,2024,11,1,0,549,358
member,classic_bike,2024,1,6,8,656,501
casual,classic_bike,2024,4,5,3,840,6
member,classic_bike,2024,8,2,10,763,841
casual,electric_bike,2024,10,7,21,901,587
casual,electric_bike,2024,11,4,21,604,177
member,electric_bike,2024,12,6,18,593,777
casual,electric_bike,2024,12,1,21,671,79
member,classic_bike,2024,12,7,7,673,129
member,classic_bike,2024,6,5,13,734,1251
member,classic_bike,2024,11,7,16,798,1099
casual,electric_bike,2024,11,7,13,891,793
member,classic_bike,2024,12,4,15,660,512
casual,electric_bike,2024,12,4,13,546,159
member,classic_bike,2024,2,7,12,817,780
member,classic_bike,2024,3,4,12,665,746
member,classic_bike,2024,4,1,12,955,1384
member,classic_bike,2024,7,6,23,829,498
casual,classic_bike,2024,9,3,0,993,97
member,classic_bike,2024,6,2,15,813,1474
casual,classic_bike,2024,7,1,11,2184,1711
member,classic_bike,2024,8,7,19,976,1762
member,electric_bike,2024,9,4,17,773,3894
member,classic_bike,2024,9,5,6,703,951
casual,classic_bike,2024,9,6,15,1634,1152
casual,classic_bike,2024,10,4,2,2102,26
casual,electric_bike,2024,12,7,11,643,233
member,electric_bike,2024,12,7,8,569,296
casual,classic_bike,2024,2,2,23,759,36
casual,classic_bike,2024,5,5,15,1844,708
casual,electric_bike,2024,5,2,1,1070,134
member,electric_bike,2024,7,7,2,667,213
casual,electric_bike,2024,8,5,15,936,1432
casual,classic_bike,2024,11,3,7,691,206
casual,electric_bike,2024,3,1,18,882,357
casual,classic_bike,2024,4,3,6,891,125
casual,electric_bike,2024,6,4,10,1135,553
member,electric_bike,2024,6,6,12,732,1517
casual,electric_bike,2024,9,7,1,672,489
member,electric_bike,2024,12,2,22,569,269
member,electric_bike,2024,1,6,6,542,292
casual,classic_bike,2024,7,6,20,1889,1385
member,electric_bike,2024,8,2,8,642,1827
casual,classic_bike,2024,8,3,20,1346,583
member,classic_bike,2024,6,7,1,646,259
casual,electric_bike,2024,10,1,11,1142,1622
member,classic_bike,2024,11,6,12,645,1157
member,classic_bike,2024,12,3,11,605,434
member,classic_bike,2024,12,5,16,645,752
casual,electric_bike,2024,12,3,12,638,185
member,electric_bike,2024,7,2,16,707,2995
member,electric_bike,2024,5,1,11,783,973
member,classic_bike,2024,5,7,9,933,1332
casual,electric_scooter,2024,9,3,15,768,618
casual,classic_bike,2024,11,4,17,831,309
casual,classic_bike,2024,1,2,8,498,81
member,electric_bike,2024,3,5,15,597,1050
member,electric_bike,2024,8,7,17,874,2369
casual,electric_bike,2024,9,5,7,634,773
member,classic_bike,2024,9,4,19,791,2069
casual,classic_bike,2024,10,3,15,1756,738
member,classic_bike,2024,5,2,0,982,132
casual,electric_bike,2024,5,4,18,874,1753
casual,classic_bike,2024,6,2,14,1790,870
member,classic_bike,2024,7,7,4,1019,55
member,electric_bike,2024,10,3,13,599,1479
casual,electric_bike,2024,9,2,15,1051,1538
casual,classic_bike,2024,10,6,7,872,240
casual,classic_bike,2024,4,5,23,1112,58
casual,electric_bike,2024,5,7,10,1209,1164
casual,electric_bike,2024,7,1,9,1014,538
casual,classic_bike,2024,9,2,16,1607,1674
member,electric_bike,2024,11,5,22,586,418
casual,electric_bike,2024,11,1,3,648,91
member,electric_bike,2024,4,2,17,707,2947
casual,electric_bike,2024,11,5,2,539,51
casual,electric_bike,2024,12,2,2,696,30
casual,classic_bike,2024,1,6,7,1860,40
member,electric_bike,2024,5,6,20,659,1424
member,electric_bike,2024,6,3,20,689,1298
casual,classic_bike,2024,10,2,8,1008,416
member,electric_bike,2024,2,5,23,577,160
casual,electric_bike,2024,3,3,15,766,425
member,classic_bike,2024,7,3,5,908,474
casual,electric_bike,2024,10,5,10,780,533
casual,electric_bike,2024,11,2,10,821,303
member,electric_bike,2024,1,1,20,507,164
casual,electric_bike,2024,1,2,10,568,88
casual,electric_bike,2024,2,5,2,583,25
member,electric_bike,2024,7,6,15,761,2174
member,electric_bike,2024,8,3,15,726,1782
member,classic_bike,2024,10,4,3,454,17
member,classic_bike,2024,11,1,3,493,35
member,classic_bike,2024,3,5,16,718,1368
casual,classic_bike,2024,4,4,13,1919,197
casual,classic_bike,2024,5,2,0,1913,136
member,electric_bike,2024,6,7,19,839,1436
casual,electric_bike,2024,12,1,18,679,183
casual,classic_bike,2024,12,3,13,1187,116
member,electric_bike,2024,4,7,3,502,73
casual,electric_bike,2024,7,1,12,1231,1579
member,classic_bike,2024,8,4,4,631,40
member,electric_bike,2024,9,1,2,666,313
casual,classic_bike,2024,6,2,17,1616,1541
member,classic_bike,2024,8,6,12,769,1815
member,electric_bike,2024,11,3,5,483,262
casual,classic_bike,2024,11,5,1,1979,32
member,classic_bike,2024,3,6,6,609,461
member,classic_bike,2024,4,3,6,657,861
member,electric_bike,2024,9,5,1,630,91
member,classic_bike,2024,10,2,9,677,1142
casual,electric_bike,2024,3,7,11,1036,677
casual,electric_scooter,2024,9,6,7,472,390
casual,electric_bike,2024,9,6,14,967,1313
member,electric_bike,2024,12,5,14,612,490
casual,electric_bike,2024,2,1,3,710,14
casual,classic_bike,2024,8,6,12,1856,1758
member,classic_bike,2024,6,4,9,762,1243
casual,electric_bike,2024,8,6,22,853,1109
member,electric_scooter,2024,9,5,23,582,175
member,classic_bike,2024,4,2,16,820,2175
casual,classic_bike,2024,4,5,0,2692,30
casual,classic_bike,2024,9,7,2,2291,165
casual,electric_bike,2024,11,4,18,562,382
casual,classic_bike,2024,11,1,2,1073,60
member,electric_bike,2024,12,6,21,533,276
member,classic_bike,2024,12,7,10,667,468
casual,electric_bike,2024,3,1,21,745,123
member,electric_bike,2024,8,4,2,538,64
casual,classic_bike,2024,3,5,16,1197,361
casual,classic_bike,2024,8,7,19,1732,1909
member,classic_bike,2024,9,3,12,691,1119
member,classic_bike,2024,12,6,3,1260,5
member,electric_bike,2024,3,6,5,488,176
member,electric_bike,2024,4,3,4,638,65
casual,electric_scooter,2024,9,1,18,914,1026
member,electric_bike,2024,2,2,8,580,686
casual,electric_bike,2024,5,6,23,841,672
casual,electric_bike,2024,6,3,23,858,357
member,classic_bike,2024,7,6,20,923,1435
member,electric_bike,2024,8,5,23,699,707
member,classic_bike,2024,8,3,20,835,1081
member,electric_bike,2024,9,2,23,678,394
member,classic_bike,2024,1,3,7,836,775
casual,classic_bike,2024,10,5,23,1326,288
casual,classic_bike,2024,11,2,23,779,53
member,classic_bike,2024,2,4,17,741,2339
member,electric_bike,2024,2,5,0,646,75
member,electric_bike,2024,3,2,0,561,87
member,classic_bike,2024,3,1,17,783,1050
member,electric_bike,2024,1,5,16,610,1103
member,classic_bike,2024,1,6,5,643,122
casual,classic_bike,2024,2,5,1,1443,15
casual,electric_bike,2024,10,7,18,867,1263
member,electric_bike,2024,2,4,19,583,509
member,electric_bike,2024,2,6,7,587,416
casual,classic_bike,2024,2,7,12,1270,306
member,electric_bike,2024,4,1,10,685,969
casual,classic_bike,2024,12,4,17,679,91
casual,electric_bike,2024,1,1,3,834,14
casual,classic_bike,2024,3,7,4,1621,9
member,electric_bike,2024,6,2,16,737,2649
casual,classic_bike,2024,6,3,21,1516,573
member,classic_bike,2024,1,1,19,532,214
member,classic_bike,2024,4,6,21,812,436
casual,electric_bike,2024,4,4,11,734,250
casual,electric_bike,2024,4,6,22,806,299
casual,electric_bike,2024,5,5,2,702,86
casual,electric_bike,2024,6,2,2,797,87
casual,classic_bike,2024,1,5,9,1315,73
casual,electric_bike,2024,1,3,14,604,111
casual,electric_bike,2024,7,2,16,989,1711
member,electric_bike,2024,8,5,9,675,1577
member,electric_bike,2024,9,2,9,651,1504
member,classic_bike,2024,10,5,7,666,1932
casual,electric_bike,2024,2,7,19,728,98
member,electric_bike,2024,3,6,22,600,356
casual,electric_bike,2024,3,4,19,552,226
member,electric_bike,2024,4,3,21,616,894
casual,classic_bike,2024,4,6,7,730,123
casual,classic_bike,2024,5,3,7,913,350
casual,classic_bike,2024,1,7,20,3443,27
casual,classic_bike,2024,3,2,1,1202,14
member,electric_scooter,2024,9,4,19,540,590
casual,electric_scooter,2024,9,2,8,508,570
member,electric_bike,2024,3,1,19,682,594
casual,classic_bike,2024,3,4,12,1624,299
casual,classic_bike,2024,6,7,3,1934,122
member,electric_scooter,2024,9,7,11,548,396
casual,electric_scooter,2024,9,5,0,191,2
member,electric_bike,2024,3,4,11,659,657
casual,electric_bike,2024,9,1,11,1113,1610
casual,electric_bike,2024,3,6,7,458,140
casual,electric_bike,2024,4,3,7,582,488
member,classic_bike,2024,5,6,5,687,300
casual,electric_bike,2024,6,3,6,603,319
member,classic_bike,2024,6,3,5,713,344
member,classic_bike,2024,12,6,20,696,173
casual,electric_bike,2024,2,2,10,1112,86
casual,classic_bike,2024,2,3,7,1040,162
member,electric_bike,2024,4,4,2,555,38
casual,electric_bike,2024,7,7,2,729,367
casual,classic_bike,2024,8,2,16,1649,1075
casual,classic_bike,2024,9,5,8,1008,678
casual,electric_bike,2024,2,6,15,651,202
member,electric_bike,2024,4,5,15,610,1410
casual,classic_bike,2024,5,4,11,2382,725
casual,classic_bike,2024,6,1,10,2254,1892
member,electric_bike,2024,10,4,17,748,4370
member,electric_bike,2024,11,1,17,672,940
casual,classic_bike,2024,12,6,5,500,7
casual,classic_bike,2024,1,3,15,1712,130
casual,electric_bike,2024,3,2,2,672,27
casual,electric_bike,2024,3,1,4,441,29
casual,electric_bike,2024,7,5,8,787,642
member,classic_bike,2024,11,4,18,701,1044
member,electric_bike,2024,1,4,12,575,498
casual,electric_bike,2024,1,5,8,541,180
member,electric_bike,2024,1,2,1,642,145
member,electric_bike,2024,9,3,13,623,1036
casual,classic_bike,2024,9,7,19,1344,1044
member,classic_bike,2024,2,1,2,1737,58
member,classic_bike,2024,3,3,5,591,145
casual,classic_bike,2024,6,6,13,2069,1166
casual,electric_bike,2024,12,4,19,524,120
member,electric_bike,2024,2,7,11,773,321
casual,electric_bike,2024,5,1,20,966,532
member,classic_bike,2024,6,6,20,847,1276
casual,electric_bike,2024,8,3,21,823,748
casual,electric_bike,2024,10,4,3,496,43
member,classic_bike,2024,2,3,13,697,828
casual,classic_bike,2024,5,6,22,1869,701
member,electric_bike,2024,7,5,8,676,1937
member,classic_bike,2024,8,2,16,821,2306
casual,electric_bike,2024,1,7,19,516,74
member,electric_bike,2024,4,6,13,550,1120
casual,electric_bike,2024,6,5,17,895,2013
member,electric_bike,2024,7,7,19,837,1552
casual,classic_bike,2024,8,7,2,1849,323
member,classic_bike,2024,1,5,1,964,11
member,classic_bike,2024,7,1,11,858,1565
casual,electric_bike,2024,10,6,14,1002,1177
casual,electric_bike,2024,2,4,4,288,8
member,classic_bike,2024,5,5,15,861,1569
member,classic_bike,2024,10,7,18,834,1326
member,classic_bike,2024,12,1,17,631,455
casual,classic_bike,2024,10,4,19,1049,662
member,classic_bike,2024,2,6,5,588,196
member,electric_scooter,2024,9,2,8,501,696
member,classic_bike,2024,9,2,8,699,2542
casual,electric_bike,2024,11,7,19,676,401
member,classic_bike,2024,12,4,9,658,492
casual,classic_bike,2024,1,1,4,486,5
member,electric_bike,2024,6,7,2,650,302
casual,electric_scooter,2024,9,7,11,843,702
member,classic_bike,2024,3,7,10,824,1144
member,classic_bike,2024,4,4,10,703,590
casual,classic_bike,2024,7,3,5,964,122
member,electric_bike,2024,10,1,2,581,297
member,electric_bike,2024,5,3,5,507,314
member,classic_bike,2024,5,2,23,1106,154
casual,electric_scooter,2024,9,4,19,728,724
casual,electric_bike,2024,9,7,18,1006,1484
member,electric_bike,2024,10,5,7,606,2602
member,electric_bike,2024,11,2,7,557,1287
casual,classic_bike,2024,12,1,2,1317,51
member,classic_bike,2024,4,7,2,754,39
casual,electric_bike,2024,8,2,0,951,335
member,classic_bike,2024,9,6,13,661,1369
member,electric_bike,2024,2,7,22,543,112
member,electric_bike,2024,3,5,9,539,697
casual,classic_bike,2024,7,2,4,540,32
casual,classic_bike,2024,9,7,8,1585,591
member,electric_bike,2024,12,6,15,663,835
member,classic_bike,2024,12,7,4,558,14
member,classic_bike,2024,3,6,20,655,449
casual,classic_bike,2024,3,1,3,1574,44
casual,electric_bike,2024,4,5,7,507,306
casual,classic_bike,2024,11,4,0,707,45
casual,classic_bike,2024,1,4,11,2498,97
casual,electric_bike,2024,1,2,16,607,209
casual,classic_bike,2024,2,3,16,1520,548
casual,electric_bike,2024,3,7,20,730,275
casual,classic_bike,2024,6,7,17,1867,1917
casual,classic_bike,2024,11,4,23,824,37
member,electric_bike,2024,1,6,12,715,342
member,classic_bike,2024,1,7,1,2692,61
member,electric_bike,2024,8,3,1,715,98
casual,electric_bike,2024,5,6,17,971,2056
member,classic_bike,2024,5,1,22,820,305
casual,electric_bike,2024,6,3,17,889,1805
casual,electric_bike,2024,10,1,17,972,1078
member,electric_bike,2024,4,5,0,597,155
member,electric_bike,2024,7,3,9,673,1557
casual,electric_bike,2024,6,4,4,688,53
casual,electric_bike,2024,7,1,3,872,160
casual,electric_bike,2024,10,2,4,581,31
casual,electric_bike,2024,11,1,9,878,455
member,classic_bike,2024,3,5,10,706,484
member,electric_bike,2024,4,2,8,609,1978
casual,classic_bike,2024,9,6,21,1116,532
member,classic_bike,2024,12,6,17,679,621
member,classic_bike,2024,4,3,20,875,971
casual,electric_bike,2024,4,7,12,1110,1218
member,electric_bike,2024,4,5,23,632,302
member,electric_bike,2024,2,5,17,672,1308
casual,electric_bike,2024,5,3,2,885,55
member,classic_bike,2024,7,3,11,734,1281
casual,electric_bike,2024,11,2,19,552,278
casual,classic_bike,2024,1,6,16,1552,103
casual,electric_bike,2024,4,4,20,688,306
member,classic_bike,2024,5,7,15,1094,2058
casual,classic_bike,2024,8,2,19,1415,1083
member,electric_bike,2024,9,3,16,748,3125
member,electric_scooter,2024,9,7,22,642,326
casual,electric_bike,2024,9,6,23,763,675
casual,classic_bike,2024,10,7,23,1143,362
member,electric_bike,2024,11,6,0,534,212
member,classic_bike,2024,1,1,8,786,179
casual,classic_bike,2024,5,1,10,2187,1002
member,classic_bike,2024,7,6,3,529,32
member,classic_bike,2024,8,3,3,750,22
casual,classic_bike,2024,12,3,4,835,16
member,electric_bike,2024,6,5,0,634,237
member,classic_bike,2024,9,4,5,663,319
casual,electric_bike,2024,2,6,18,639,140
casual,classic_bike,2024,3,4,18,1032,316
casual,classic_bike,2024,6,5,20,1617,865
casual,electric_bike,2024,8,5,21,784,1075
casual,electric_bike,2024,9,2,21,807,721
member,classic_bike,2024,4,6,12,721,919
casual,classic_bike,2024,4,3,0,2766,38
member,classic_bike,2024,7,7,13,1009,1968
member,classic_bike,2024,8,4,13,769,1240
member,classic_bike,2024,9,1,13,895,1628
member,classic_bike,2024,10,2,23,886,163
casual,classic_bike,2024,1,2,14,1404,124
member,classic_bike,2024,3,4,23,616,135
member,classic_bike,2024,4,2,10,674,840
member,electric_bike,2024,4,1,21,587,474
member,electric_bike,2024,10,7,3,707,150
casual,classic_bike,2024,11,1,8,1296,239
casual,electric_bike,2024,12,2,11,874,185
casual,classic_bike,2024,1,7,3,836,10
member,electric_bike,2024,2,4,7,668,804
casual,classic_bike,2024,8,3,6,1008,245
member,electric_bike,2024,10,3,7,643,2686
casual,electric_bike,2024,11,7,2,606,178
casual,classic_bike,2024,5,3,15,1513,503
casual,electric_bike,2024,10,5,19,626,946
member,electric_bike,2024,4,6,10,553,772
member,classic_bike,2024,6,4,15,831,1604
member,electric_bike,2024,8,6,16,768,3390
member,electric_scooter,2024,9,5,17,577,1128
member,classic_bike,2024,11,3,2,778,18
member,electric_bike,2024,7,6,1,772,196
member,classic_bike,2024,9,5,15,719,1617
member,classic_bike,2024,6,5,2,1606,26
casual,classic_bike,2024,12,6,19,740,71
member,classic_bike,2024,2,5,18,698,1716
member,classic_bike,2024,3,2,18,771,1728
casual,electric_bike,2024,1,7,22,650,38
casual,classic_bike,2024,8,5,20,1219,1063
member,electric_bike,2024,2,2,16,740,973
member,classic_bike,2024,2,7,23,715,174
member,classic_bike,2024,2,3,4,1714,36
member,electric_bike,2024,3,4,22,584,308
member,classic_bike,2024,4,1,23,692,117
casual,classic_bike,2024,7,1,17,1807,1520
casual,electric_bike,2024,9,6,0,659,362
casual,electric_scooter,2024,9,7,20,859,718
casual,classic_bike,2024,10,4,8,801,665
casual,electric_bike,2024,1,3,3,527,6
casual,classic_bike,2024,2,4,3,1212,7
casual,classic_bike,2024,7,6,6,965,212
member,classic_bike,2024,10,3,10,693,999
casual,electric_bike,2024,12,4,2,328,22
casual,classic_bike,2024,4,6,15,1566,430
casual,classic_bike,2024,10,7,0,1370,344
casual,classic_bike,2024,2,1,11,1579,337
casual,classic_bike,2024,5,5,6,1224,163
member,electric_bike,2024,10,2,20,596,932
casual,electric_bike,2024,10,7,10,1003,1171
member,classic_bike,2024,10,6,2,881,36
casual,classic_bike,2024,4,3,23,1967,80
casual,electric_bike,2024,7,5,5,678,126
member,electric_bike,2024,1,5,2,453,18
member,electric_bike,2024,6,7,5,743,199
casual,electric_bike,2024,2,7,5,677,12
casual,electric_bike,2024,3,4,5,492,45
casual,electric_bike,2024,4,1,5,633,40
casual,electric_bike,2024,8,6,8,694,864
casual,electric_bike,2024,9,3,8,593,809
member,electric_bike,2024,1,2,10,526,264
member,electric_bike,2024,5,7,13,863,1842
member,electric_bike,2024,6,4,13,713,1451
casual,electric_bike,2024,1,7,5,421,7
casual,classic_bike,2024,7,6,23,1712,687
casual,electric_bike,2024,8,3,7,637,648
member,electric_scooter,2024,9,3,20,528,329
member,electric_bike,2024,10,6,22,737,810
member,classic_bike,2024,10,7,12,875,1666
casual,classic_bike,2024,11,7,1,1900,177
member,electric_bike,2024,12,1,3,537,68
casual,electric_bike,2024,3,3,1,1192,27
member,classic_bike,2024,3,3,19,738,999
member,classic_bike,2024,3,1,8,748,460
member,classic_bike,2024,6,1,23,1273,269
casual,classic_bike,2024,9,2,19,1362,980
casual,classic_bike,2024,4,7,2,2434,39
member,electric_bike,2024,8,5,15,707,2297
member,electric_bike,2024,10,4,11,613,1433
member,classic_bike,2024,10,5,1,742,61
member,electric_bike,2024,12,3,14,603,742
member,electric_bike,2024,1,4,21,490,245
casual,classic_bike,2024,6,2,5,1421,78
member,classic_bike,2024,8,1,12,937,1888
casual,electric_bike,2024,11,4,10,538,244
casual,electric_bike,2024,12,3,15,554,276
member,electric_bike,2024,5,5,22,656,750
member,electric_bike,2024,6,2,22,672,553
member,electric_bike,2024,9,5,7,697,2397
member,classic_bike,2024,9,5,9,732,1436
casual,electric_bike,2024,2,2,16,844,304
casual,classic_bike,2024,4,5,14,1780,223
casual,classic_bike,2024,5,2,14,2222,995
member,classic_bike,2024,5,5,1,822,67
member,classic_bike,2024,8,6,4,818,56
member,classic_bike,2024,11,7,4,557,45
member,classic_bike,2024,12,4,3,578,5
casual,classic_bike,2024,2,6,17,1039,359
casual,classic_bike,2024,3,3,17,1196,599
casual,classic_bike,2024,3,5,22,1512,74
casual,classic_bike,2024,6,4,16,1637,1554
casual,electric_bike,2024,9,1,17,1062,1650
member,classic_bike,2024,4,7,16,1063,1374
casual,electric_bike,2024,4,3,16,898,1412
casual,classic_bike,2024,8,3,23,1251,199
casual,classic_bike,2024,9,2,2,1806,56
member,electric_bike,2024,11,4,3,645,50
casual,electric_bike,2024,11,5,11,720,195
member,classic_bike,2024,2,6,19,770,654
casual,classic_bike,2024,3,6,9,1179,124
member,classic_bike,2024,5,4,23,812,274
casual,electric_bike,2024,9,7,4,763,86
casual,electric_bike,2024,5,7,21,995,668
casual,classic_bike,2024,5,4,2,1173,13
member,electric_bike,2024,11,1,11,732,1269
casual,electric_scooter,2024,9,6,16,777,1068
casual,electric_bike,2024,11,6,15,829,749
member,classic_bike,2024,12,5,13,603,376
casual,classic_bike,2024,4,4,10,1802,167
member,classic_bike,2024,5,6,11,841,1545
member,classic_bike,2024,6,3,11,790,1004
member,electric_bike,2024,10,1,19,637,1040
casual,classic_bike,2024,12,7,23,990,56
member,classic_bike,2024,1,5,10,606,426
casual,electric_bike,2024,7,5,22,936,835
member,classic_bike,2024,7,1,20,990,917
member,classic_bike,2024,8,7,5,869,156
casual,electric_bike,2024,10,6,23,717,566
casual,electric_bike,2024,11,3,23,508,110
casual,classic_bike,2024,2,7,18,2712,184
member,classic_bike,2024,6,6,3,858,28
casual,electric_scooter,2024,9,5,6,419,238
member,electric_bike,2024,3,4,5,484,194
member,electric_bike,2024,4,1,4,607,56
member,classic_bike,2024,2,2,17,807,2178
casual,electric_bike,2024,3,6,16,705,428
casual,classic_bike,2024,3,2,7,796,123
casual,electric_scooter,2024,9,2,14,771,809
member,classic_bike,2024,12,1,11,704,553
member,electric_bike,2024,1,7,13,738,323
member,electric_bike,2024,7,4,13,662,1751
casual,classic_bike,2024,9,6,4,778,24
member,electric_bike,2024,11,5,13,524,664
member,electric_bike,2024,12,7,19,591,394
casual,classic_bike,2024,1,5,15,948,124
casual,electric_bike,2024,1,3,20,494,86
casual,electric_bike,2024,6,4,21,916,1005
casual,classic_bike,2024,6,1,1,1711,325
casual,classic_bike,2024,11,3,19,1515,219
member,classic_bike,2024,7,5,2,757,50
member,electric_bike,2024,1,1,6,642,35
member,classic_bike,2024,7,5,22,971,821
member,classic_bike,2024,8,2,22,794,391
member,classic_bike,2024,6,2,1,1259,49
casual,classic_bike,2024,12,4,8,692,116
member,electric_scooter,2024,9,7,5,642,23
member,classic_bike,2024,9,2,14,799,1689
member,classic_bike,2024,5,2,9,679,1018
casual,classic_bike,2024,5,7,17,1865,2320
casual,electric_bike,2024,8,7,12,1274,2667
casual,electric_bike,2024,9,4,12,907,766
casual,electric_scooter,2024,9,4,5,502,120
casual,electric_bike,2024,10,4,9,625,564
casual,classic_bike,2024,1,3,1,848,5
casual,classic_bike,2024,2,5,7,714,188
member,classic_bike,2024,10,2,6,697,629
member,electric_bike,2024,11,3,22,502,420
member,classic_bike,2024,11,4,12,580,863
casual,electric_bike,2024,12,7,17,700,257
member,classic_bike,2024,2,4,8,732,1665
casual,electric_bike,2024,2,6,1,1024,27
casual,electric_bike,2024,5,4,6,561,326
member,electric_bike,2024,8,1,13,884,1832
casual,classic_bike,2024,10,3,4,661,24
casual,classic_bike,2024,11,5,10,1366,149
member,electric_bike,2024,12,2,13,578,812
casual,classic_bike,2024,2,2,15,1459,364
member,electric_bike,2024,5,3,11,675,902
member,electric_bike,2024,7,2,22,734,614
casual,classic_bike,2024,8,7,8,1759,850
member,classic_bike,2024,9,7,20,833,805
member,electric_bike,2024,11,6,14,629,1487
member,classic_bike,2024,2,1,16,991,1020
casual,electric_bike,2024,8,2,6,608,348
member,classic_bike,2024,8,2,2,792,32
member,classic_bike,2024,9,6,19,783,1519
member,electric_bike,2024,12,5,5,427,126
casual,classic_bike,2024,5,6,16,1754,1761
member,electric_bike,2024,5,6,3,625,71
casual,classic_bike,2024,6,3,15,1468,862
member,electric_bike,2024,6,3,3,853,33
casual,electric_bike,2024,10,3,8,573,916
casual,classic_bike,2024,12,2,17,977,239
member,electric_bike,2024,5,1,20,715,733
member,classic_bike,2024,5,4,0,731,102
casual,electric_bike,2024,5,2,15,1144,857
member,classic_bike,2024,6,1,0,937,357
casual,classic_bike,2024,6,6,7,1380,385
casual,electric_bike,2024,10,6,0,580,244
casual,electric_bike,2024,11,3,0,527,62
casual,classic_bike,2024,1,1,10,1100,80
member,electric_bike,2024,2,3,20,546,309
member,electric_bike,2024,7,7,5,826,195
member,electric_bike,2024,8,4,5,560,378
member,electric_bike,2024,9,1,5,905,202
member,classic_bike,2024,11,6,3,523,32
member,classic_bike,2024,12,3,2,1006,9
member,electric_bike,2024,10,2,3,488,59
member,classic_bike,2024,2,1,13,860,957
casual,electric_bike,2024,6,1,6,907,242
member,classic_bike,2024,8,1,15,1041,1876
member,classic_bike,2024,11,2,21,621,384
casual,electric_bike,2024,12,1,7,573,47
member,classic_bike,2024,6,5,19,868,1991
casual,classic_bike,2024,7,4,15,2155,1366
member,electric_bike,2024,8,5,12,663,1656
member,classic_bike,2024,8,6,1,744,132
member,electric_bike,2024,12,4,4,396,28
casual,classic_bike,2024,5,2,11,2245,848
member,electric_bike,2024,5,5,2,649,54
member,classic_bike,2024,6,1,20,935,1186
member,electric_bike,2024,7,1,21,721,846
casual,electric_bike,2024,10,4,15,786,1100
member,classic_bike,2024,7,6,9,898,1194
casual,classic_bike,2024,8,4,7,828,440
casual,electric_bike,2024,2,7,22,905,46
casual,electric_bike,2024,3,4,22,546,137
casual,classic_bike,2024,4,2,19,1750,623
casual,classic_bike,2024,9,5,20,1550,595
casual,classic_bike,2024,10,2,20,1094,354
member,electric_bike,2024,1,4,1,548,28
member,electric_bike,2024,2,5,11,654,566
member,electric_bike,2024,3,2,11,663,554
casual,classic_bike,2024,7,5,2,2533,61
casual,classic_bike,2024,8,2,2,966,68
member,classic_bike,2024,11,7,7,803,356
member,classic_bike,2024,12,4,6,630,323
casual,electric_bike,2024,5,3,19,768,722
casual,electric_bike,2024,5,1,14,1289,1033
casual,classic_bike,2024,11,2,12,1907,289
casual,electric_bike,2024,9,5,19,852,1325
casual,electric_bike,2024,1,5,14,698,141
member,classic_bike,2024,7,4,15,956,2092
member,classic_bike,2024,10,5,21,734,854
member,classic_bike,2024,2,5,12,653,1161
casual,electric_bike,2024,7,7,13,1307,2301
member,classic_bike,2024,9,3,1,1070,40
casual,classic_bike,2024,10,6,19,1218,731
member,electric_bike,2024,11,7,4,493,71
casual,electric_bike,2024,12,5,6,373,72
member,classic_bike,2024,5,4,20,897,1658
member,electric_bike,2024,6,2,2,668,63
member,electric_bike,2024,9,6,11,684,1389
casual,electric_bike,2024,10,2,21,621,360
casual,classic_bike,2024,11,6,11,2001,421
member,classic_bike,2024,6,7,13,989,2061
member,classic_bike,2024,9,7,0,665,306
member,electric_bike,2024,10,6,2,615,85
casual,classic_bike,2024,11,7,21,2107,199
member,electric_bike,2024,11,3,2,485,28
member,electric_bike,2024,9,7,21,747,965
casual,classic_bike,2024,12,6,2,828,8
member,classic_bike,2024,7,1,23,818,132
member,classic_bike,2024,11,5,13,571,606
member,classic_bike,2024,12,2,12,712,692
casual,electric_bike,2024,12,6,16,528,325
casual,electric_bike,2024,6,7,22,989,1133
casual,classic_bike,2024,7,1,23,2054,190
member,electric_bike,2024,6,1,15,901,2386
casual,classic_bike,2024,7,1,0,1844,579
casual,electric_bike,2024,8,2,3,749,89
member,electric_bike,2024,10,5,18,655,3196
member,electric_bike,2024,1,3,17,616,1010
member,classic_bike,2024,1,4,6,727,607
casual,classic_bike,2024,2,2,12,1406,244
member,classic_bike,2024,3,2,12,602,754
casual,electric_bike,2024,4,6,11,771,390
casual,electric_scooter,2024,9,4,22,803,409
member,electric_bike,2024,1,7,16,636,337
casual,electric_bike,2024,1,6,1,461,15
casual,classic_bike,2024,2,7,1,1643,57
member,electric_bike,2024,9,4,6,607,1267
member,electric_bike,2024,12,2,10,608,550
casual,electric_bike,2024,12,7,0,624,124
member,classic_bike,2024,2,2,20,654,547
member,classic_bike,2024,1,3,19,693,572
member,electric_bike,2024,3,2,14,639,777
member,classic_bike,2024,3,7,21,659,360
member,classic_bike,2024,4,4,21,753,473
casual,classic_bike,2024,4,1,9,1792,432
casual,electric_bike,2024,11,7,22,744,276
casual,electric_bike,2024,12,4,22,413,59
member,classic_bike,2024,5,5,4,798,34
member,classic_bike,2024,6,2,4,2890,51
member,classic_bike,2024,1,6,11,805,366
casual,classic_bike,2024,1,2,20,1530,55
member,classic_bike,2024,7,1,0,727,354
member,electric_bike,2024,12,6,9,556,488
casual,electric_bike,2024,4,2,12,980,687
member,electric_bike,2024,5,4,15,746,2323
member,classic_bike,2024,5,2,12,835,1336
casual,classic_bike,2024,6,5,3,1167,11
member,classic_bike,2024,9,6,16,781,2234
member,electric_bike,2024,11,2,18,580,1548
casual,classic_bike,2024,1,5,12,1098,104
member,classic_bike,2024,3,3,2,1465,10
member,electric_bike,2024,5,3,8,680,1904
casual,classic_bike,2024,8,1,15,1821,2406
member,electric_scooter,2024,9,6,18,547,696
member,classic_bike,2024,9,7,23,821,520
casual,electric_scooter,2024,8,7,23,1917,61
casual,classic_bike,2024,12,5,18,1516,111
casual,classic_bike,2024,3,4,1,4325,11
member,electric_bike,2024,8,7,6,638,435
member,electric_bike,2024,11,5,10,723,504
casual,electric_bike,2024,2,4,7,573,127
casual,electric_bike,2024,3,1,7,765,98
member,classic_bike,2024,5,1,5,876,78
casual,electric_bike,2024,8,3,10,973,483
casual,electric_bike,2024,11,6,1,526,105
casual,electric_bike,2024,12,3,1,809,45
member,electric_scooter,2024,9,2,19,503,495
casual,classic_bike,2024,9,3,3,4600,18
member,classic_bike,2024,11,6,0,622,134
casual,electric_bike,2024,2,1,15,1026,262
casual,classic_bike,2024,10,7,6,1315,106
member,electric_bike,2024,11,6,17,687,2238
casual,classic_bike,2024,11,4,6,506,82
member,electric_bike,2024,12,3,17,601,1614
member,electric_bike,2024,5,1,23,654,298
casual,classic_bike,2024,7,3,8,1173,849
member,electric_scooter,2024,9,5,11,471,338
member,classic_bike,2024,10,6,8,658,1428
member,classic_bike,2024,11,3,8,657,1683
member,electric_bike,2024,2,3,3,805,10
member,electric_bike,2024,4,7,14,782,1547
casual,classic_bike,2024,5,7,0,1904,255
casual,classic_bike,2024,12,3,1,7543,12
member,classic_bike,2024,2,4,14,656,845
casual,electric_bike,2024,4,2,6,442,131
casual,electric_scooter,2024,9,3,18,696,837
member,classic_bike,2024,6,6,9,768,1118
member,electric_bike,2024,6,5,20,699,1440
casual,electric_bike,2024,7,1,23,1102,266
member,classic_bike,2024,1,2,12,656,545
casual,electric_bike,2024,2,3,3,856,6
casual,classic_bike,2024,3,3,11,2101,208
casual,electric_bike,2024,4,7,15,1139,1317
member,classic_bike,2024,4,1,6,872,77
member,electric_bike,2024,3,5,12,550,741
member,electric_bike,2024,6,3,9,659,1195
member,electric_bike,2024,10,1,13,821,1623
casual,classic_bike,2024,1,6,19,913,65
casual,classic_bike,2024,2,3,19,1208,189
member,classic_bike,2024,2,2,3,690,13
casual,electric_scooter,2024,9,1,7,675,157
casual,classic_bike,2024,12,1,13,1330,210
member,electric_bike,2024,4,5,3,578,26
member,electric_scooter,2024,9,1,15,597,508
member,classic_bike,2024,10,4,14,696,1557
casual,electric_bike,2024,2,5,14,719,202
casual,electric_bike,2024,3,2,14,1088,297
casual,electric_bike,2024,1,6,18,599,130
member,electric_bike,2024,3,1,7,521,244
casual,electric_bike,2024,3,5,6,474,87
casual,classic_bike,2024,4,3,3,1109,9
casual,classic_bike,2024,4,1,15,2251,1315
member,electric_bike,2024,8,6,2,628,122
casual,electric_scooter,2024,9,5,12,637,593
member,classic_bike,2024,9,2,20,913,1217
casual,classic_bike,2024,2,6,11,1497,249
casual,classic_bike,2024,2,4,23,646,57
casual,classic_bike,2024,3,7,16,1727,904
casual,classic_bike,2024,3,1,23,1020,58
member,electric_bike,2024,1,1,23,767,47
casual,electric_bike,2024,3,7,23,728,203
member,classic_bike,2024,4,6,9,625,745
casual,electric_bike,2024,4,4,23,712,152
member,classic_bike,2024,9,7,6,1023,274
member,classic_bike,2024,1,4,0,1656,35
casual,electric_bike,2024,3,3,18,746,507
member,electric_bike,2024,2,1,15,753,540
member,electric_bike,2024,3,7,0,539,285
member,classic_bike,2024,3,6,17,758,1314
member,classic_bike,2024,4,3,17,906,3118
member,electric_bike,2024,7,2,5,608,425
casual,classic_bike,2024,9,1,15,1997,2598
casual,electric_bike,2024,12,7,23,742,129
member,electric_bike,2024,2,6,18,704,492
casual,electric_bike,2024,8,5,4,609,65
casual,electric_bike,2024,10,7,7,839,309
casual,classic_bike,2024,11,5,4,693,10
member,electric_bike,2024,6,6,1,633,184
member,classic_bike,2024,8,5,20,852,1784
member,classic_bike,2024,2,7,6,585,93
casual,classic_bike,2024,7,5,19,1589,1667
casual,classic_bike,2024,7,6,9,2038,746
member,electric_bike,2024,12,3,0,652,103
member,electric_bike,2024,5,6,9,672,1258
member,classic_bike,2024,8,3,9,713,1229
casual,electric_scooter,2024,9,7,23,941,678
member,electric_bike,2024,10,7,6,790,254
member,classic_bike,2024,10,1,22,634,233
casual,classic_bike,2024,11,6,17,1106,564
casual,electric_bike,2024,8,4,14,1024,954
casual,classic_bike,2024,11,7,15,1543,796
member,classic_bike,2024,11,1,14,814,1051
casual,electric_bike,2024,12,5,12,605,144
member,electric_bike,2024,9,6,17,761,3143
casual,classic_bike,2024,10,5,12,2081,755
member,electric_bike,2024,11,7,21,620,493
member,electric_bike,2024,12,4,21,638,258
member,electric_bike,2024,12,5,11,738,386
casual,classic_bike,2024,12,7,6,477,14
member,electric_scooter,2024,9,4,7,491,638
member,electric_bike,2024,3,3,18,676,1481
casual,classic_bike,2024,6,7,14,1849,2402
member,classic_bike,2024,7,2,4,650,53
casual,classic_bike,2024,8,6,1,1096,173
casual,electric_bike,2024,9,2,4,721,83
casual,electric_bike,2024,11,4,7,520,381
member,classic_bike,2024,12,7,21,677,149
casual,electric_bike,2024,1,4,7,446,133
casual,classic_bike,2024,3,5,5,3276,25
casual,electric_bike,2024,5,2,21,809,452
member,electric_bike,2024,9,2,12,689,1693
member,classic_bike,2024,3,4,6,539,572
casual,electric_bike,2024,7,6,9,1032,629
casual,classic_bike,2024,8,3,9,1685,416
casual,electric_bike,2024,11,1,15,935,824
casual,electric_bike,2024,1,1,15,706,88
member,classic_bike,2024,2,3,1,904,23
casual,electric_bike,2024,3,7,0,691,159
casual,electric_bike,2024,4,4,0,761,72
casual,classic_bike,2024,5,6,10,2475,801
casual,electric_bike,2024,5,5,13,1018,798
casual,electric_bike,2024,6,2,13,1205,836
casual,classic_bike,2024,6,3,9,1569,345
member,electric_bike,2024,7,5,20,770,1535
member,electric_bike,2024,8,2,20,762,1254
casual,classic_bike,2024,1,4,8,758,130
casual,classic_bike,2024,2,1,8,1502,52
casual,classic_bike,2024,4,2,13,2227,752
member,electric_bike,2024,3,7,23,584,342
member,electric_bike,2024,4,4,22,552,427
casual,classic_bike,2024,4,6,18,1323,477
casual,classic_bike,2024,5,3,18,1533,910
casual,electric_bike,2024,6,5,5,630,123
casual,electric_bike,2024,7,2,4,751,86
member,classic_bike,2024,1,4,23,574,131
member,electric_bike,2024,1,5,5,465,150
casual,classic_bike,2024,1,7,0,866,27
casual,classic_bike,2024,2,4,0,708,23
casual,classic_bike,2024,3,1,0,791,95
member,electric_bike,2024,7,1,15,788,1551
member,electric_bike,2024,6,2,19,706,1880
member,classic_bike,2024,6,3,8,750,2014
member,electric_bike,2024,8,7,23,803,1033
member,electric_bike,2024,9,5,10,707,1001
member,electric_bike,2024,1,2,13,617,415
member,classic_bike,2024,1,4,20,803,544
casual,electric_bike,2024,2,3,6,560,58
casual,classic_bike,2024,6,2,8,1541,519
casual,electric_bike,2024,7,6,12,1250,1408
casual,classic_bike,2024,8,6,18,1692,2022
member,electric_bike,2024,10,4,14,635,1897
member,classic_bike,2024,3,1,11,843,1042
casual,electric_bike,2024,5,1,8,1026,355
member,classic_bike,2024,7,1,17,921,1398
casual,electric_scooter,2024,9,3,21,761,491
member,classic_bike,2024,12,2,18,695,942
member,classic_bike,2024,12,4,23,679,75
casual,electric_bike,2024,1,7,2,1177,23
member,electric_scooter,2024,9,4,10,483,277
member,electric_scooter,2024,9,3,23,495,98
member,classic_bike,2024,10,7,9,784,1218
member,classic_bike,2024,11,4,9,659,921
member,electric_bike,2024,11,4,6,570,747
member,electric_bike,2024,12,1,6,800,123
casual,electric_bike,2024,2,5,11,604,161
casual,electric_bike,2024,3,2,11,956,193
member,classic_bike,2024,4,1,3,745,25
casual,electric_bike,2024,9,1,14,1161,1668
casual,classic_bike,2024,9,3,9,1577,423
casual,classic_bike,2024,10,2,14,1801,722
member,electric_bike,2024,5,3,14,718,888
casual,classic_bike,2024,3,6,12,2192,323
casual,classic_bike,2024,4,7,22,1792,309
casual,classic_bike,2024,5,4,22,1754,384
casual,electric_bike,2024,8,1,22,965,611
casual,classic_bike,2024,9,2,22,1281,394
casual,classic_bike,2024,4,4,7,1358,145
member,electric_bike,2024,5,5,19,677,1880
member,classic_bike,2024,5,6,8,765,1690
casual,electric_bike,2024,6,7,16,1132,2207
member,electric_bike,2024,9,4,23,719,435
member,classic_bike,2024,9,5,12,667,1446
member,classic_bike,2024,1,2,15,679,792
member,electric_bike,2024,1,4,18,588,811
member,electric_bike,2024,5,2,4,682,66
member,classic_bike,2024,6,4,18,951,3002
casual,electric_bike,2024,3,3,21,680,170
member,classic_bike,2024,5,3,16,888,2208
casual,electric_bike,2024,10,5,16,748,1672
member,electric_bike,2024,11,1,14,663,1066
member,classic_bike,2024,1,5,7,860,863
member,classic_bike,2024,11,5,19,598,651
casual,electric_bike,2024,12,6,10,583,104
casual,electric_bike,2024,1,6,15,610,133
casual,classic_bike,2024,1,7,23,498,16
member,electric_bike,2024,2,3,0,422,44
casual,electric_bike,2024,4,3,13,969,568
casual,electric_scooter,2024,9,2,11,776,633
member,electric_bike,2024,3,7,3,774,52
member,electric_bike,2024,4,1,1,577,263
casual,electric_bike,2024,11,6,18,633,711
member,classic_bike,2024,12,5,10,685,275
casual,electric_bike,2024,12,3,18,589,253
member,electric_bike,2024,2,4,10,764,349
member,electric_bike,2024,3,1,10,627,840
member,electric_bike,2024,10,3,4,578,77
member,classic_bike,2024,1,6,17,916,701
member,electric_bike,2024,5,6,6,578,942
casual,classic_bike,2024,5,1,7,2658,226
casual,electric_bike,2024,6,2,10,1114,511
casual,electric_bike,2024,7,4,15,969,1520
member,classic_bike,2024,8,2,19,859,2020
casual,classic_bike,2024,12,2,20,1131,101
member,classic_bike,2024,5,2,6,658,675
casual,electric_bike,2024,5,7,1,753,298
member,classic_bike,2024,6,6,23,930,486
member,classic_bike,2024,7,7,10,1032,1842
member,electric_bike,2024,7,2,2,775,94
casual,electric_bike,2024,8,7,15,1201,3100
member,electric_bike,2024,8,4,8,657,2540
casual,electric_bike,2024,2,1,9,751,71
casual,electric_bike,2024,2,6,21,831,63
casual,electric_bike,2024,9,2,1,769,202
casual,classic_bike,2024,9,6,1,1420,95
member,electric_bike,2024,12,7,22,608,225
casual,classic_bike,2024,1,3,4,1696,3
member,classic_bike,2024,4,7,19,955,938
member,electric_bike,2024,4,2,11,714,1108
casual,classic_bike,2024,9,1,12,2089,2077
member,classic_bike,2024,12,1,8,622,235
casual,electric_bike,2024,12,7,20,751,138
member,classic_bike,2024,2,7,3,376,28
member,classic_bike,2024,3,4,3,537,12
casual,electric_scooter,2024,9,6,13,733,704
casual,electric_bike,2024,9,6,20,828,718
casual,classic_bike,2024,10,7,20,1528,522
member,electric_bike,2024,12,5,8,506,1069
member,classic_bike,2024,7,3,14,745,1436
member,classic_bike,2024,10,4,17,807,4454
member,classic_bike,2024,11,1,17,711,771
casual,classic_bike,2024,6,1,21,1760,750
casual,electric_bike,2024,9,7,7,899,355
casual,electric_scooter,2024,9,7,0,1562,3
casual,classic_bike,2024,11,5,7,960,159
casual,classic_bike,2024,12,4,11,884,76
member,electric_bike,2024,1,1,3,469,19
casual,electric_bike,2024,5,5,10,948,499
member,electric_bike,2024,6,3,6,561,1225
member,classic_bike,2024,7,5,19,918,2047
member,electric_bike,2024,8,2,17,723,3224
casual,electric_bike,2024,6,4,1,904,123
member,electric_bike,2024,7,7,8,813,1028
member,electric_bike,2024,9,1,8,818,824
casual,electric_bike,2024,9,4,15,916,1121
casual,classic_bike,2024,12,7,3,3011,20
casual,electric_bike,2024,1,4,10,584,81
casual,classic_bike,2024,3,5,2,716,9
casual,classic_bike,2024,8,7,5,1221,98
member,classic_bike,2024,2,4,11,778,635
member,electric_bike,2024,7,4,16,772,3920
casual,electric_bike,2024,8,5,1,796,202
casual,electric_bike,2024,10,1,20,663,424
casual,classic_bike,2024,10,3,1,1831,42
casual,classic_bike,2024,2,5,10,1047,167
casual,classic_bike,2024,3,2,10,1678,164
member,electric_bike,2024,4,7,17,771,1490
casual,classic_bike,2024,7,7,13,2210,3007
casual,classic_bike,2024,8,4,13,1840,805
member,electric_bike,2024,10,6,19,663,1695
member,classic_bike,2024,10,2,3,437,15
member,electric_bike,2024,11,3,19,569,904
member,electric_bike,2024,2,3,23,616,87
casual,electric_bike,2024,5,2,18,942,921
member,classic_bike,2024,5,4,3,499,16
casual,classic_bike,2024,6,6,10,2396,724
casual,electric_bike,2024,10,6,3,475,36
casual,electric_bike,2024,11,3,3,510,14
casual,classic_bike,2024,12,5,12,906,60
member,electric_bike,2024,3,3,15,689,1113
member,electric_bike,2024,8,7,0,683,823
member,electric_bike,2024,9,4,0,630,166
member,electric_bike,2024,1,6,9,628,294
member,electric_bike,2024,8,3,4,908,81
member,classic_bike,2024,1,7,21,580,97
casual,electric_bike,2024,3,5,12,749,299
casual,electric_bike,2024,7,3,11,1086,730
casual,electric_bike,2024,7,1,0,845,643
member,classic_bike,2024,2,6,2,852,27
casual,electric_bike,2024,2,7,2,461,15
member,electric_bike,2024,3,7,17,713,1139
casual,classic_bike,2024,6,6,4,3146,25
member,electric_scooter,2024,9,1,9,453,249
casual,classic_bike,2024,1,3,21,634,54
casual,classic_bike,2024,2,4,6,529,71
casual,electric_bike,2024,5,6,20,921,999
member,electric_bike,2024,8,1,16,904,1911
member,electric_bike,2024,3,5,6,455,484
member,electric_bike,2024,4,2,5,431,223
casual,classic_bike,2024,7,2,1,2773,116
member,classic_bike,2024,12,6,14,629,398
casual,electric_bike,2024,1,2,19,539,102
casual,electric_bike,2024,3,7,17,856,695
casual,electric_bike,2024,4,4,17,775,814
casual,classic_bike,2024,8,2,22,1594,269
casual,classic_bike,2024,10,5,15,1470,992
casual,classic_bike,2024,11,2,15,1655,300
casual,classic_bike,2024,11,4,20,653,117
member,electric_bike,2024,2,5,14,675,686
member,electric_bike,2024,2,6,1,596,48
member,electric_bike,2024,3,3,1,623,36
member,electric_bike,2024,7,2,19,720,2242
casual,classic_bike,2024,7,4,12,2046,1004
casual,classic_bike,2024,8,1,12,1937,2315
casual,electric_bike,2024,4,5,4,464,26
casual,electric_bike,2024,5,4,9,760,495
casual,electric_bike,2024,6,1,9,1111,1042
casual,electric_bike,2024,10,1,14,1094,1523
member,electric_bike,2024,5,1,0,677,508
casual,electric_bike,2024,7,4,21,931,1403
member,electric_bike,2024,7,6,4,942,97
casual,classic_bike,2024,12,3,7,547,90
member,classic_bike,2024,5,7,12,1030,2092
member,electric_bike,2024,9,3,19,675,1775
member,classic_bike,2024,4,5,5,686,160
member,classic_bike,2024,7,3,8,757,3371
member,classic_bike,2024,11,6,23,603,283
casual,electric_bike,2024,1,5,11,657,107
member,electric_bike,2024,2,1,9,583,240
casual,electric_bike,2024,2,3,20,502,79
casual,electric_bike,2024,3,6,13,835,341
member,electric_bike,2024,2,7,2,772,30
member,electric_bike,2024,3,4,2,568,19
member,classic_bike,2024,4,6,15,698,957
member,electric_bike,2024,5,5,5,523,306
member,electric_bike,2024,6,2,5,587,304
casual,electric_bike,2024,1,3,23,535,30
casual,classic_bike,2024,3,4,21,746,104
casual,electric_bike,2024,5,3,5,541,83
casual,electric_bike,2024,8,5,18,875,2047
casual,electric_bike,2024,9,2,18,897,1572
casual,classic_bike,2024,10,6,16,1655,1420
casual,classic_bike,2024,11,3,16,1070,336
member,classic_bike,2024,8,7,8,870,1333
member,classic_bike,2024,9,4,8,727,2813
member,classic_bike,2024,10,5,18,742,2721
member,classic_bike,2024,11,2,18,642,1268
member,classic_bike,2024,1,1,5,952,18
casual,electric_bike,2024,2,4,10,618,122
casual,classic_bike,2024,4,3,20,1239,276
member,classic_bike,2024,6,4,12,786,1440
member,electric_bike,2024,6,4,16,790,3071
member,electric_bike,2024,8,6,19,761,2329
member,classic_bike,2024,1,3,16,976,1152
casual,electric_bike,2024,4,1,2,724,131
casual,electric_bike,2024,6,5,11,1015,734
member,classic_bike,2024,12,3,22,650,168
member,electric_bike,2024,3,6,16,596,1311
member,classic_bike,2024,10,3,7,738,2220
casual,electric_bike,2024,11,7,5,536,42
casual,electric_bike,2024,1,1,9,557,53
member,electric_bike,2024,2,2,19,580,455
member,classic_bike,2024,3,5,13,651,767
member,classic_bike,2024,4,2,13,847,1275
casual,classic_bike,2024,7,1,20,1647,898
member,classic_bike,2024,10,1,16,832,1590
casual,electric_bike,2024,11,5,14,734,313
casual,electric_bike,2024,12,2,14,699,307
casual,electric_bike,2024,4,1,22,929,232
casual,electric_bike,2024,6,7,2,743,424
casual,classic_bike,2024,8,5,17,1477,1998
casual,classic_bike,2024,9,5,14,1708,759
casual,electric_bike,2024,7,7,16,1200,2427
casual,electric_bike,2024,2,2,19,787,149
casual,electric_bike,2024,3,1,10,879,396
casual,electric_bike,2024,7,5,2,734,134
member,electric_bike,2024,1,2,7,540,542
member,electric_bike,2024,5,7,16,882,1814
casual,electric_bike,2024,6,6,12,1178,1155
casual,electric_bike,2024,3,4,2,685,17
member,electric_bike,2024,4,4,16,687,2007
casual,electric_bike,2024,7,2,10,1099,565
casual,classic_bike,2024,1,7,6,671,14
casual,classic_bike,2024,3,1,6,1081,33
member,electric_bike,2024,4,3,15,668,1967
casual,classic_bike,2024,4,5,11,2072,182
casual,electric_bike,2024,6,3,20,822,904
member,electric_bike,2024,9,7,1,605,435
member,electric_scooter,2024,9,2,22,596,188
casual,electric_bike,2024,12,4,5,432,23
casual,classic_bike,2024,12,6,22,858,37
member,classic_bike,2024,2,3,7,833,1567
casual,electric_scooter,2024,9,7,17,854,1044
casual,electric_bike,2024,9,6,3,817,70
casual,classic_bike,2024,9,7,5,1758,80
casual,classic_bike,2024,10,4,5,1361,74
casual,classic_bike,2024,11,1,5,796,22
member,classic_bike,2024,3,7,4,703,23
member,electric_bike,2024,4,6,7,541,1058
member,classic_bike,2024,4,4,4,747,27
casual,classic_bike,2024,7,3,11,2188,868
member,electric_scooter,2024,9,5,14,534,377
member,electric_bike,2024,10,2,17,690,2934
casual,classic_bike,2024,9,4,13,1750,590
casual,classic_bike,2024,10,1,13,2003,1805
casual,electric_bike,2024,1,3,0,407,18
member,electric_bike,2024,6,7,8,775,1176
casual,classic_bike,2024,7,6,3,3522,65
member,classic_bike,2024,8,3,23,779,266
casual,classic_bike,2024,8,3,3,3827,14
member,classic_bike,2024,5,6,14,811,1717
member,classic_bike,2024,1,2,9,628,478
member,classic_bike,2024,4,3,14,720,1088
casual,electric_bike,2024,4,7,18,1052,1061
member,electric_bike,2024,3,7,20,609,534
member,electric_bike,2024,4,5,6,511,668
casual,classic_bike,2024,4,7,5,990,16
member,electric_scooter,2024,9,6,21,564,324
member,electric_bike,2024,3,3,21,584,471
casual,electric_bike,2024,6,6,15,1066,1485
casual,electric_bike,2024,11,3,20,527,182
member,electric_bike,2024,2,3,6,545,523
member,electric_bike,2024,4,7,11,728,1339
casual,classic_bike,2024,2,6,14,1279,302
casual,electric_bike,2024,2,5,17,673,396
casual,classic_bike,2024,3,3,14,2134,290
casual,classic_bike,2024,5,7,20,1821,777
casual,classic_bike,2024,6,4,19,1853,1646
casual,electric_bike,2024,7,4,1,832,179
casual,electric_bike,2024,1,4,4,467,2
member,electric_bike,2024,6,5,17,759,3607
member,classic_bike,2024,8,5,14,723,1370
member,electric_scooter,2024,9,1,12,541,445
member,electric_bike,2024,10,4,8,655,3385
member,electric_bike,2024,11,1,8,714,488
casual,classic_bike,2024,1,6,22,772,36
member,classic_bike,2024,2,2,0,718,44
casual,electric_bike,2024,3,5,9,473,158
casual,electric_bike,2024,4,2,9,686,338
casual,classic_bike,2024,6,5,6,1272,239
member,electric_bike,2024,9,3,22,698,686
casual,electric_scooter,2024,9,1,10,716,612
casual,classic_bike,2024,12,1,16,1223,149
member,classic_bike,2024,2,2,23,1078,114
casual,electric_bike,2024,2,3,23,514,44
casual,classic_bike,2024,3,1,20,1442,145
casual,classic_bike,2024,3,7,13,1943,1117
member,electric_bike,2024,10,1,16,794,1686
member,electric_bike,2024,2,1,12,757,460
member,classic_bike,2024,3,6,14,652,803
casual,electric_bike,2024,4,5,1,544,44
casual,electric_bike,2024,8,7,9,1112,1414
member,classic_bike,2024,1,4,3,746,14
casual,classic_bike,2024,5,4,5,1046,80
member,classic_bike,2024,6,6,6,676,835
casual,electric_bike,2024,7,1,20,1059,842
member,classic_bike,2024,11,6,20,642,539
casual,classic_bike,2024,3,6,6,902,43
casual,electric_bike,2024,10,6,20,687,579
casual,electric_bike,2024,1,6,21,538,70
casual,electric_bike,2024,5,6,0,618,246
member,electric_bike,2024,5,1,3,642,125
casual,electric_bike,2024,6,3,0,937,207
casual,electric_bike,2024,8,2,23,809,279
casual,classic_bike,2024,2,7,21,1774,94
casual,electric_bike,2024,4,6,8,578,367
casual,electric_scooter,2024,9,5,9,552,481
casual,classic_bike,2024,9,3,23,1655,148
casual,classic_bike,2024,1,2,0,899,31
member,classic_bike,2024,2,6,22,682,168
member,electric_bike,2024,2,7,5,543,17
member,classic_bike,2024,3,3,22,845,269
member,electric_bike,2024,8,2,0,643,251
member,electric_scooter,2024,9,3,6,423,288
casual,electric_bike,2024,1,1,12,859,110
casual,electric_bike,2024,5,5,16,868,1416
casual,classic_bike,2024,6,3,12,2180,628
member,classic_bike,2024,10,1,19,713,747
member,electric_bike,2024,3,6,13,544,859
member,classic_bike,2024,5,4,17,938,4855
member,electric_bike,2024,9,6,14,686,1679
casual,electric_bike,2024,9,4,9,722,570
casual,classic_bike,2024,12,7,9,1280,83
casual,classic_bike,2024,6,1,4,1541,79
casual,classic_bike,2024,10,1,10,2399,1603
member,electric_bike,2024,11,7,1,548,283
member,classic_bike,2024,12,3,19,851,504
member,classic_bike,2024,3,7,1,587,91
casual,classic_bike,2024,8,5,14,1935,1002
member,classic_bike,2024,12,7,18,622,297
casual,classic_bike,2024,7,5,22,1405,650
casual,classic_bike,2024,10,5,9,1323,484
member,classic_bike,2024,4,5,8,670,1454
member,electric_bike,2024,6,5,14,767,1323
member,electric_bike,2024,6,6,4,622,100
member,classic_bike,2024,8,5,17,855,4358
member,classic_bike,2024,9,2,17,829,4105
member,classic_bike,2024,9,3,4,881,47
casual,classic_bike,2024,6,7,11,2085,2375
member,electric_bike,2024,8,6,22,763,1242
casual,electric_bike,2024,8,4,17,911,2065
casual,electric_bike,2024,10,7,4,459,88
casual,electric_bike,2024,11,4,4,507,39
member,electric_bike,2024,12,7,16,651,752
casual,electric_bike,2024,3,7,3,859,29
casual,classic_bike,2024,5,6,13,1983,1171
casual,electric_bike,2024,6,2,16,995,1431
casual,electric_bike,2024,10,3,5,470,131
casual,electric_bike,2024,2,3,0,548,19
member,electric_bike,2024,4,3,12,543,1202
casual,electric_bike,2024,7,6,6,587,318
member,electric_bike,2024,4,4,19,601,1174
member,electric_bike,2024,9,2,15,801,2402
casual,classic_bike,2024,9,4,10,1983,516
member,classic_bike,2024,11,2,1,631,60
member,electric_bike,2024,2,6,21,611,179
member,classic_bike,2024,4,4,1,499,21
casual,electric_bike,2024,7,3,14,1070,1070
member,classic_bike,2024,7,2,7,689,2075
casual,classic_bike,2024,8,6,4,1500,43
casual,electric_bike,2024,12,1,10,675,216
casual,classic_bike,2024,9,1,18,1675,1683
member,electric_bike,2024,1,5,8,587,1030
casual,classic_bike,2024,1,1,13,804,113
member,classic_bike,2024,2,7,9,842,588
member,classic_bike,2024,3,4,9,609,813
member,classic_bike,2024,4,1,9,817,719
member,electric_bike,2024,6,7,11,805,1996
member,electric_bike,2024,7,1,18,865,1256
casual,classic_bike,2024,4,6,21,1124,185
casual,classic_bike,2024,5,3,21,1055,314
casual,electric_bike,2024,6,5,8,704,727
casual,electric_bike,2024,7,2,7,635,595
member,classic_bike,2024,1,7,18,1056,272
casual,classic_bike,2024,1,4,5,437,26
casual,classic_bike,2024,2,1,5,1553,5
member,electric_bike,2024,7,4,10,745,1196
member,electric_bike,2024,8,1,10,806,1536
member,classic_bike,2024,5,1,2,1563,136
member,electric_bike,2024,7,5,17,801,2920
member,classic_bike,2024,7,6,6,866,753
casual,classic_bike,2024,8,4,10,2194,615
member,electric_bike,2024,11,4,9,618,1051
member,electric_bike,2024,5,7,10,824,1465
member,classic_bike,2024,9,3,21,754,820
member,classic_bike,2024,9,1,10,899,1486
member,classic_bike,2024,12,2,15,665,859
casual,classic_bike,2024,9,5,0,963,123
casual,electric_bike,2024,9,3,5,525,124
member,classic_bike,2024,11,7,10,719,1084
casual,classic_bike,2024,4,2,16,1711,781
casual,classic_bike,2024,4,4,4,541,10
casual,classic_bike,2024,7,2,7,917,420
member,electric_bike,2024,10,2,0,576,166
member,classic_bike,2024,12,7,1,1122,67
casual,electric_bike,2024,5,1,11,1257,795
casual,electric_bike,2024,5,3,22,782,362
casual,classic_bike,2024,6,1,18,1806,2134
casual,electric_bike,2024,8,1,19,995,1160
casual,electric_bike,2024,10,4,12,854,762
member,electric_bike,2024,10,2,23,580,237
casual,electric_bike,2024,11,1,12,1003,683
casual,classic_bike,2024,11,2,9,924,186
member,classic_bike,2024,1,3,22,719,164
member,classic_bike,2024,6,5,22,971,713
member,electric_bike,2024,7,3,6,607,1413
casual,classic_bike,2024,9,5,17,1248,1692
casual,classic_bike,2024,10,2,17,1390,1084
casual,electric_bike,2024,12,1,4,577,32
member,classic_bike,2024,1,1,11,820,409
member,classic_bike,2024,8,3,6,667,969
member,electric_bike,2024,10,7,9,667,1275
casual,classic_bike,2024,11,6,14,1492,527
member,electric_bike,2024,12,1,9,515,405
member,electric_bike,2024,1,7,19,551,214
member,electric_bike,2024,6,6,21,756,1087
member,classic_bike,2024,6,1,17,1048,2395
member,classic_bike,2024,8,4,10,838,960
member,classic_bike,2024,11,5,16,711,1226
casual,electric_bike,2024,12,6,13,521,159
member,classic_bike,2024,2,5,15,704,1475
casual,electric_bike,2024,7,7,10,1271,1493
casual,electric_bike,2024,8,1,2,874,380
casual,electric_bike,2024,12,5,9,485,114
member,electric_bike,2024,12,4,1,480,37
member,electric_bike,2024,5,2,7,659,1144
member,classic_bike,2024,6,7,10,960,1975
member,electric_bike,2024,8,3,21,705,1056
member,electric_bike,2024,10,6,5,512,210
member,classic_bike,2024,10,1,2,634,114
casual,classic_bike,2024,11,7,18,1939,414
casual,classic_bike,2024,12,2,0,881,26
casual,electric_bike,2024,9,5,16,850,1525
casual,electric_scooter,2024,9,2,17,800,1215
member,classic_bike,2024,5,3,13,734,1046
casual,classic_bike,2024,8,6,21,1491,824
member,electric_bike,2024,9,7,18,774,1883
member,electric_bike,2024,7,5,0,637,270
member,classic_bike,2024,7,4,18,879,3805
member,classic_bike,2024,8,1,18,1026,1765
member,classic_bike,2024,9,7,3,561,61
casual,electric_bike,2024,11,6,21,588,301
member,classic_bike,2024,12,5,7,699,549
casual,electric_bike,2024,12,3,21,625,135
casual,classic_bike,2024,2,4,20,1017,126
casual,classic_bike,2024,10,3,21,883,353
member,classic_bike,2024,5,7,18,1016,1819
casual,electric_bike,2024,9,7,10,1080,1160
member,electric_bike,2024,3,2,17,659,2064
member,classic_bike,2024,3,2,15,851,981
casual,classic_bike,2024,4,1,12,2029,1219
casual,classic_bike,2024,6,5,23,1143,360
casual,classic_bike,2024,8,1,18,1890,1644
casual,electric_bike,2024,11,2,16,627,587
member,electric_bike,2024,3,1,4,476,45
casual,classic_bike,2024,6,5,0,2457,148
member,electric_bike,2024,7,6,21,791,1193
member,electric_bike,2024,8,4,11,723,1163
member,electric_bike,2024,10,5,15,688,2792
casual,classic_bike,2024,1,2,17,1456,147
member,classic_bike,2024,1,6,14,561,411
casual,classic_bike,2024,5,1,4,2498,51
casual,electric_bike,2024,6,7,19,1108,1360
casual,electric_bike,2024,7,4,18,906,2291
casual,electric_bike,2024,3,2,17,837,633
member,classic_bike,2024,5,5,7,740,1896
member,classic_bike,2024,6,2,7,743,1728
member,electric_bike,2024,1,3,14,560,377
casual,classic_bike,2024,2,2,9,1585,130
casual,classic_bike,2024,2,3,22,624,68
casual,electric_bike,2024,5,7,4,869,63
casual,classic_bike,2024,7,7,10,2229,1992
casual,electric_bike,2024,8,3,13,1036,774
casual,classic_bike,2024,5,5,9,1899,459
member,electric_bike,2024,6,4,10,818,1027
member,classic_bike,2024,8,6,21,803,959
casual,electric_bike,2024,10,2,1,572,89
casual,electric_bike,2024,2,1,12,970,204
casual,classic_bike,2024,7,4,18,1638,2563
casual,electric_bike,2024,8,6,5,706,187
casual,electric_bike,2024,10,6,6,516,215
member,electric_bike,2024,7,7,11,840,1873
member,electric_bike,2024,9,1,11,787,1891
casual,classic_bike,2024,9,3,6,785,232
member,electric_bike,2024,11,2,15,592,1323
member,classic_bike,2024,7,1,3,643,74
casual,classic_bike,2024,9,7,11,1927,1767
member,electric_bike,2024,12,6,12,491,551
casual,classic_bike,2024,12,2,23,929,38
member,electric_bike,2024,8,7,3,716,187
member,electric_bike,2024,9,4,3,706,38
member,classic_bike,2024,10,6,5,659,174
member,classic_bike,2024,11,3,5,912,200
casual,classic_bike,2024,10,7,3,876,78
member,electric_bike,2024,11,6,20,581,788
casual,classic_bike,2024,11,4,3,2896,7
member,electric_bike,2024,12,3,20,533,465
casual,classic_bike,2024,12,5,15,881,100
member,electric_bike,2024,5,4,18,726,3068
member,electric_bike,2024,6,1,18,865,1957
member,electric_scooter,2024,9,2,16,518,836
member,classic_bike,2024,10,3,13,685,1351
member,classic_bike,2024,2,4,15,704,1091
member,electric_bike,2024,3,1,14,709,1015
casual,classic_bike,2024,6,4,17,1675,2031
member,electric_bike,2024,2,3,4,844,37
member,electric_bike,2024,5,2,23,666,249
member,classic_bike,2024,7,4,21,932,1572
casual,classic_bike,2024,8,4,9,1879,523
member,electric_bike,2024,8,1,19,775,1349
member,classic_bike,2024,10,7,13,859,1803
member,electric_bike,2024,11,4,10,560,701
casual,classic_bike,2024,11,3,5,399,32
member,classic_bike,2024,4,1,7,873,226
casual,electric_bike,2024,2,6,10,812,102
casual,classic_bike,2024,4,7,3,3415,29
casual,classic_bike,2024,7,6,22,1488,796
member,electric_scooter,2024,9,4,14,482,408
casual,classic_bike,2024,9,6,13,2142,923
casual,classic_bike,2024,10,5,18,1120,1069
casual,electric_bike,2024,5,1,12,1160,981
casual,electric_bike,2024,8,1,18,1131,1504
casual,electric_bike,2024,1,4,6,695,58
casual,electric_bike,2024,3,6,2,486,43
casual,electric_bike,2024,4,3,2,658,38
casual,classic_bike,2024,5,5,13,1906,762
member,electric_bike,2024,5,2,0,564,213
casual,classic_bike,2024,6,2,12,2099,773
casual,classic_bike,2024,12,1,14,2140,240
member,electric_bike,2024,1,7,22,561,80
member,classic_bike,2024,11,7,5,1203,31
member,classic_bike,2024,11,5,0,492,78
member,classic_bike,2024,12,4,4,1488,20
member,electric_bike,2024,2,4,14,728,584
member,classic_bike,2024,8,1,21,844,663
member,electric_bike,2024,10,7,10,714,1575
casual,classic_bike,2024,10,6,5,1199,39
member,electric_bike,2024,12,1,10,663,574
member,electric_bike,2024,1,4,7,585,795
casual,electric_bike,2024,9,1,10,1144,1282
casual,electric_bike,2024,9,7,3,762,169
member,classic_bike,2024,9,2,23,749,213
casual,classic_bike,2024,12,2,1,1946,23
member,classic_bike,2024,12,5,14,571,338
member,classic_bike,2024,1,5,19,673,535
casual,classic_bike,2024,1,2,6,1355,28
casual,classic_bike,2024,5,4,3,1729,16
member,electric_bike,2024,8,2,6,588,931
casual,classic_bike,2024,8,3,22,1463,368
casual,classic_bike,2024,10,3,13,1569,573
casual,electric_bike,2024,12,6,22,560,75
member,electric_bike,2024,12,4,2,400,25
casual,electric_bike,2024,2,5,0,529,47
casual,electric_bike,2024,11,1,1,551,261
casual,classic_bike,2024,4,4,11,1992,207
member,classic_bike,2024,5,6,4,546,55
member,classic_bike,2024,6,3,4,786,33
member,classic_bike,2024,2,6,20,714,392
casual,classic_bike,2024,2,3,8,688,228
member,electric_bike,2024,3,4,6,455,610
member,classic_bike,2024,3,3,20,787,679
member,electric_bike,2024,4,1,5,638,73
casual,classic_bike,2024,9,5,3,1211,23
member,electric_bike,2024,10,6,0,529,309
casual,classic_bike,2024,10,2,3,934,15
member,electric_bike,2024,11,3,0,358,50
member,classic_bike,2024,5,3,12,716,1115
casual,classic_bike,2024,3,3,0,1235,23
member,classic_bike,2024,7,1,6,989,170
casual,classic_bike,2024,11,6,20,960,260
member,classic_bike,2024,4,7,23,864,260
member,classic_bike,2024,12,1,12,693,596
member,classic_bike,2024,2,7,7,666,210
member,electric_bike,2024,2,6,19,658,291
member,classic_bike,2024,8,5,23,824,388
casual,electric_scooter,2024,9,5,15,750,811
member,classic_bike,2024,9,3,10,775,866
member,classic_bike,2024,12,6,1,456,26
casual,electric_bike,2024,1,3,19,510,104
casual,classic_bike,2024,3,3,23,1526,80
casual,classic_bike,2024,6,6,14,1923,1243
casual,classic_bike,2024,6,1,2,1515,259
member,classic_bike,2024,10,4,21,706,983
casual,electric_bike,2024,5,7,5,720,61
casual,electric_bike,2024,8,7,11,1278,2450
casual,electric_bike,2024,9,4,11,953,633
casual,electric_bike,2024,11,6,7,487,280
casual,electric_bike,2024,12,3,7,462,194
casual,classic_bike,2024,1,1,19,836,29
casual,electric_bike,2024,2,2,22,550,64
casual,electric_bike,2024,6,7,20,1001,1237
casual,electric_bike,2024,7,4,19,909,1873
member,electric_bike,2024,9,7,4,630,86
member,electric_scooter,2024,9,7,6,458,72
casual,electric_bike,2024,4,6,17,780,782
casual,electric_bike,2024,9,6,16,853,1688
member,electric_bike,2024,12,5,12,564,496
casual,classic_bike,2024,12,7,7,1290,27
member,electric_bike,2024,8,7,12,871,2460
casual,classic_bike,2024,8,7,1,1563,552
member,classic_bike,2024,3,1,15,895,1219
casual,classic_bike,2024,5,7,18,1757,1781
member,electric_bike,2024,7,1,4,720,115
casual,classic_bike,2024,7,7,9,2121,1355
member,classic_bike,2024,9,5,1,884,49
member,classic_bike,2024,10,2,7,699,1453
member,classic_bike,2024,11,4,13,619,871
casual,classic_bike,2024,12,5,16,863,106
member,electric_bike,2024,3,3,19,602,811
member,classic_bike,2024,3,4,7,689,1214
casual,classic_bike,2024,3,5,14,1396,246
member,classic_bike,2024,8,6,10,769,1275
casual,classic_bike,2024,2,6,23,1825,63
member,electric_bike,2024,5,3,10,652,606
casual,electric_bike,2024,5,2,22,927,306
member,classic_bike,2024,11,1,21,988,269
casual,electric_bike,2024,2,4,13,847,191
casual,electric_bike,2024,3,1,13,1024,593
casual,electric_bike,2024,8,2,5,524,114
member,electric_bike,2024,9,5,13,642,1431
member,classic_bike,2024,1,3,5,560,145
casual,electric_bike,2024,5,5,14,999,819
member,electric_bike,2024,5,6,2,628,90
casual,electric_bike,2024,6,2,14,1076,905
member,electric_bike,2024,6,3,2,585,53
member,electric_bike,2024,8,5,21,710,1543
member,electric_bike,2024,9,2,21,675,1136
member,electric_scooter,2024,9,2,17,512,971
casual,classic_bike,2024,9,4,16,1392,1145
casual,classic_bike,2024,10,1,16,1757,1461
member,electric_bike,2024,10,6,23,722,676
member,electric_bike,2024,11,3,23,547,259
casual,electric_bike,2024,11,4,16,547,601
casual,electric_bike,2024,12,1,16,788,246
member,classic_bike,2024,1,1,17,640,386
member,electric_bike,2024,4,3,19,620,1593
member,electric_bike,2024,5,5,1,1072,142
casual,classic_bike,2024,2,7,10,1664,203
member,electric_bike,2024,3,5,10,645,453
casual,electric_bike,2024,1,2,15,732,170
casual,electric_bike,2024,2,1,21,541,63
casual,electric_bike,2024,5,4,13,986,797
casual,electric_bike,2024,6,6,16,989,1842
member,classic_bike,2024,11,2,22,961,221
casual,classic_bike,2024,9,1,1,1543,669
casual,electric_bike,2024,6,4,5,629,122
casual,electric_bike,2024,7,1,4,871,132
casual,electric_scooter,2024,9,2,23,670,265
casual,classic_bike,2024,12,4,15,1217,100
casual,electric_scooter,2024,9,1,13,874,978
member,classic_bike,2024,9,7,12,897,1777
member,classic_bike,2024,2,2,1,821,22
casual,electric_bike,2024,2,3,9,979,121
casual,classic_bike,2024,3,7,2,700,27
casual,classic_bike,2024,7,1,16,1784,1734
member,electric_bike,2024,9,4,12,603,1488
member,electric_scooter,2024,9,1,13,581,393
casual,classic_bike,2024,9,3,12,1649,602
casual,classic_bike,2024,2,6,0,645,50
member,electric_bike,2024,6,2,1,714,116
casual,classic_bike,2024,8,2,18,1605,1373
casual,classic_bike,2024,3,4,10,1645,161
member,electric_bike,2024,4,2,9,548,1099
member,electric_bike,2024,7,7,20,841,1356
member,classic_bike,2024,12,6,18,638,431
casual,electric_bike,2024,6,1,13,1251,2544
casual,electric_bike,2024,9,6,22,896,757
member,classic_bike,2024,10,5,22,821,638
member,electric_bike,2024,2,5,18,674,842
casual,electric_bike,2024,3,2,0,919,69
member,electric_bike,2024,9,6,0,645,363
casual,classic_bike,2024,9,2,11,2213,1237
casual,electric_bike,2024,10,4,1,595,106
casual,electric_bike,2024,8,2,22,881,422
casual,electric_bike,2024,11,5,3,385,28
casual,electric_bike,2024,12,2,3,650,25
casual,classic_bike,2024,1,6,8,569,56
casual,electric_bike,2024,2,2,8,767,110
member,electric_bike,2024,2,1,13,763,472
member,electric_bike,2024,2,7,6,620,55
casual,classic_bike,2024,4,3,1,2126,31
member,electric_bike,2024,8,6,8,658,2262
member,electric_bike,2024,9,3,8,675,2611
member,classic_bike,2024,1,2,18,675,934
casual,electric_bike,2024,4,7,21,1008,554
casual,electric_bike,2024,5,6,1,843,180
casual,electric_bike,2024,6,3,1,1081,126
casual,classic_bike,2024,8,6,23,1447,741
member,electric_bike,2024,12,7,3,466,40
casual,classic_bike,2024,12,6,3,525,5
member,classic_bike,2024,5,4,16,881,3557
member,electric_scooter,2024,9,5,18,561,913
member,classic_bike,2024,2,1,0,663,135
member,classic_bike,2024,2,3,11,743,716
member,classic_bike,2024,3,5,17,743,1892
casual,classic_bike,2024,4,1,10,1945,688
member,electric_bike,2024,6,6,3,638,62
member,electric_bike,2024,1,3,20,513,271
casual,electric_bike,2024,2,7,14,892,144
member,electric_bike,2024,4,6,11,631,919
casual,classic_bike,2024,8,5,13,2005,955
member,electric_bike,2024,11,3,6,631,781
casual,classic_bike,2024,11,4,9,810,170
member,electric_bike,2024,2,2,23,550,90
casual,electric_bike,2024,4,2,15,956,824
casual,electric_bike,2024,7,5,6,610,312
member,electric_bike,2024,7,5,6,640,865
member,classic_bike,2024,1,6,20,562,238
casual,electric_bike,2024,5,1,18,1132,1009
casual,classic_bike,2024,7,5,21,1536,857
casual,classic_bike,2024,9,7,17,1892,1661
casual,classic_bike,2024,10,4,17,1196,1373
member,electric_bike,2024,3,2,15,693,1101
casual,electric_bike,2024,7,7,20,1109,1353
member,classic_bike,2024,1,4,9,930,690
casual,electric_bike,2024,1,7,21,518,45
member,classic_bike,2024,6,5,1,885,41
member,classic_bike,2024,4,5,9,642,839
member,classic_bike,2024,10,1,20,784,566
member,electric_bike,2024,3,6,20,561,498
casual,electric_bike,2024,7,6,7,693,504
member,electric_bike,2024,10,2,21,607,720
member,classic_bike,2024,10,3,11,680,1133
member,classic_bike,2024,1,6,0,460,55
member,classic_bike,2024,4,2,17,880,3168
casual,classic_bike,2024,1,1,2,584,15
casual,electric_bike,2024,3,4,14,807,325
casual,classic_bike,2024,5,5,7,1583,300
casual,electric_bike,2024,7,3,15,974,1328
casual,classic_bike,2024,10,7,9,2122,937
casual,electric_bike,2024,12,5,18,716,212
member,electric_bike,2024,1,5,11,695,400
casual,electric_bike,2024,3,5,15,814,372
member,classic_bike,2024,3,3,3,1160,7
member,electric_bike,2024,9,6,23,718,697
member,electric_scooter,2024,9,6,19,529,522
casual,classic_bike,2024,11,2,18,1007,284
casual,classic_bike,2024,1,2,23,772,25
casual,electric_bike,2024,3,7,6,652,35
casual,electric_bike,2024,4,4,6,524,166
member,electric_bike,2024,6,7,4,751,114
casual,electric_bike,2024,2,5,23,555,76
member,electric_bike,2024,3,7,21,588,463
casual,electric_bike,2024,3,2,23,576,67
member,electric_bike,2024,4,4,20,559,823
casual,electric_bike,2024,8,6,7,657,692
casual,electric_bike,2024,9,3,7,599,648
member,classic_bike,2024,9,2,6,680,899
casual,electric_bike,2024,12,7,9,589,135
member,electric_bike,2024,2,2,3,684,15
member,classic_bike,2024,4,7,0,883,161
member,electric_bike,2024,5,7,12,879,1782
member,electric_bike,2024,6,4,12,700,1421
casual,classic_bike,2024,7,3,7,1169,530
casual,classic_bike,2024,3,2,19,1223,346
member,electric_bike,2024,6,7,7,794,812
member,electric_bike,2024,9,6,3,727,76
casual,classic_bike,2024,2,4,9,1476,116
member,electric_bike,2024,4,7,15,755,1465
casual,classic_bike,2024,5,7,1,1678,207
member,classic_bike,2024,10,5,2,590,20
member,classic_bike,2024,2,2,4,2451,27
casual,electric_bike,2024,4,1,14,1273,1113
member,electric_bike,2024,10,4,12,579,1737
member,classic_bike,2024,1,1,14,650,507
casual,electric_bike,2024,1,4,23,468,53
member,electric_bike,2024,4,3,16,726,3287
casual,electric_bike,2024,4,3,19,851,687
casual,classic_bike,2024,5,3,2,1252,20
casual,classic_bike,2024,8,2,21,1413,439
member,electric_bike,2024,9,2,4,525,107
casual,electric_bike,2024,9,1,16,1117,1934
casual,classic_bike,2024,1,4,17,1579,205
member,electric_bike,2024,2,6,2,627,26
casual,electric_bike,2024,2,6,4,582,9
casual,electric_bike,2024,3,3,4,532,20
member,electric_bike,2024,3,3,2,627,20
member,electric_bike,2024,5,5,21,675,1109
member,electric_bike,2024,6,2,21,716,853
member,electric_scooter,2024,9,4,8,535,926
member,classic_bike,2024,10,4,15,688,1952
member,electric_bike,2024,3,1,8,548,363
member,electric_bike,2024,3,7,1,478,170
casual,electric_scooter,2024,9,2,20,830,569
casual,classic_bike,2024,12,4,12,944,93
casual,electric_bike,2024,1,6,17,631,147
casual,electric_bike,2024,2,3,12,684,197
casual,classic_bike,2024,4,1,16,2396,1300
casual,electric_bike,2024,5,6,4,614,63
casual,classic_bike,2024,6,4,0,2529,123
member,electric_scooter,2024,9,1,16,532,548
casual,classic_bike,2024,12,1,20,1757,72
member,electric_bike,2024,11,1,12,644,1134
casual,classic_bike,2024,11,6,3,896,16
member,classic_bike,2024,12,6,15,650,521
casual,classic_bike,2024,1,3,10,698,64
casual,classic_bike,2024,2,6,3,829,7
member,classic_bike,2024,3,6,18,886,1061
member,classic_bike,2024,4,3,18,913,2237
member,classic_bike,2024,9,5,21,759,890
casual,electric_bike,2024,9,4,5,483,144
casual,classic_bike,2024,9,2,5,999,69
member,classic_bike,2024,5,6,10,787,1220
member,classic_bike,2024,6,3,10,715,850
casual,electric_scooter,2024,9,6,19,784,767
member,electric_bike,2024,10,1,20,637,686
member,electric_bike,2024,2,1,16,764,527
casual,electric_bike,2024,2,2,5,364,17
casual,classic_bike,2024,8,5,10,2098,657
casual,electric_bike,2024,10,1,0,759,705
member,classic_bike,2024,1,5,13,888,595
member,classic_bike,2024,6,6,2,1120,41
member,electric_bike,2024,1,1,9,849,192
casual,classic_bike,2024,7,5,18,1681,2073
casual,classic_bike,2024,10,4,14,1756,765
member,electric_bike,2024,12,3,1,453,62
member,electric_bike,2024,12,7,20,635,273
member,classic_bike,2024,1,2,21,681,245
member,classic_bike,2024,4,5,12,670,737
member,electric_bike,2024,7,7,14,905,1945
casual,classic_bike,2024,2,3,2,3898,8
member,electric_bike,2024,4,6,8,589,1287
casual,electric_bike,2024,8,4,13,987,893
casual,electric_bike,2024,11,3,9,586,276
casual,electric_bike,2024,3,2,20,779,240
casual,electric_bike,2024,6,5,12,1166,920
member,electric_bike,2024,6,6,0,638,327
member,electric_bike,2024,3,6,17,639,1423
casual,electric_bike,2024,3,6,19,685,277
member,electric_bike,2024,5,6,8,644,1777
member,classic_bike,2024,10,1,23,1007,133
casual,electric_bike,2024,1,1,8,467,38
casual,classic_bike,2024,2,1,17,1655,333
member,classic_bike,2024,11,1,15,779,1206
member,classic_bike,2024,11,2,5,575,208
casual,classic_bike,2024,4,5,12,1630,240
casual,classic_bike,2024,6,4,23,2380,270
casual,classic_bike,2024,9,7,14,1840,2038
casual,electric_bike,2024,10,3,17,754,1432
casual,classic_bike,2024,11,1,14,1812,738
member,classic_bike,2024,12,7,22,573,111
casual,classic_bike,2024,1,7,9,1162,66
casual,classic_bike,2024,3,1,9,2095,290
casual,electric_bike,2024,7,5,3,765,67
member,electric_bike,2024,8,4,14,703,1432
casual,electric_bike,2024,11,7,8,595,301
casual,electric_bike,2024,12,4,14,733,170
casual,classic_bike,2024,6,7,15,1900,2455
casual,classic_bike,2024,9,4,22,1161,428
casual,electric_bike,2024,10,6,9,910,513
casual,electric_bike,2024,2,5,20,587,117
casual,electric_bike,2024,7,2,11,1180,754
casual,classic_bike,2024,8,7,7,1923,411
casual,electric_scooter,2024,9,7,6,648,105
member,classic_bike,2024,3,7,5,748,34
member,classic_bike,2024,4,4,5,616,161
casual,electric_bike,2024,7,6,10,1320,854
member,electric_bike,2024,9,5,19,722,2013
member,classic_bike,2024,9,6,8,669,1725
casual,classic_bike,2024,5,6,17,1731,2032
casual,classic_bike,2024,6,3,16,1566,1220
member,classic_bike,2024,7,5,11,855,1075
casual,electric_scooter,2024,9,4,14,663,597
casual,electric_bike,2024,9,6,2,682,138
casual,electric_bike,2024,6,6,19,899,1278
casual,electric_bike,2024,7,3,18,834,1705
casual,classic_bike,2024,8,6,0,1736,248
member,electric_bike,2024,4,4,23,579,253
casual,classic_bike,2024,6,6,8,1297,513
member,classic_bike,2024,7,2,13,753,1352
member,classic_bike,2024,8,5,3,940,18
member,classic_bike,2024,9,2,3,998,28
casual,electric_bike,2024,10,7,16,1128,1572
casual,classic_bike,2024,11,5,19,981,150
casual,classic_bike,2024,5,2,12,2163,940
member,electric_bike,2024,7,6,10,778,1070
member,classic_bike,2024,2,6,0,565,92
member,classic_bike,2024,7,7,22,997,835
casual,classic_bike,2024,7,4,14,1863,1151
casual,classic_bike,2024,7,2,3,1155,26
member,electric_bike,2024,9,1,14,793,1742
casual,electric_bike,2024,9,5,12,934,792
member,electric_bike,2024,10,2,4,509,64
casual,classic_bike,2024,10,3,10,1929,422
casual,electric_bike,2024,11,7,14,856,896
member,electric_bike,2024,12,6,16,671,1041
member,electric_bike,2024,12,4,5,518,158
casual,electric_bike,2024,12,4,8,473,276
member,classic_bike,2024,2,1,14,873,1098
member,electric_bike,2024,6,4,6,627,1036
member,electric_bike,2024,9,3,2,918,58
casual,classic_bike,2024,10,1,22,1067,157
member,classic_bike,2024,6,5,18,901,2739
casual,classic_bike,2024,8,6,17,1645,2291
casual,electric_bike,2024,8,3,9,794,483
member,classic_bike,2024,9,4,14,729,1336
casual,classic_bike,2024,11,5,13,1440,221
casual,electric_bike,2024,11,2,5,590,54
member,classic_bike,2024,12,7,5,1904,24
casual,electric_bike,2024,5,6,18,967,1906
casual,electric_bike,2024,6,3,18,860,1773
member,classic_bike,2024,6,7,6,967,364
member,classic_bike,2024,9,6,2,1394,38
member,classic_bike,2024,11,5,20,654,472
member,classic_bike,2024,12,2,19,612,572
casual,electric_bike,2024,12,2,20,523,162
casual,electric_bike,2024,9,3,1,775,73
casual,classic_bike,2024,4,7,23,2111,232
casual,classic_bike,2024,4,2,20,1222,358
casual,electric_bike,2024,5,4,7,624,651
casual,classic_bike,2024,5,4,23,2081,152
member,classic_bike,2024,5,1,21,911,450
member,electric_bike,2024,5,2,3,644,55
casual,electric_bike,2024,6,1,7,1048,315
member,electric_bike,2024,11,2,19,571,1042
casual,classic_bike,2024,12,2,4,593,13
member,electric_bike,2024,7,4,22,783,1166
member,electric_bike,2024,8,1,22,769,657
casual,classic_bike,2024,8,4,6,931,219
casual,classic_bike,2024,11,3,2,509,8
casual,electric_bike,2024,1,5,13,613,161
member,electric_bike,2024,1,1,15,674,296
casual,electric_bike,2024,5,1,15,1203,1212
member,classic_bike,2024,5,5,3,415,13
casual,electric_bike,2024,8,1,15,1186,2196
member,electric_bike,2024,8,3,10,710,835
member,electric_bike,2024,11,6,1,650,111
member,classic_bike,2024,3,5,11,779,559
member,classic_bike,2024,8,4,22,845,659
casual,classic_bike,2024,9,6,10,2491,630
member,electric_bike,2024,11,7,5,519,91
casual,classic_bike,2024,1,6,2,468,4
member,classic_bike,2024,5,7,14,1076,2049
member,classic_bike,2024,12,5,11,564,332
casual,classic_bike,2024,4,4,8,992,235
member,classic_bike,2024,8,7,14,980,2072
casual,electric_bike,2024,10,5,5,475,123
casual,classic_bike,2024,3,3,3,719,3
member,electric_bike,2024,6,6,17,791,2875
member,electric_bike,2024,1,3,3,630,11
member,classic_bike,2024,5,3,9,821,854
casual,electric_bike,2024,5,3,3,1479,33
member,classic_bike,2024,12,3,23,556,93
member,electric_bike,2024,7,3,18,724,3024
casual,classic_bike,2024,7,2,20,1555,1080
casual,electric_bike,2024,8,5,20,845,1259
casual,electric_bike,2024,9,2,20,860,851
member,electric_bike,2024,10,7,13,776,1930
member,electric_bike,2024,2,4,8,622,1017
casual,classic_bike,2024,2,5,13,1402,290
member,electric_bike,2024,6,1,14,893,2326
member,classic_bike,2024,6,2,3,759,24
member,electric_bike,2024,10,3,8,666,3433
member,classic_bike,2024,4,2,11,692,1049
member,classic_bike,2024,9,1,22,792,467
member,classic_bike,2024,6,4,14,824,1235
member,electric_bike,2024,4,2,12,615,1399
member,electric_bike,2024,4,1,22,673,330
casual,classic_bike,2024,5,1,8,2167,458
member,classic_bike,2024,1,7,7,726,122
casual,classic_bike,2024,4,6,2,1000,8
member,electric_bike,2024,7,1,7,756,310
casual,electric_scooter,2024,9,3,10,622,310
member,electric_bike,2024,11,5,11,639,573
casual,electric_bike,2024,11,5,20,536,183
member,electric_bike,2024,12,2,11,964,642
member,classic_bike,2024,3,7,22,702,347
member,classic_bike,2024,4,4,22,655,287
member,classic_bike,2024,4,3,1,683,26
casual,electric_bike,2024,7,7,14,1308,2420
member,electric_bike,2024,8,7,15,922,2611
casual,electric_bike,2024,8,6,1,985,307
member,electric_bike,2024,8,5,4,632,78
casual,electric_bike,2024,6,7,0,830,916
casual,classic_bike,2024,6,1,22,1660,526
member,classic_bike,2024,7,3,17,927,4501
casual,electric_bike,2024,9,7,6,785,200
member,electric_bike,2024,10,5,19,648,2108
casual,electric_bike,2024,12,6,2,529,37
member,classic_bike,2024,2,5,19,695,1047
member,classic_bike,2024,3,2,19,762,1039
casual,electric_bike,2024,6,7,23,894,840
casual,classic_bike,2024,7,7,6,1907,174
member,electric_bike,2024,9,7,7,776,647
casual,classic_bike,2024,10,6,2,824,38
casual,electric_bike,2024,2,4,16,715,337
casual,classic_bike,2024,3,2,13,2086,277
member,electric_bike,2024,5,4,14,686,1728
casual,classic_bike,2024,6,5,4,4846,26
casual,classic_bike,2024,11,7,7,996,136
casual,electric_bike,2024,4,5,13,783,298
casual,classic_bike,2024,8,1,14,2017,2229
member,electric_bike,2024,5,7,6,768,242
member,electric_scooter,2024,9,2,20,518,408
casual,classic_bike,2024,1,1,16,1021,89
casual,classic_bike,2024,3,6,18,2037,340
member,classic_bike,2024,10,2,4,414,26
casual,classic_bike,2024,12,5,19,2082,50
member,electric_bike,2024,1,6,18,647,453
member,classic_bike,2024,11,6,1,786,46
member,classic_bike,2024,12,3,0,714,49
casual,electric_bike,2024,10,1,23,718,195
casual,classic_bike,2024,1,5,21,1584,46
casual,electric_bike,2024,1,3,2,402,6
casual,classic_bike,2024,2,2,21,2731,90
casual,electric_bike,2024,2,7,8,488,41
casual,electric_bike,2024,3,4,8,501,334
casual,electric_bike,2024,4,1,8,900,190
member,electric_bike,2024,5,1,22,669,457
member,classic_bike,2024,10,6,9,621,1049
member,classic_bike,2024,11,3,9,621,1013
casual,electric_bike,2024,3,1,16,963,568
casual,electric_bike,2024,5,6,21,879,739
casual,electric_bike,2024,6,4,8,716,714
casual,electric_bike,2024,12,2,23,572,90
member,electric_bike,2024,4,5,4,432,39
casual,electric_bike,2024,8,5,17,868,2401
member,classic_bike,2024,9,6,22,819,626
casual,classic_bike,2024,9,1,4,1579,115
casual,electric_bike,2024,10,5,8,546,878
casual,electric_bike,2024,11,4,13,616,323
member,classic_bike,2024,4,6,16,781,1126
casual,classic_bike,2024,4,2,17,1698,974
member,electric_bike,2024,5,7,9,728,1198
casual,electric_bike,2024,7,3,12,1003,846
member,electric_bike,2024,8,6,5,570,392
member,classic_bike,2024,1,3,2,755,8
casual,electric_bike,2024,9,3,4,492,48
casual,electric_bike,2024,12,2,0,506,57
member,classic_bike,2024,7,7,2,986,116
casual,classic_bike,2024,2,6,20,835,124
member,electric_bike,2024,3,6,0,653,180
member,classic_bike,2024,3,6,1,620,41
member,classic_bike,2024,6,5,21,887,1041
member,classic_bike,2024,8,7,17,993,2237
member,electric_bike,2024,9,4,15,725,2312
casual,electric_scooter,2024,9,4,8,529,722
member,classic_bike,2024,9,4,17,840,4139
member,classic_bike,2024,5,7,11,1045,1979
member,classic_bike,2024,8,6,7,746,1642
casual,classic_bike,2024,2,7,7,649,29
casual,classic_bike,2024,3,4,7,725,143
casual,electric_bike,2024,7,4,22,957,1002
member,electric_bike,2024,10,2,1,517,93
casual,electric_bike,2024,3,2,3,941,22
casual,electric_bike,2024,5,7,8,1089,504
casual,electric_bike,2024,7,1,7,901,202
casual,electric_bike,2024,2,1,1,603,23
member,classic_bike,2024,4,5,6,851,536
casual,electric_bike,2024,9,2,17,921,1866
casual,electric_bike,2024,11,2,8,522,435
casual,classic_bike,2024,1,6,5,724,11
casual,classic_bike,2024,4,3,4,808,7
casual,classic_bike,2024,7,2,23,1975,213
member,electric_bike,2024,9,3,5,667,327
member,electric_bike,2024,3,5,13,596,761
member,classic_bike,2024,9,7,9,835,1278
casual,electric_bike,2024,11,5,0,462,87
member,electric_bike,2024,7,6,13,780,1636
casual,classic_bike,2024,8,2,15,1641,1022
member,electric_bike,2024,8,3,13,676,1239
casual,classic_bike,2024,6,1,5,1685,87
member,electric_bike,2024,7,5,3,880,63
casual,classic_bike,2024,12,6,0,856,32
casual,electric_bike,2024,1,2,12,514,138
member,electric_bike,2024,2,7,3,647,18
member,electric_bike,2024,3,4,3,838,27
member,electric_bike,2024,5,6,22,742,961
member,electric_bike,2024,6,3,22,724,722
casual,classic_bike,2024,10,2,6,1478,108
member,electric_bike,2024,1,3,0,992,47
casual,electric_bike,2024,5,3,6,557,246
member,classic_bike,2024,12,6,21,629,118
casual,classic_bike,2024,12,3,8,610,121
casual,electric_bike,2024,3,7,9,836,390
casual,electric_bike,2024,10,3,11,909,519
casual,electric_bike,2024,4,2,18,818,974
casual,electric_bike,2024,7,5,9,831,534
casual,electric_bike,2024,1,7,18,524,73
casual,classic_bike,2024,8,5,16,1438,1393
member,electric_bike,2024,10,5,16,695,3966
casual,classic_bike,2024,11,4,12,1626,246
member,electric_bike,2024,11,3,3,762,18
member,classic_bike,2024,2,3,8,777,1904
casual,classic_bike,2024,3,7,22,1362,180
member,classic_bike,2024,5,4,19,893,2462
casual,classic_bike,2024,6,5,1,1116,107
casual,classic_bike,2024,8,7,21,1783,1268
member,classic_bike,2024,8,4,2,618,19
member,classic_bike,2024,9,1,2,739,192
member,electric_bike,2024,10,3,11,613,1206
member,electric_bike,2024,2,2,20,544,360
member,classic_bike,2024,2,5,22,662,372
member,classic_bike,2024,1,4,12,702,701
member,electric_bike,2024,4,6,14,606,1045
member,classic_bike,2024,6,4,11,807,1254
member,electric_bike,2024,11,7,22,607,512
member,electric_bike,2024,12,4,22,592,173
casual,electric_bike,2024,12,5,15,615,217
member,classic_bike,2024,3,5,14,791,697
member,classic_bike,2024,4,2,14,754,1183
member,electric_bike,2024,1,6,15,570,442
casual,electric_bike,2024,4,4,9,617,257
casual,electric_bike,2024,6,3,21,908,805
casual,electric_bike,2024,11,5,23,526,124
casual,electric_bike,2024,3,5,18,648,441
member,classic_bike,2024,3,3,0,801,30
member,classic_bike,2024,6,2,20,900,1477
member,electric_bike,2024,9,6,20,676,1216
casual,electric_bike,2024,4,7,1,744,169
casual,electric_bike,2024,6,6,13,1116,1187
member,electric_bike,2024,6,4,9,640,1257
casual,electric_scooter,2024,9,6,5,428,83
casual,classic_bike,2024,10,7,12,1837,2024
member,electric_bike,2024,11,2,16,628,1920
casual,classic_bike,2024,12,6,23,626,35
casual,electric_bike,2024,8,6,4,711,80
casual,electric_scooter,2024,9,1,16,874,1178
member,electric_bike,2024,10,5,2,583,67
member,electric_bike,2024,12,6,19,627,435
member,electric_bike,2024,5,4,17,777,4128
member,electric_bike,2024,6,1,17,871,2332
casual,classic_bike,2024,7,6,2,1392,121
casual,classic_bike,2024,8,3,2,2710,38
member,classic_bike,2024,10,3,14,716,1144
casual,classic_bike,2024,11,7,4,512,33
member,classic_bike,2024,7,5,5,722,308
member,classic_bike,2024,8,2,5,800,295
member,classic_bike,2024,8,2,11,733,1013
casual,classic_bike,2024,10,5,21,1205,380
casual,classic_bike,2024,11,2,21,761,85
casual,classic_bike,2024,1,5,18,823,135
member,electric_bike,2024,1,3,23,607,95
casual,classic_bike,2024,2,2,18,1225,268
member,classic_bike,2024,4,7,3,503,23
casual,classic_bike,2024,7,3,10,2536,773
member,classic_bike,2024,10,6,6,705,493
member,classic_bike,2024,11,3,6,722,595
member,classic_bike,2024,1,6,3,698,12
casual,classic_bike,2024,4,6,19,1341,367
casual,classic_bike,2024,5,3,19,1495,710
casual,electric_bike,2024,12,7,6,393,31
member,electric_bike,2024,1,7,2,576,57
casual,classic_bike,2024,4,5,18,1129,331
casual,electric_bike,2024,8,1,21,1049,807
casual,classic_bike,2024,1,2,3,940,6
member,classic_bike,2024,5,5,20,862,1470
member,electric_bike,2024,6,2,18,716,2553
member,classic_bike,2024,8,4,16,834,2770
casual,electric_bike,2024,9,7,23,965,825
casual,electric_bike,2024,10,2,7,557,446
member,classic_bike,2024,11,7,8,761,663
casual,electric_bike,2024,12,6,19,554,135
member,electric_bike,2024,4,1,8,659,405
casual,electric_bike,2024,3,6,5,469,35
casual,classic_bike,2024,8,4,12,1914,894
casual,classic_bike,2024,9,5,23,1419,347
member,electric_bike,2024,11,4,7,595,1486
casual,classic_bike,2024,11,3,8,893,279
casual,classic_bike,2024,5,7,21,1790,715
member,classic_bike,2024,6,1,19,1021,1717
casual,classic_bike,2024,6,4,20,1709,1233
member,electric_bike,2024,7,1,1,682,347
member,electric_bike,2024,12,2,17,625,1692
member,electric_bike,2024,1,5,14,566,525
casual,electric_bike,2024,1,7,1,587,43
casual,classic_bike,2024,1,4,14,982,118
member,classic_bike,2024,3,2,22,660,151
casual,electric_bike,2024,4,6,20,789,385
casual,classic_bike,2024,5,5,10,2070,490
casual,classic_bike,2024,6,2,9,2314,492
casual,electric_bike,2024,11,2,22,493,132
member,classic_bike,2024,12,5,17,703,789
casual,classic_bike,2024,7,5,1,1285,136
casual,classic_bike,2024,8,2,1,861,82
member,classic_bike,2024,10,5,5,636,262
casual,classic_bike,2024,1,3,13,1780,97
casual,classic_bike,2024,5,2,18,1877,1020
casual,electric_bike,2024,8,7,8,1009,835
member,electric_bike,2024,5,5,18,720,2674
member,classic_bike,2024,7,7,16,1052,1926
casual,electric_bike,2024,9,5,18,817,1592
member,classic_bike,2024,9,1,16,934,2020
member,electric_bike,2024,3,4,9,538,804
member,electric_bike,2024,7,3,12,662,1434
casual,electric_bike,2024,9,1,13,1221,1595
casual,electric_bike,2024,10,1,6,948,322
member,electric_bike,2024,10,6,3,638,55
member,classic_bike,2024,10,1,0,976,290
member,electric_bike,2024,1,6,1,691,32
casual,electric_bike,2024,4,3,5,481,79
member,electric_bike,2024,7,2,11,741,1108
member,electric_scooter,2024,9,7,9,518,261
member,electric_bike,2024,10,7,7,708,530
casual,classic_bike,2024,10,6,8,1208,406
member,electric_bike,2024,12,1,7,745,154
member,classic_bike,2024,6,7,12,962,2127
member,electric_bike,2024,6,6,23,754,783
casual,classic_bike,2024,4,7,6,1583,42
member,classic_bike,2024,5,3,15,696,1218
casual,classic_bike,2024,5,4,6,1419,210
member,classic_bike,2024,7,3,0,890,121
member,electric_bike,2024,8,2,3,805,80
member,electric_bike,2024,10,4,15,664,2606
member,electric_bike,2024,11,1,15,727,1305
member,classic_bike,2024,2,6,23,562,159
member,classic_bike,2024,3,3,23,652,135
member,electric_scooter,2024,9,3,7,490,674
casual,classic_bike,2024,9,5,6,841,234
member,classic_bike,2024,5,6,7,728,1555
member,classic_bike,2024,6,3,7,702,1799
casual,electric_bike,2024,2,5,3,660,8
member,electric_bike,2024,4,4,0,547,116
casual,electric_bike,2024,5,7,2,805,222
member,classic_bike,2024,6,6,22,829,698
casual,electric_bike,2024,8,2,2,876,151
casual,electric_bike,2024,9,4,8,613,895
member,classic_bike,2024,9,5,18,847,2932
casual,electric_bike,2024,12,3,4,411,26
casual,classic_bike,2024,12,2,21,1273,80
member,electric_bike,2024,1,4,10,688,370
member,electric_bike,2024,2,7,9,902,235
casual,classic_bike,2024,2,3,5,413,24
member,electric_bike,2024,5,1,16,864,1394
member,classic_bike,2024,5,2,5,747,233
member,classic_bike,2024,8,1,1,902,275
member,classic_bike,2024,4,7,20,829,557
member,classic_bike,2024,11,4,16,676,1630
member,classic_bike,2024,7,6,15,934,1903
member,classic_bike,2024,7,1,9,822,874
member,classic_bike,2024,8,3,15,736,1422
member,electric_bike,2024,11,5,17,671,1636
casual,classic_bike,2024,11,6,23,733,175
member,classic_bike,2024,2,2,21,696,425
casual,classic_bike,2024,2,1,14,1613,534
casual,classic_bike,2024,3,3,20,1322,175
member,electric_bike,2024,6,5,13,675,1406
member,electric_bike,2024,8,7,9,753,1790
casual,classic_bike,2024,8,7,4,2409,73
member,electric_bike,2024,9,4,9,648,1440
casual,classic_bike,2024,11,6,0,788,77
casual,classic_bike,2024,4,2,23,1390,76
casual,classic_bike,2024,6,7,12,2124,2487
casual,electric_bike,2024,8,4,16,938,1598
casual,electric_scooter,2024,9,5,18,743,1047
member,classic_bike,2024,9,3,7,738,2233
casual,electric_bike,2024,9,6,19,794,1177
casual,electric_bike,2024,10,5,22,628,598
casual,electric_bike,2024,10,6,12,1044,961
casual,electric_bike,2024,11,3,12,687,370
member,electric_bike,2024,12,5,9,505,624
casual,classic_bike,2024,1,1,22,1131,37
member,electric_bike,2024,7,7,17,900,1944
member,classic_bike,2024,10,2,10,783,853
casual,classic_bike,2024,2,5,19,826,197
casual,electric_bike,2024,6,4,2,708,75
casual,classic_bike,2024,9,1,21,1550,609
casual,electric_bike,2024,11,6,4,462,41
member,electric_bike,2024,1,2,19,542,386
casual,electric_bike,2024,5,2,19,928,673
casual,electric_scooter,2024,9,7,9,687,401
casual,electric_bike,2024,10,7,13,1197,1716
member,classic_bike,2024,11,2,2,964,32
member,classic_bike,2024,12,4,7,616,683
casual,electric_bike,2024,12,1,13,738,266
member,classic_bike,2024,7,4,1,873,48
casual,classic_bike,2024,7,7,12,2143,2926
member,classic_bike,2024,10,7,16,912,1718
member,classic_bike,2024,12,1,15,784,740
member,classic_bike,2024,2,4,12,750,838
member,classic_bike,2024,3,1,12,873,1199
member,classic_bike,2024,11,6,7,658,1068
member,classic_bike,2024,12,3,6,611,392
member,electric_bike,2024,12,7,23,600,231
member,electric_bike,2024,5,3,7,665,1784
member,classic_bike,2024,5,1,4,704,38
casual,classic_bike,2024,6,6,11,2053,942
member,classic_bike,2024,8,5,6,697,1047
member,classic_bike,2024,2,1,20,1132,306
casual,electric_bike,2024,2,1,18,849,121
casual,classic_bike,2024,3,5,11,1675,151
member,electric_bike,2024,8,5,18,732,3482
member,electric_bike,2024,9,2,18,692,3055
member,electric_bike,2024,10,1,0,673,604
member,classic_bike,2024,1,3,8,706,906
casual,electric_bike,2024,10,4,21,618,551
member,electric_bike,2024,11,6,18,632,1700
casual,electric_bike,2024,11,1,21,725,195
member,electric_bike,2024,12,3,18,648,1068
member,classic_bike,2024,3,1,9,797,636
casual,electric_bike,2024,7,1,1,821,448
member,classic_bike,2024,12,2,16,943,1082
member,classic_bike,2024,7,2,10,809,972
casual,electric_bike,2024,8,3,6,560,377
casual,classic_bike,2024,8,6,20,1563,908
casual,electric_bike,2024,10,7,19,787,854
casual,classic_bike,2024,11,5,16,1123,317
casual,electric_bike,2024,11,2,2,522,35
casual,electric_bike,2024,1,2,18,538,146
casual,classic_bike,2024,6,2,6,1027,178
member,electric_bike,2024,7,4,2,766,67
casual,electric_bike,2024,1,7,4,769,11
member,classic_bike,2024,2,6,3,499,16
casual,electric_bike,2024,4,6,0,612,127
member,classic_bike,2024,5,1,1,868,227
member,classic_bike,2024,5,5,23,793,329
member,classic_bike,2024,8,4,19,881,2277
member,classic_bike,2024,11,7,11,701,1220
casual,classic_bike,2024,4,5,15,1541,326
casual,classic_bike,2024,5,2,15,2327,954
member,electric_bike,2024,5,4,11,707,1304
member,classic_bike,2024,5,5,0,722,167
member,electric_bike,2024,7,6,7,681,1224
member,electric_bike,2024,8,3,7,667,2020
casual,classic_bike,2024,11,1,17,1378,359
member,electric_bike,2024,2,5,15,651,989
casual,classic_bike,2024,3,7,5,1726,22
casual,classic_bike,2024,9,3,15,1689,691
member,classic_bike,2024,12,7,2,616,28
casual,electric_bike,2024,5,4,10,843,498
casual,electric_bike,2024,6,1,10,1188,1633
member,electric_bike,2024,11,2,22,554,287
casual,classic_bike,2024,7,4,11,2313,826
casual,classic_bike,2024,8,1,11,2127,1894
member,electric_bike,2024,8,4,17,765,3747
member,electric_bike,2024,9,1,17,837,2014
casual,classic_bike,2024,9,4,2,2070,33
casual,classic_bike,2024,10,3,7,912,404
casual,classic_bike,2024,10,1,2,965,201
member,classic_bike,2024,1,6,23,1060,90
member,electric_bike,2024,6,6,20,737,1335
member,classic_bike,2024,6,7,9,840,1643
member,classic_bike,2024,6,1,16,1062,2494
casual,classic_bike,2024,10,5,1,509,42
member,classic_bike,2024,11,5,17,774,1440
casual,electric_bike,2024,12,2,17,576,430
member,classic_bike,2024,4,7,17,1073,1375
member,electric_bike,2024,7,2,8,636,2250
casual,electric_bike,2024,10,5,2,547,74
member,electric_bike,2024,5,2,6,562,665
member,electric_bike,2024,7,3,15,694,2243
member,electric_bike,2024,10,6,6,615,657
member,classic_bike,2024,10,1,3,996,88
casual,classic_bike,2024,11,3,22,575,127
member,classic_bike,2024,7,7,19,958,1593
member,classic_bike,2024,9,1,19,940,1406
casual,electric_bike,2024,10,2,10,1042,446
casual,electric_bike,2024,1,5,10,504,96
member,electric_bike,2024,1,7,5,428,20
member,electric_bike,2024,4,4,3,663,38
casual,electric_bike,2024,7,5,23,838,503
member,classic_bike,2024,8,7,11,951,2285
member,classic_bike,2024,9,4,11,740,1208
casual,classic_bike,2024,12,6,6,542,32
member,electric_bike,2024,12,7,0,530,182
casual,electric_bike,2024,10,1,3,691,203
casual,electric_bike,2024,9,5,15,924,1183
member,electric_bike,2024,11,7,8,634,679
member,electric_bike,2024,12,4,8,533,1230
member,electric_bike,2024,1,6,21,599,196
member,classic_bike,2024,1,7,10,658,387
casual,electric_bike,2024,1,5,7,490,135
casual,electric_bike,2024,4,4,3,327,16
member,classic_bike,2024,8,3,12,693,1153
member,electric_bike,2024,8,2,23,727,345
casual,electric_scooter,2024,9,3,7,468,578
casual,classic_bike,2024,9,2,8,1260,605
member,electric_bike,2024,11,5,14,577,742
casual,electric_bike,2024,11,5,17,652,534
casual,classic_bike,2024,11,2,1,2476,35
member,classic_bike,2024,11,6,4,1495,34
member,classic_bike,2024,3,3,6,593,445
casual,classic_bike,2024,4,3,21,1276,231
member,electric_bike,2024,2,2,0,534,59
casual,electric_bike,2024,2,7,11,696,104
member,electric_bike,2024,5,1,19,773,1072
casual,classic_bike,2024,10,6,22,1145,437
member,electric_bike,2024,3,2,18,609,1454
casual,classic_bike,2024,4,1,13,2254,1312
member,electric_bike,2024,8,5,1,670,164
member,electric_bike,2024,6,1,11,845,2034
member,classic_bike,2024,6,2,0,1138,91
casual,classic_bike,2024,12,4,9,1142,74
member,classic_bike,2024,2,5,16,735,2336
member,classic_bike,2024,3,2,16,798,1765
casual,classic_bike,2024,4,2,0,2804,50
member,electric_bike,2024,7,5,9,662,1106
casual,classic_bike,2024,7,1,19,1846,1157
member,electric_bike,2024,9,7,10,784,1641
member,classic_bike,2024,5,2,8,717,1651
member,classic_bike,2024,7,4,4,656,38
member,classic_bike,2024,8,1,4,772,75
member,electric_bike,2024,10,5,22,624,960
casual,electric_bike,2024,7,7,17,1148,2103
casual,classic_bike,2024,9,6,7,1000,402
member,electric_bike,2024,7,5,23,719,581
member,classic_bike,2024,7,6,12,856,1540
member,electric_bike,2024,12,2,14,625,801
member,classic_bike,2024,12,3,3,922,11
member,classic_bike,2024,2,6,6,567,573
casual,classic_bike,2024,3,6,21,916,95
member,classic_bike,2024,2,1,17,956,873
casual,electric_bike,2024,3,4,11,780,179
casual,electric_bike,2024,5,3,23,691,190
member,classic_bike,2024,7,3,20,859,1635
casual,classic_bike,2024,7,3,4,2894,26
member,electric_bike,2024,8,1,2,710,220
member,electric_scooter,2024,9,2,23,510,103
member,electric_bike,2024,12,5,6,506,385
casual,classic_bike,2024,10,2,23,1343,101
member,classic_bike,2024,12,4,10,606,327
casual,classic_bike,2024,2,5,16,1126,472
casual,classic_bike,2024,3,2,16,1762,592
member,electric_scooter,2024,9,5,15,501,555
casual,electric_bike,2024,10,4,18,670,1284
member,electric_bike,2024,11,6,21,603,632
casual,electric_bike,2024,11,1,18,663,402
member,electric_bike,2024,12,3,21,608,396
casual,classic_bike,2024,3,5,8,806,145
casual,electric_bike,2024,4,5,16,726,717
casual,electric_bike,2024,5,2,16,984,958
member,electric_bike,2024,12,6,13,512,598
member,classic_bike,2024,3,6,21,658,322
casual,electric_bike,2024,4,3,22,644,296
casual,electric_bike,2024,5,2,2,925,102
casual,electric_bike,2024,7,6,13,1201,1522
casual,electric_bike,2024,2,6,7,532,86
casual,classic_bike,2024,3,6,15,1918,405
casual,classic_bike,2024,3,4,4,6529,10
member,electric_scooter,2024,9,6,22,619,289
member,electric_bike,2024,3,3,22,565,353
casual,electric_bike,2024,4,1,11,1166,776
casual,classic_bike,2024,4,3,7,734,240
casual,classic_bike,2024,6,7,18,1859,1646
casual,electric_bike,2024,7,4,2,721,93
member,electric_bike,2024,1,2,16,634,826
casual,electric_bike,2024,1,6,14,738,135
casual,classic_bike,2024,2,2,1,5284,10
member,electric_bike,2024,4,5,7,591,1360
casual,electric_bike,2024,4,5,10,724,217
casual,electric_scooter,2024,9,4,11,627,433
casual,electric_bike,2024,2,4,19,605,146
casual,electric_bike,2024,3,1,19,800,234
casual,classic_bike,2024,6,5,7,1118,437
member,electric_scooter,2024,9,4,11,438,349
member,electric_bike,2024,1,4,4,662,43
casual,classic_bike,2024,12,1,17,1179,107
casual,classic_bike,2024,1,7,12,1151,108
casual,electric_bike,2024,1,4,3,565,7
casual,classic_bike,2024,2,4,12,1167,208
member,electric_bike,2024,2,3,7,678,851
member,electric_bike,2024,6,5,16,775,2941
casual,electric_scooter,2024,9,2,0,1128,2
member,classic_bike,2024,10,7,10,819,1458
member,classic_bike,2024,11,4,10,718,721
member,classic_bike,2024,1,7,4,687,15
casual,electric_bike,2024,3,6,22,616,170
member,classic_bike,2024,4,3,21,799,696
casual,electric_bike,2024,3,3,7,535,201
member,classic_bike,2024,6,6,5,734,295
casual,electric_bike,2024,6,7,3,798,190
casual,classic_bike,2024,10,2,0,2304,71
casual,classic_bike,2024,1,5,1,842,4
member,electric_scooter,2024,9,1,19,535,402
member,electric_bike,2024,9,2,1,670,183
member,electric_bike,2024,10,1,17,720,1567
member,classic_bike,2024,11,6,21,842,501
member,electric_bike,2024,2,4,11,761,428
member,electric_bike,2024,3,1,11,850,865
member,electric_bike,2024,3,7,4,584,40
casual,classic_bike,2024,7,5,15,1949,1467
member,electric_bike,2024,10,3,5,522,354
member,classic_bike,2024,1,5,16,827,1174
casual,classic_bike,2024,5,1,11,2169,1166
casual,classic_bike,2024,12,3,5,410,16
member,classic_bike,2024,4,6,13,746,937
member,electric_bike,2024,4,1,2,539,145
casual,classic_bike,2024,5,7,4,1696,34
casual,classic_bike,2024,6,4,3,1086,18
casual,electric_scooter,2024,9,6,22,872,624
casual,classic_bike,2024,1,3,7,769,53
member,electric_bike,2024,3,6,14,618,981
casual,classic_bike,2024,3,7,19,1632,379
member,classic_bike,2024,3,7,2,548,43
casual,electric_bike,2024,8,6,21,855,1096
casual,classic_bike,2024,8,3,5,713,81
casual,electric_bike,2024,1,1,11,618,101
casual,electric_bike,2024,1,3,22,510,50
casual,classic_bike,2024,4,6,22,1421,175
casual,electric_bike,2024,2,2,2,839,10
casual,electric_bike,2024,4,6,14,791,467
casual,electric_bike,2024,4,7,4,716,38
member,classic_bike,2024,8,6,13,879,1837
casual,electric_bike,2024,8,4,10,1142,518
casual,electric_bike,2024,9,2,0,807,387
casual,classic_bike,2024,9,4,19,1382,987
casual,electric_bike,2024,11,3,6,444,203
casual,classic_bike,2024,12,7,10,1653,126
casual,electric_bike,2024,5,5,17,860,1692
member,electric_bike,2024,5,6,5,591,298
member,electric_bike,2024,11,7,2,520,190
member,classic_bike,2024,12,3,20,716,361
member,classic_bike,2024,1,2,1,726,71
member,electric_bike,2024,1,1,12,751,314
casual,electric_bike,2024,10,3,14,879,743
member,electric_bike,2024,12,7,17,720,541
member,classic_bike,2024,10,4,18,829,3148
member,classic_bike,2024,11,1,18,614,630
member,classic_bike,2024,5,1,18,974,1677
member,electric_bike,2024,2,2,17,692,1026
casual,classic_bike,2024,3,1,12,1845,819
member,classic_bike,2024,12,1,9,996,336
member,electric_bike,2024,4,3,13,583,1196
member,classic_bike,2024,4,4,2,416,8
casual,classic_bike,2024,7,6,5,1862,139
member,electric_bike,2024,9,5,16,759,3408
casual,electric_bike,2024,9,3,21,734,677
member,classic_bike,2024,9,6,5,724,201
member,classic_bike,2024,2,3,5,609,212
casual,classic_bike,2024,2,7,4,628,8
casual,classic_bike,2024,5,3,22,1894,232
member,electric_bike,2024,7,4,19,725,2561
member,classic_bike,2024,7,2,16,803,3131
casual,electric_bike,2024,11,4,19,572,221
member,electric_bike,2024,2,6,22,584,132
casual,electric_bike,2024,8,5,0,708,398
member,classic_bike,2024,9,3,13,695,1015
casual,classic_bike,2024,10,1,19,1496,456
casual,classic_bike,2024,12,6,20,2363,39
casual,electric_bike,2024,6,2,17,885,1759
member,electric_bike,2024,6,3,5,526,358
member,classic_bike,2024,6,2,23,840,190
casual,classic_bike,2024,7,2,0,2714,241
casual,classic_bike,2024,10,4,11,1765,595
casual,classic_bike,2024,11,1,11,1608,850
casual,electric_bike,2024,6,5,9,880,504
member,classic_bike,2024,6,5,15,799,1565
casual,electric_bike,2024,7,2,8,643,761
member,classic_bike,2024,8,5,0,967,182
casual,electric_scooter,2024,9,1,19,834,808
member,classic_bike,2024,9,2,0,755,185
casual,electric_bike,2024,12,7,3,586,39
member,classic_bike,2024,2,7,10,859,721
member,classic_bike,2024,3,4,10,715,533
member,classic_bike,2024,4,1,10,883,1044
member,electric_bike,2024,4,7,18,757,1361
casual,classic_bike,2024,5,6,14,2072,1171
casual,classic_bike,2024,6,3,13,2151,699
member,classic_bike,2024,7,5,8,738,2084
member,classic_bike,2024,8,2,8,748,1752
casual,electric_bike,2024,11,7,11,883,713
casual,electric_bike,2024,12,4,11,837,152
member,classic_bike,2024,6,1,22,855,404
member,classic_bike,2024,1,6,6,564,287
member,electric_bike,2024,7,2,14,696,1482
member,classic_bike,2024,5,2,17,966,2460
casual,electric_bike,2024,6,1,4,769,201
member,classic_bike,2024,8,1,13,934,1904
member,electric_bike,2024,4,2,0,466,132
casual,classic_bike,2024,5,6,8,1317,396
member,electric_bike,2024,5,1,5,665,126
casual,classic_bike,2024,9,4,8,1059,630
casual,electric_bike,2024,11,7,17,802,639
casual,electric_bike,2024,1,5,16,557,302
casual,electric_bike,2024,4,4,12,677,287
casual,classic_bike,2024,8,3,14,1870,764
casual,classic_bike,2024,10,4,23,1320,162
casual,classic_bike,2024,11,2,10,1450,273
casual,classic_bike,2024,11,1,23,1221,84
member,electric_bike,2024,2,5,9,614,632
member,electric_bike,2024,3,2,9,582,604
casual,classic_bike,2024,7,5,4,1681,23
casual,classic_bike,2024,8,2,4,1088,37
casual,classic_bike,2024,10,4,0,1714,79
member,classic_bike,2024,11,6,18,753,1366
casual,classic_bike,2024,11,1,0,744,152
casual,electric_bike,2024,1,3,11,554,73
casual,electric_bike,2024,2,7,20,531,63
casual,electric_bike,2024,3,5,7,479,175
casual,electric_bike,2024,3,4,20,695,178
casual,electric_bike,2024,4,2,7,549,309
casual,electric_bike,2024,5,3,17,814,1187
casual,classic_bike,2024,6,6,22,1465,657
member,electric_bike,2024,1,5,17,624,1217
member,electric_bike,2024,1,3,12,569,312
member,electric_bike,2024,2,4,22,632,204
member,classic_bike,2024,12,6,9,785,383
member,classic_bike,2024,5,4,22,1117,613
member,electric_bike,2024,9,6,9,669,1296
member,classic_bike,2024,9,1,5,945,86
casual,classic_bike,2024,12,3,19,675,72
member,classic_bike,2024,1,4,1,668,23
member,electric_bike,2024,1,6,4,762,28
casual,classic_bike,2024,5,5,21,1091,527
casual,electric_bike,2024,7,1,18,1095,1123
member,classic_bike,2024,7,4,13,763,1579
casual,electric_bike,2024,10,1,9,1192,1096
casual,electric_bike,2024,3,3,10,640,190
casual,classic_bike,2024,3,1,18,1970,320
casual,electric_bike,2024,7,7,11,1365,1886
casual,classic_bike,2024,7,2,12,2088,1122
casual,electric_bike,2024,9,5,21,811,772
casual,classic_bike,2024,1,3,16,1012,147
member,classic_bike,2024,3,6,12,624,764
member,classic_bike,2024,4,3,12,782,1167
member,electric_bike,2024,4,2,23,581,265
member,electric_scooter,2024,9,4,22,517,235
member,classic_bike,2024,11,5,8,643,1371
member,classic_bike,2024,2,5,10,782,866
member,classic_bike,2024,3,2,10,681,581
casual,classic_bike,2024,3,7,11,1935,863
casual,classic_bike,2024,9,3,21,1054,448
member,electric_bike,2024,12,5,20,547,269
casual,electric_bike,2024,12,5,4,477,12
casual,classic_bike,2024,3,6,1,1383,33
member,classic_bike,2024,4,2,2,625,11
member,classic_bike,2024,7,3,3,958,16
casual,electric_scooter,2024,9,5,7,488,577
member,electric_bike,2024,1,7,14,581,322
member,electric_bike,2024,1,2,2,696,78
casual,classic_bike,2024,4,5,6,1143,66
member,electric_bike,2024,6,2,7,662,1687
member,classic_bike,2024,6,7,15,942,1832
member,classic_bike,2024,7,6,18,968,2435
member,electric_bike,2024,8,3,16,729,3183
casual,electric_bike,2024,2,3,18,699,225
casual,electric_bike,2024,10,2,19,674,529
member,electric_bike,2024,2,1,7,1121,98
member,classic_bike,2024,4,6,4,905,29
member,electric_bike,2024,5,7,21,745,804
casual,classic_bike,2024,8,6,6,1016,235
casual,electric_bike,2024,1,1,14,646,105
member,classic_bike,2024,2,2,18,697,1311
casual,electric_bike,2024,3,1,5,715,38
member,classic_bike,2024,3,1,23,658,104
casual,electric_bike,2024,4,5,22,684,235
casual,classic_bike,2024,8,1,17,1934,1995
casual,electric_bike,2024,1,6,3,1139,7
casual,classic_bike,2024,7,6,14,2192,1861
member,classic_bike,2024,10,3,2,453,32
casual,classic_bike,2024,11,7,16,1444,746
casual,classic_bike,2024,9,7,0,1504,394
member,electric_bike,2024,10,4,3,672,71
member,classic_bike,2024,12,3,17,756,1137
casual,classic_bike,2024,6,7,9,2303,1347
casual,electric_bike,2024,10,6,15,973,1421
casual,electric_bike,2024,10,7,2,566,269
casual,electric_bike,2024,11,4,2,606,48
member,electric_bike,2024,3,1,22,519,248
member,electric_bike,2024,8,5,7,638,2172
member,classic_bike,2024,9,2,15,826,2123
member,classic_bike,2024,1,7,16,654,410
member,classic_bike,2024,1,2,4,658,19
casual,classic_bike,2024,5,2,6,1191,129
member,electric_bike,2024,6,7,13,841,2258
member,classic_bike,2024,8,3,18,805,2877
casual,electric_bike,2024,10,4,10,774,481
casual,classic_bike,2024,4,3,15,1643,604
member,electric_bike,2024,6,4,21,768,1338
member,classic_bike,2024,2,4,23,514,148
casual,electric_bike,2024,2,4,5,603,24
casual,classic_bike,2024,7,4,17,1404,2520
member,electric_bike,2024,7,3,1,885,107
member,classic_bike,2024,9,7,21,759,709
casual,classic_bike,2024,10,1,8,2248,729
member,electric_bike,2024,12,6,7,516,531
casual,classic_bike,2024,1,4,3,1257,7
casual,classic_bike,2024,2,1,3,2443,26
member,electric_bike,2024,3,6,11,754,660
member,electric_bike,2024,4,3,10,612,861
member,electric_scooter,2024,9,5,9,484,469
member,electric_bike,2024,10,2,12,568,1230
casual,electric_scooter,2024,9,4,20,719,566
casual,electric_bike,2024,9,6,8,657,710
member,electric_bike,2024,11,6,15,654,1994
member,electric_bike,2024,12,3,15,651,1022
member,electric_bike,2024,4,6,2,465,51
member,classic_bike,2024,5,1,7,1011,373
casual,electric_bike,2024,6,5,6,601,340
casual,electric_bike,2024,7,2,5,637,169
casual,electric_scooter,2024,9,7,12,777,798
member,classic_bike,2024,1,2,10,604,363
member,electric_bike,2024,1,1,21,523,154
casual,electric_bike,2024,8,2,14,1033,951
casual,electric_bike,2024,10,3,23,617,285
casual,electric_bike,2024,11,1,10,971,616
member,classic_bike,2024,6,6,11,802,1047
member,classic_bike,2024,6,4,0,726,116
member,electric_bike,2024,8,4,20,742,1586
member,classic_bike,2024,10,2,1,643,49
casual,classic_bike,2024,12,5,10,928,37
casual,classic_bike,2024,2,3,17,1519,598
casual,classic_bike,2024,4,2,14,1986,665
casual,electric_bike,2024,6,5,23,823,460
casual,classic_bike,2024,6,1,16,1987,3076
member,electric_bike,2024,4,7,12,780,1512
casual,electric_bike,2024,6,5,0,1082,304
member,electric_bike,2024,6,5,22,685,917
member,classic_bike,2024,7,6,4,809,49
member,classic_bike,2024,8,5,9,699,1528
member,electric_bike,2024,10,3,22,607,714
casual,electric_bike,2024,10,3,0,627,195
member,classic_bike,2024,11,4,4,466,28
member,classic_bike,2024,2,3,19,619,867
casual,classic_bike,2024,2,5,22,744,112
casual,classic_bike,2024,3,2,22,811,62
casual,electric_scooter,2024,9,3,16,692,951
casual,electric_bike,2024,9,4,17,859,1929
member,electric_bike,2024,12,7,11,746,592
member,classic_bike,2024,3,7,16,892,1214
member,electric_bike,2024,5,3,19,651,1352
member,electric_bike,2024,7,5,15,743,1860
member,classic_bike,2024,7,5,17,891,3377
member,electric_bike,2024,8,2,15,687,1721
member,classic_bike,2024,10,4,12,643,1577
member,electric_bike,2024,11,3,14,559,1058
member,electric_bike,2024,11,1,3,652,105
member,classic_bike,2024,2,1,8,761,323
casual,electric_bike,2024,9,2,6,601,348
casual,electric_bike,2024,11,3,15,657,469
casual,electric_bike,2024,12,1,2,744,85
casual,classic_bike,2024,1,5,7,645,82
casual,classic_bike,2024,4,4,2,5373,8
member,electric_bike,2024,4,5,1,543,43
member,classic_bike,2024,5,6,19,868,2000
member,electric_bike,2024,6,3,11,628,959
member,classic_bike,2024,8,7,20,938,1259
member,electric_bike,2024,9,2,7,647,2110
member,electric_bike,2024,10,1,11,778,1716
member,electric_bike,2024,7,6,16,802,2557
member,classic_bike,2024,7,1,12,966,1857
member,classic_bike,2024,7,7,5,1207,133
member,electric_bike,2024,9,1,20,717,1012
casual,classic_bike,2024,1,6,17,961,105
casual,electric_bike,2024,4,7,13,1208,1284
casual,classic_bike,2024,5,4,17,1718,2038
casual,electric_bike,2024,7,2,22,810,454
casual,electric_scooter,2024,9,1,5,743,79
casual,classic_bike,2024,1,7,18,920,63
casual,electric_bike,2024,8,1,4,851,169
member,classic_bike,2024,8,3,4,695,45
casual,electric_scooter,2024,9,2,6,444,237
member,classic_bike,2024,10,7,4,1484,23
member,classic_bike,2024,12,1,3,502,20
casual,classic_bike,2024,2,6,9,1079,142
member,electric_bike,2024,3,1,5,474,61
casual,classic_bike,2024,3,3,9,1048,141
casual,classic_bike,2024,7,1,8,1846,325
member,classic_bike,2024,11,5,14,671,586
member,classic_bike,2024,12,2,13,581,676
member,electric_bike,2024,1,4,13,543,500
member,classic_bike,2024,5,7,23,813,498
member,classic_bike,2024,6,4,23,821,317
casual,classic_bike,2024,8,1,0,1239,583
casual,electric_bike,2024,1,6,20,567,67
casual,electric_bike,2024,3,3,16,783,608
casual,electric_bike,2024,5,4,21,781,747
casual,electric_bike,2024,10,5,11,859,632
casual,electric_bike,2024,11,2,11,842,332
casual,classic_bike,2024,12,4,23,800,26
member,classic_bike,2024,5,5,9,676,1448
member,electric_bike,2024,5,4,20,690,1555
member,classic_bike,2024,8,4,5,772,342
member,electric_bike,2024,9,5,22,713,941
member,classic_bike,2024,9,6,11,681,1235
casual,classic_bike,2024,1,2,15,1720,128
casual,classic_bike,2024,5,3,16,1512,727
casual,classic_bike,2024,6,5,21,1389,632
member,classic_bike,2024,7,2,22,905,482
member,electric_bike,2024,10,7,4,787,60
casual,classic_bike,2024,4,7,17,1978,1267
member,electric_bike,2024,8,1,5,708,194
casual,electric_bike,2024,9,7,12,1192,1755
member,electric_bike,2024,11,2,13,577,874
casual,classic_bike,2024,11,5,2,633,28
member,classic_bike,2024,11,3,3,1083,12
casual,electric_bike,2024,12,6,8,571,131
casual,classic_bike,2024,2,4,18,1131,257
member,classic_bike,2024,6,1,8,876,962
member,classic_bike,2024,7,2,2,743,27
casual,classic_bike,2024,10,5,10,1686,492
member,classic_bike,2024,12,7,19,610,228
member,classic_bike,2024,4,4,16,726,1502
member,electric_scooter,2024,9,4,5,417,75
member,electric_bike,2024,10,6,14,700,1828
member,classic_bike,2024,11,1,12,722,1155
casual,electric_bike,2024,8,5,6,531,425
casual,electric_scooter,2024,9,6,8,500,447
member,electric_bike,2024,11,7,19,610,864
member,electric_bike,2024,12,4,19,512,449
casual,classic_bike,2024,2,2,7,1180,106
member,electric_bike,2024,5,6,11,687,1463
casual,classic_bike,2024,5,1,2,1750,226
member,classic_bike,2024,9,4,20,781,1303
member,classic_bike,2024,6,2,9,743,1096
member,electric_bike,2024,6,1,20,767,1305
casual,electric_bike,2024,8,7,20,1009,1329
member,classic_bike,2024,1,6,12,758,417
casual,classic_bike,2024,4,6,16,1667,404
member,classic_bike,2024,5,7,0,764,265
casual,electric_bike,2024,2,3,1,602,15
member,electric_bike,2024,7,4,5,599,371
member,electric_bike,2024,10,5,13,606,1770
member,classic_bike,2024,10,6,3,851,20
casual,classic_bike,2024,12,1,8,1303,50
member,classic_bike,2024,5,4,8,742,2887
casual,classic_bike,2024,6,3,7,1182,395
member,classic_bike,2024,8,2,14,743,1080
casual,electric_bike,2024,12,4,17,600,281
casual,electric_bike,2024,5,1,6,1185,132
member,electric_bike,2024,7,1,13,841,1758
casual,classic_bike,2024,9,3,4,557,20
member,electric_bike,2024,11,5,5,462,160
member,electric_bike,2024,12,2,5,518,202
casual,classic_bike,2024,10,7,1,2151,272
casual,classic_bike,2024,11,4,1,1973,19
member,electric_bike,2024,1,5,3,1041,28
member,classic_bike,2024,8,6,19,869,2083
member,classic_bike,2024,9,3,19,825,1807
casual,electric_bike,2024,8,3,15,968,1043
casual,electric_bike,2024,1,1,0,597,40
casual,electric_bike,2024,2,4,22,560,57
casual,classic_bike,2024,9,2,20,1443,686
casual,electric_bike,2024,12,3,16,529,320
casual,classic_bike,2024,4,6,10,2122,297
member,classic_bike,2024,5,4,5,696,349
casual,classic_bike,2024,7,7,15,1835,2978
member,classic_bike,2024,8,3,1,947,48
casual,classic_bike,2024,10,6,11,2137,810
member,classic_bike,2024,11,4,7,742,1338
member,electric_bike,2024,12,1,4,675,45
casual,classic_bike,2024,11,4,21,1438,103
member,electric_bike,2024,2,2,11,662,402
casual,electric_bike,2024,5,5,5,606,98
casual,classic_bike,2024,8,5,2,1044,56
member,electric_bike,2024,11,3,17,626,2031
casual,classic_bike,2024,12,3,2,468,9
casual,electric_bike,2024,1,5,22,548,56
member,classic_bike,2024,7,1,15,928,1422
casual,electric_bike,2024,8,2,11,1210,579
casual,electric_bike,2024,11,1,7,780,153
member,classic_bike,2024,2,7,21,615,257
member,electric_bike,2024,6,3,8,680,2064
member,classic_bike,2024,8,7,23,1047,744
member,electric_bike,2024,12,3,9,527,678
casual,electric_bike,2024,12,7,15,808,350
casual,electric_bike,2024,7,2,19,940,1446
casual,electric_bike,2024,10,1,15,1048,1583
member,electric_bike,2024,5,3,16,750,2394
member,electric_bike,2024,7,5,12,713,1332
member,electric_bike,2024,8,2,12,626,1309
member,classic_bike,2024,9,5,10,787,980
member,classic_bike,2024,9,7,15,869,1662
member,electric_bike,2024,10,3,2,842,55
casual,electric_bike,2024,11,6,16,725,883
casual,classic_bike,2024,2,2,4,394,3
member,classic_bike,2024,7,6,1,1127,94
casual,electric_bike,2024,10,5,14,833,1035
member,classic_bike,2024,10,7,7,719,372
casual,classic_bike,2024,11,3,11,1327,198
member,electric_bike,2024,11,4,4,480,57
member,classic_bike,2024,12,1,6,582,59
member,classic_bike,2024,1,5,5,641,143
member,electric_bike,2024,4,5,21,560,560
member,classic_bike,2024,8,7,0,733,385
casual,classic_bike,2024,10,7,21,1722,446
casual,classic_bike,2024,10,2,12,2379,639
member,classic_bike,2024,11,2,13,646,835
member,electric_bike,2024,11,1,23,550,205
member,classic_bike,2024,5,3,18,839,2140
casual,electric_bike,2024,5,7,22,934,739
member,classic_bike,2024,7,3,9,739,1752
member,electric_bike,2024,9,7,13,755,1786
member,electric_bike,2024,5,5,10,634,1013
member,electric_bike,2024,7,6,19,798,1819
member,classic_bike,2024,7,7,8,931,1112
member,classic_bike,2024,10,2,21,739,607
casual,classic_bike,2024,11,2,4,323,14
casual,electric_bike,2024,6,7,14,1149,2207
casual,electric_bike,2024,7,4,13,1071,1179
member,electric_bike,2024,8,7,21,789,1414
member,electric_bike,2024,9,4,21,672,1187
member,electric_bike,2024,1,4,16,590,1171
member,classic_bike,2024,4,6,10,711,669
member,classic_bike,2024,5,7,20,830,864
member,classic_bike,2024,6,4,20,934,1812
member,electric_bike,2024,6,5,2,664,77
casual,classic_bike,2024,7,4,0,1236,121
member,electric_bike,2024,8,6,11,752,1786
member,electric_bike,2024,9,3,11,692,922
member,classic_bike,2024,2,2,12,729,872
casual,electric_bike,2024,4,3,11,871,368
casual,classic_bike,2024,6,5,18,1726,1682
casual,electric_bike,2024,7,7,5,883,123
casual,classic_bike,2024,9,6,19,1234,994
casual,classic_bike,2024,10,3,19,1284,624
casual,electric_bike,2024,11,5,6,416,159
casual,electric_bike,2024,12,2,6,489,128
casual,electric_bike,2024,2,1,7,584,21
casual,electric_bike,2024,8,3,18,836,1569
member,electric_bike,2024,4,5,18,589,1798
casual,classic_bike,2024,5,5,4,1237,7
member,classic_bike,2024,6,5,4,773,55
casual,electric_bike,2024,8,5,3,697,78
member,classic_bike,2024,9,4,0,637,99
member,classic_bike,2024,10,5,13,655,1531
member,classic_bike,2024,11,3,0,702,35
casual,electric_bike,2024,6,4,22,833,822
casual,electric_bike,2024,11,4,22,557,146
casual,electric_bike,2024,11,7,0,579,370
casual,electric_bike,2024,12,4,0,582,27
member,classic_bike,2024,3,4,21,642,431
member,classic_bike,2024,4,1,21,981,297
member,classic_bike,2024,9,4,23,922,320
member,electric_bike,2024,11,6,9,572,1077
casual,electric_bike,2024,4,7,7,802,154
casual,electric_scooter,2024,9,5,21,696,520
casual,electric_scooter,2024,9,6,11,721,528
casual,classic_bike,2024,11,5,5,782,27
casual,classic_bike,2024,12,6,17,643,130
casual,classic_bike,2024,1,2,12,1025,104
member,electric_bike,2024,1,2,22,532,129
member,electric_bike,2024,3,5,4,479,40
member,classic_bike,2024,6,1,5,1268,104
casual,classic_bike,2024,8,4,15,1779,930
member,electric_bike,2024,9,5,5,657,327
casual,classic_bike,2024,6,2,3,880,27
casual,classic_bike,2024,7,3,16,1669,1403
member,electric_scooter,2024,9,2,11,436,387
casual,electric_bike,2024,9,2,3,902,94
member,classic_bike,2024,10,6,0,858,162
casual,electric_bike,2024,12,5,21,704,127
member,electric_bike,2024,1,1,1,509,53
member,classic_bike,2024,4,4,13,743,685
member,electric_bike,2024,10,6,17,728,2864
casual,electric_bike,2024,10,7,22,814,612
casual,electric_bike,2024,12,1,22,736,112
member,classic_bike,2024,5,5,12,818,1447
member,electric_bike,2024,5,4,23,640,402
member,classic_bike,2024,6,2,12,841,989
member,electric_bike,2024,6,1,23,763,438
member,electric_bike,2024,7,7,6,788,359
casual,classic_bike,2024,7,6,8,1314,569
member,electric_bike,2024,8,4,6,600,1127
casual,classic_bike,2024,8,3,8,975,554
member,electric_bike,2024,9,1,6,918,357
member,electric_bike,2024,10,2,18,633,2204
member,classic_bike,2024,10,3,8,695,3130
member,classic_bike,2024,1,3,11,658,381
casual,classic_bike,2024,1,7,1,2135,26
casual,classic_bike,2024,2,4,1,506,8
casual,classic_bike,2024,3,1,1,1344,86
member,classic_bike,2024,4,5,20,750,596
member,electric_bike,2024,5,7,15,854,1805
member,electric_bike,2024,6,4,15,723,1977
member,classic_bike,2024,8,6,16,832,2740
member,classic_bike,2024,9,3,16,790,2702
member,electric_bike,2024,10,5,10,585,1234
member,electric_bike,2024,11,2,10,696,741
casual,classic_bike,2024,12,1,5,3702,7
member,classic_bike,2024,2,3,2,1152,10
casual,classic_bike,2024,7,4,23,1253,457
casual,electric_bike,2024,8,6,10,1127,998
casual,classic_bike,2024,8,1,23,1450,418
casual,electric_scooter,2024,9,1,22,889,614
casual,electric_bike,2024,9,3,10,910,370
casual,classic_bike,2024,12,2,18,1277,190
casual,classic_bike,2024,1,3,19,798,88
casual,electric_bike,2024,4,4,15,771,488
casual,electric_bike,2024,7,5,20,972,1271
member,electric_bike,2024,4,2,3,556,43
casual,electric_scooter,2024,9,7,15,869,1011
casual,classic_bike,2024,12,7,21,2202,68
casual,electric_bike,2024,2,7,23,670,52
casual,electric_bike,2024,2,2,14,934,196
member,electric_bike,2024,2,7,0,534,88
member,classic_bike,2024,3,3,17,831,2433
member,electric_bike,2024,2,7,23,598,119
casual,electric_bike,2024,2,7,0,521,43
casual,classic_bike,2024,3,7,8,1479,219
member,classic_bike,2024,4,5,3,257,5
casual,classic_bike,2024,6,6,2,2610,78
member,classic_bike,2024,3,1,6,831,96
casual,classic_bike,2024,6,4,14,2057,1028
member,electric_bike,2024,1,5,20,528,324
casual,classic_bike,2024,2,5,5,1064,38
member,electric_bike,2024,3,7,15,727,1328
member,electric_bike,2024,4,4,14,569,928
casual,classic_bike,2024,4,7,0,1381,97
casual,classic_bike,2024,5,4,0,2266,101
member,classic_bike,2024,11,3,17,770,1833
casual,electric_bike,2024,1,2,21,492,63
casual,classic_bike,2024,3,5,20,883,150
casual,electric_bike,2024,7,3,9,881,677
member,electric_bike,2024,2,5,12,646,633
member,electric_bike,2024,3,2,12,565,680
member,classic_bike,2024,4,7,14,938,1417
member,electric_scooter,2024,9,3,18,528,833
casual,classic_bike,2024,9,1,7,3135,374
member,electric_bike,2024,1,7,8,735,162
casual,electric_bike,2024,3,7,15,1062,870
member,classic_bike,2024,4,3,9,793,1228
member,electric_bike,2024,4,2,20,571,990
member,electric_bike,2024,10,7,21,664,781
member,classic_bike,2024,1,1,0,1116,52
casual,classic_bike,2024,2,7,16,1490,320
member,electric_bike,2024,6,6,9,682,1085
casual,electric_bike,2024,10,2,13,944,756
member,classic_bike,2024,2,6,17,802,1570
member,electric_bike,2024,3,4,0,561,72
casual,electric_bike,2024,3,4,23,521,93
member,electric_bike,2024,9,3,17,749,3501
member,electric_scooter,2024,9,7,23,681,258
member,classic_bike,2024,12,5,2,582,3
casual,classic_bike,2024,2,1,23,1005,54
casual,classic_bike,2024,9,3,18,1428,1227
member,classic_bike,2024,10,1,14,895,1586
casual,electric_bike,2024,2,5,6,442,71
casual,electric_bike,2024,3,2,6,462,102
casual,classic_bike,2024,10,5,4,2023,18
casual,electric_bike,2024,4,6,3,400,27
member,classic_bike,2024,11,1,6,732,127
casual,classic_bike,2024,1,6,11,1508,59
casual,classic_bike,2024,2,3,11,3038,207
member,electric_bike,2024,5,2,12,718,1018
casual,electric_bike,2024,3,6,11,910,218
casual,electric_bike,2024,7,1,15,1149,1441
casual,electric_scooter,2024,9,2,12,824,717
casual,classic_bike,2024,1,4,0,630,15
member,classic_bike,2024,3,6,9,613,634
casual,electric_bike,2024,7,6,1,822,286
casual,electric_bike,2024,8,7,14,1215,2848
casual,electric_bike,2024,11,6,10,674,355
member,electric_bike,2024,11,4,21,548,411
casual,classic_bike,2024,12,4,6,759,33
casual,classic_bike,2024,3,4,16,1080,380
casual,electric_bike,2024,5,2,13,1241,811
casual,classic_bike,2024,6,2,20,1943,896
member,electric_bike,2024,3,3,10,630,534
casual,classic_bike,2024,6,7,6,2122,147
member,electric_bike,2024,8,6,17,801,3692
casual,classic_bike,2024,9,5,12,1607,720
member,classic_bike,2024,11,7,22,615,275
casual,classic_bike,2024,4,3,18,1634,776
casual,electric_bike,2024,4,1,0,734,406
casual,classic_bike,2024,7,1,22,1365,405
casual,electric_scooter,2024,9,4,23,774,296
member,classic_bike,2024,2,4,6,884,717
casual,classic_bike,2024,5,7,15,2259,2620
casual,classic_bike,2024,9,7,23,1705,762
casual,electric_bike,2024,9,5,4,533,63
casual,electric_bike,2024,10,4,7,578,786
casual,classic_bike,2024,12,3,16,1310,149
casual,classic_bike,2024,3,2,5,729,30
member,classic_bike,2024,6,3,16,829,2663
member,classic_bike,2024,9,2,12,743,1778
member,classic_bike,2024,5,2,11,806,1130
member,classic_bike,2024,5,3,1,678,43
casual,electric_bike,2024,6,6,10,1093,639
member,classic_bike,2024,7,4,7,754,2220
casual,classic_bike,2024,8,6,9,2199,826
member,classic_bike,2024,8,1,7,1023,478
casual,classic_bike,2024,8,5,19,1468,1485
casual,classic_bike,2024,10,7,15,1886,1911
casual,classic_bike,2024,11,4,15,952,283
member,electric_bike,2024,4,7,6,652,205
member,classic_bike,2024,7,5,20,922,1560
member,electric_bike,2024,10,4,6,603,1455
member,classic_bike,2024,1,1,23,627,47
casual,classic_bike,2024,2,1,0,982,67
member,electric_scooter,2024,9,5,12,487,473
casual,electric_bike,2024,9,4,14,900,892
casual,classic_bike,2024,5,3,10,2425,369
member,electric_bike,2024,7,2,20,736,1665
member,classic_bike,2024,1,4,15,898,905
member,electric_bike,2024,2,6,10,839,312
casual,electric_bike,2024,9,1,22,910,698
member,classic_bike,2024,12,4,21,617,185
member,electric_bike,2024,12,5,3,419,13
member,electric_bike,2024,3,4,23,525,196
casual,electric_bike,2024,3,4,0,620,55
casual,electric_bike,2024,6,2,5,577,111
member,electric_scooter,2024,9,1,7,435,88
member,electric_bike,2024,1,2,5,736,111
member,electric_bike,2024,2,3,18,715,839
member,classic_bike,2024,12,7,13,720,593
casual,electric_bike,2024,1,7,7,453,26
casual,classic_bike,2024,1,1,8,1066,27
casual,electric_bike,2024,1,4,15,542,199
casual,electric_bike,2024,3,5,21,694,188
casual,electric_bike,2024,4,2,21,752,323
casual,classic_bike,2024,3,3,12,1710,265
member,classic_bike,2024,12,1,23,695,68
casual,classic_bike,2024,1,7,15,875,96
member,classic_bike,2024,4,7,11,887,1312
member,electric_scooter,2024,9,1,10,511,328
member,electric_bike,2024,10,3,19,626,1897
casual,electric_bike,2024,2,2,11,702,103
casual,classic_bike,2024,6,1,13,2149,3044
casual,electric_bike,2024,8,4,22,820,641
casual,electric_bike,2024,11,3,18,602,459
member,electric_bike,2024,3,7,18,698,1038
member,electric_bike,2024,4,6,22,610,498
member,classic_bike,2024,6,6,8,739,1607
member,classic_bike,2024,6,4,3,1044,22
member,electric_bike,2024,8,4,23,753,470
member,classic_bike,2024,9,5,4,818,47
member,classic_bike,2024,10,4,9,652,1736
member,classic_bike,2024,1,2,7,719,735
member,classic_bike,2024,1,1,20,540,179
casual,classic_bike,2024,4,4,22,868,72
casual,classic_bike,2024,5,1,22,1877,314
casual,electric_bike,2024,7,5,17,1002,1989
member,classic_bike,2024,5,6,16,843,2803
member,electric_bike,2024,5,6,14,731,1848
member,electric_bike,2024,6,3,14,709,1254
member,electric_bike,2024,6,5,19,726,1939
member,classic_bike,2024,8,5,12,772,1449
member,electric_bike,2024,8,5,10,682,1180
member,electric_bike,2024,9,2,10,729,1218
member,electric_bike,2024,10,1,14,779,1612
member,classic_bike,2024,2,1,11,758,858
casual,electric_bike,2024,9,2,9,965,674
casual,electric_bike,2024,12,1,5,421,22
casual,classic_bike,2024,2,5,2,729,8
member,classic_bike,2024,3,7,19,728,648
member,electric_bike,2024,11,1,6,993,231
casual,classic_bike,2024,2,6,12,1424,271
member,classic_bike,2024,3,1,3,583,39
casual,classic_bike,2024,7,1,5,2047,67
casual,classic_bike,2024,9,2,14,2066,1568
member,electric_bike,2024,12,1,21,655,272
member,electric_bike,2024,12,7,14,617,703
member,classic_bike,2024,12,2,10,894,425
casual,electric_bike,2024,12,3,10,487,138
casual,classic_bike,2024,2,4,15,1179,265
member,electric_scooter,2024,9,3,15,492,468
member,electric_bike,2024,2,1,10,746,338
casual,classic_bike,2024,5,4,14,2314,923
casual,electric_bike,2024,10,6,18,797,1366
member,electric_bike,2024,7,7,23,825,703
member,electric_bike,2024,9,1,23,670,451
member,classic_bike,2024,11,1,9,714,785
member,electric_bike,2024,1,7,11,722,337
member,electric_bike,2024,1,1,18,584,212
member,electric_bike,2024,5,5,4,559,65
member,classic_bike,2024,6,7,18,978,1408
member,electric_bike,2024,6,2,4,689,79
casual,electric_bike,2024,8,1,7,955,297
member,classic_bike,2024,10,5,19,678,1611
member,classic_bike,2024,11,2,19,606,806
casual,electric_bike,2024,2,3,21,558,84
casual,electric_bike,2024,4,6,6,484,136
casual,electric_bike,2024,5,7,16,1211,1853
casual,electric_bike,2024,6,4,16,946,1845
casual,classic_bike,2024,6,2,23,1567,161
casual,electric_bike,2024,10,2,16,803,1140
casual,classic_bike,2024,11,6,9,1390,232
casual,classic_bike,2024,12,7,18,957,112
member,electric_bike,2024,2,3,15,694,913
member,classic_bike,2024,2,4,3,367,10
member,electric_bike,2024,3,5,21,559,479
casual,classic_bike,2024,9,7,20,1388,750
casual,electric_bike,2024,9,5,1,922,115
casual,electric_scooter,2024,9,4,0,2022,3
casual,classic_bike,2024,9,3,1,1005,47
casual,classic_bike,2024,10,5,7,873,375
member,classic_bike,2024,11,5,11,649,590
member,classic_bike,2024,12,7,16,674,532
member,electric_bike,2024,12,2,8,550,1247
casual,classic_bike,2024,2,2,10,1189,132
casual,classic_bike,2024,3,1,15,1989,926
casual,electric_bike,2024,12,4,20,424,70
casual,electric_bike,2024,5,4,1,564,93
member,classic_bike,2024,7,4,10,763,1190
casual,classic_bike,2024,1,4,23,2408,44
casual,electric_bike,2024,1,2,4,793,20
member,classic_bike,2024,5,5,6,719,912
member,classic_bike,2024,6,2,6,627,911
casual,electric_bike,2024,7,6,4,845,76
member,electric_bike,2024,9,6,12,668,1756
member,classic_bike,2024,10,1,17,946,1466
casual,electric_bike,2024,2,7,17,615,150
casual,electric_bike,2024,8,5,9,858,636
casual,classic_bike,2024,9,5,15,1461,810
casual,classic_bike,2024,3,2,2,1596,9
member,classic_bike,2024,4,4,19,818,943
casual,classic_bike,2024,4,1,7,1559,74
member,electric_bike,2024,6,6,6,615,905
casual,electric_scooter,2024,9,3,13,682,460
casual,classic_bike,2024,10,4,20,1286,466
member,electric_bike,2024,11,5,8,621,1493
casual,classic_bike,2024,1,5,10,1503,92
member,electric_bike,2024,4,7,9,647,934
casual,electric_bike,2024,8,3,12,1009,711
member,electric_scooter,2024,9,6,16,538,698
member,classic_bike,2024,10,3,22,760,490
casual,electric_bike,2024,11,7,20,668,305
member,classic_bike,2024,5,2,14,831,1297
casual,electric_bike,2024,6,1,1,857,525
casual,electric_bike,2024,9,7,15,1152,1883
casual,classic_bike,2024,12,1,11,1221,197
member,classic_bike,2024,1,6,9,578,348
member,electric_bike,2024,2,5,6,503,449
member,electric_bike,2024,4,4,17,640,2398
casual,electric_bike,2024,5,2,10,1132,419
member,classic_bike,2024,5,7,3,658,63
member,classic_bike,2024,7,2,19,815,2546
casual,classic_bike,2024,12,2,12,1172,165
member,electric_bike,2024,7,7,0,681,555
member,electric_bike,2024,8,4,0,664,197
member,electric_bike,2024,9,1,0,719,795
member,classic_bike,2024,9,6,14,724,1364
casual,classic_bike,2024,12,4,3,652,7
casual,classic_bike,2024,5,6,11,2301,1000
casual,classic_bike,2024,6,3,10,1910,421
casual,electric_bike,2024,10,3,3,619,60
member,electric_bike,2024,7,4,8,670,2775
member,electric_bike,2024,8,1,8,771,766
member,electric_bike,2024,12,5,0,608,50
casual,electric_bike,2024,1,7,10,549,81
casual,classic_bike,2024,8,7,13,2069,3279
casual,electric_bike,2024,1,5,19,501,107
casual,classic_bike,2024,2,1,6,1381,19
member,classic_bike,2024,4,3,15,806,1555
casual,electric_bike,2024,5,1,9,985,527
member,electric_scooter,2024,9,5,6,405,246
casual,classic_bike,2024,11,1,20,1695,201
member,classic_bike,2024,3,5,5,580,145
casual,classic_bike,2024,9,4,5,537,75
casual,classic_bike,2024,9,6,16,1555,1291
casual,electric_bike,2024,1,3,8,477,126
member,classic_bike,2024,4,1,4,848,23
casual,electric_bike,2024,4,2,4,491,20
member,electric_bike,2024,2,3,1,424,29
member,electric_bike,2024,3,2,6,512,583
casual,classic_bike,2024,4,6,13,1855,430
member,electric_bike,2024,6,1,0,725,645
casual,electric_bike,2024,12,7,12,826,274
casual,electric_bike,2024,2,5,12,671,201
casual,electric_bike,2024,3,2,12,959,248
casual,electric_bike,2024,6,3,12,1078,676
casual,classic_bike,2024,12,3,22,622,52
member,electric_bike,2024,1,3,9,734,354
member,electric_bike,2024,2,2,14,696,473
casual,electric_bike,2024,2,4,2,581,14
member,electric_bike,2024,5,1,8,804,527
casual,classic_bike,2024,5,6,5,914,71
casual,classic_bike,2024,6,3,4,4093,16
member,electric_bike,2024,7,3,4,779,80
member,classic_bike,2024,10,6,23,848,444
casual,electric_bike,2024,3,4,17,656,624
casual,electric_bike,2024,4,1,17,1174,898
casual,electric_bike,2024,5,3,20,710,472
casual,classic_bike,2024,7,3,19,1640,1236
casual,classic_bike,2024,8,5,22,1702,779
casual,classic_bike,2024,10,2,15,1717,772
member,electric_bike,2024,2,7,17,708,337
member,electric_bike,2024,3,4,17,625,2041
member,classic_bike,2024,11,6,15,697,1469
member,classic_bike,2024,12,3,14,623,497
member,electric_bike,2024,2,4,2,709,26
member,classic_bike,2024,3,6,15,717,1011
member,classic_bike,2024,10,2,18,678,2244
casual,classic_bike,2024,11,2,7,643,158
casual,electric_bike,2024,2,6,13,682,201
casual,classic_bike,2024,3,1,21,1307,113
member,classic_bike,2024,4,2,5,626,165
casual,classic_bike,2024,7,2,9,1949,544
casual,classic_bike,2024,10,3,16,1584,952
casual,electric_bike,2024,3,5,4,361,16
casual,electric_bike,2024,12,6,11,654,141
member,classic_bike,2024,2,5,13,633,1209
member,electric_bike,2024,5,4,0,558,187
casual,electric_bike,2024,6,7,17,1063,1915
casual,electric_bike,2024,7,1,21,964,682
casual,electric_bike,2024,12,5,7,582,154
member,electric_bike,2024,6,2,10,681,842
member,classic_bike,2024,8,4,8,705,2411
member,electric_bike,2024,8,3,19,693,1731
member,classic_bike,2024,9,1,8,1174,815
member,classic_bike,2024,9,7,1,846,230
casual,electric_bike,2024,7,7,8,1048,692
member,electric_bike,2024,9,7,16,820,1961
member,electric_bike,2024,6,5,5,580,341
member,electric_scooter,2024,9,7,17,547,467
casual,electric_bike,2024,1,6,0,590,38
member,electric_bike,2024,3,1,2,580,104
member,electric_bike,2024,4,3,7,618,2268
casual,classic_bike,2024,7,6,11,2085,1342
casual,classic_bike,2024,11,7,13,2169,904
casual,electric_bike,2024,1,6,23,475,72
casual,electric_bike,2024,3,3,13,697,278
casual,electric_bike,2024,4,5,19,604,379
casual,classic_bike,2024,8,1,20,1706,907
casual,electric_bike,2024,11,2,14,727,440
member,classic_bike,2024,2,7,4,746,16
casual,classic_bike,2024,3,6,4,548,10
member,classic_bike,2024,4,6,7,723,956
member,electric_bike,2024,10,4,23,624,436
casual,electric_bike,2024,2,1,10,1081,122
member,classic_bike,2024,3,2,13,791,731
casual,electric_bike,2024,7,4,16,942,2134
casual,classic_bike,2024,9,1,13,2042,2020
casual,electric_bike,2024,5,6,12,1015,1228
member,electric_bike,2024,6,7,16,838,2069
member,classic_bike,2024,1,5,22,589,133
casual,electric_bike,2024,3,1,2,654,77
member,classic_bike,2024,11,3,23,597,123
casual,electric_bike,2024,4,7,10,1010,752
casual,electric_bike,2024,10,7,5,536,78
casual,electric_bike,2024,11,4,5,450,57
casual,classic_bike,2024,12,6,14,2049,63
casual,classic_bike,2024,12,7,4,395,11
member,electric_bike,2024,4,1,16,838,1235
member,electric_bike,2024,9,5,2,521,63
casual,classic_bike,2024,1,4,6,479,44
member,electric_bike,2024,3,6,8,535,950
casual,electric_bike,2024,3,1,22,707,120
casual,classic_bike,2024,8,3,11,2170,673
casual,electric_bike,2024,1,1,17,571,75
casual,classic_bike,2024,7,4,20,1959,1694
casual,classic_bike,2024,10,1,5,974,166
casual,classic_bike,2024,11,5,22,1295,148
member,electric_bike,2024,12,6,10,599,402
member,classic_bike,2024,3,4,4,739,18
member,classic_bike,2024,7,3,23,919,288
casual,classic_bike,2024,8,6,3,1280,49
casual,electric_bike,2024,1,4,9,501,99
member,classic_bike,2024,1,7,13,672,432
casual,classic_bike,2024,5,2,3,2315,26
casual,electric_bike,2024,6,5,3,1236,67
casual,electric_bike,2024,7,2,2,799,140
member,classic_bike,2024,1,4,21,726,392
member,electric_bike,2024,2,6,16,700,723
member,electric_bike,2024,3,3,16,681,1901
casual,classic_bike,2024,4,2,11,2120,522
member,electric_bike,2024,8,7,1,725,598
member,electric_bike,2024,9,4,1,635,91
member,electric_scooter,2024,9,2,14,487,477
casual,electric_bike,2024,5,5,11,937,649
casual,electric_bike,2024,6,2,11,1131,668
casual,electric_scooter,2024,9,4,17,689,1219
casual,classic_bike,2024,12,5,13,2216,67
member,classic_bike,2024,2,3,22,625,221
casual,electric_bike,2024,3,2,9,542,165
casual,electric_bike,2024,6,3,15,999,1068
casual,electric_bike,2024,9,4,20,745,740
member,classic_bike,2024,4,5,0,606,75
member,electric_bike,2024,6,1,3,744,214
member,electric_scooter,2024,9,3,21,538,309
member,classic_bike,2024,1,4,18,768,1140
casual,classic_bike,2024,2,3,14,2052,303
casual,electric_bike,2024,4,6,23,582,267
member,electric_bike,2024,1,3,6,519,349
casual,classic_bike,2024,2,7,13,1439,262
member,classic_bike,2024,7,5,14,869,1271
casual,electric_bike,2024,3,7,18,794,573
casual,electric_bike,2024,4,4,18,681,622
casual,electric_bike,2024,10,3,20,719,585
member,electric_bike,2024,2,7,20,609,173
member,electric_bike,2024,3,4,20,519,574
casual,classic_bike,2024,3,5,0,1165,29
casual,classic_bike,2024,4,4,5,1084,23
casual,electric_bike,2024,8,1,1,855,630
member,electric_bike,2024,10,1,8,764,816
casual,classic_bike,2024,3,5,23,814,74
member,classic_bike,2024,4,1,1,978,120
casual,classic_bike,2024,5,4,20,1614,864
casual,classic_bike,2024,6,1,19,2148,1525
casual,electric_bike,2024,7,3,6,544,425
member,electric_bike,2024,3,5,7,564,933
member,electric_bike,2024,4,2,6,510,831
member,electric_bike,2024,4,4,11,630,776
member,classic_bike,2024,6,6,14,846,1383
casual,classic_bike,2024,7,2,6,1005,233
member,classic_bike,2024,10,6,20,779,846
casual,electric_bike,2024,2,5,9,860,140
casual,classic_bike,2024,3,3,6,3062,36
casual,classic_bike,2024,6,4,11,1969,847
member,electric_bike,2024,8,3,22,778,673
casual,classic_bike,2024,1,7,21,780,25
member,electric_bike,2024,5,4,3,696,76
casual,electric_bike,2024,8,5,23,762,685
casual,electric_scooter,2024,9,2,9,573,479
casual,classic_bike,2024,1,6,14,875,77
member,classic_bike,2024,3,3,14,687,739
casual,electric_bike,2024,4,2,1,925,76
casual,classic_bike,2024,8,1,3,1783,137
member,electric_scooter,2024,9,7,20,559,342
member,electric_bike,2024,11,7,16,744,1220
member,electric_bike,2024,1,5,23,464,100
casual,classic_bike,2024,3,4,13,1683,242
member,classic_bike,2024,3,5,8,630,1136
casual,electric_bike,2024,5,3,0,862,136
member,electric_bike,2024,2,4,5,492,141
casual,electric_bike,2024,3,6,8,515,229
casual,electric_bike,2024,4,3,8,591,609
member,classic_bike,2024,10,1,11,929,1648
member,classic_bike,2024,12,5,8,648,684
member,classic_bike,2024,12,5,5,522,65
member,classic_bike,2024,1,1,3,561,17
casual,electric_bike,2024,2,6,16,729,200
casual,electric_bike,2024,6,1,21,937,863
casual,classic_bike,2024,5,7,12,2267,2462
member,electric_bike,2024,7,6,22,757,988
member,electric_bike,2024,7,1,10,782,1206
casual,electric_bike,2024,10,4,4,481,63
casual,classic_bike,2024,2,4,21,760,131
member,classic_bike,2024,2,6,14,754,955
member,classic_bike,2024,5,7,17,1077,1925
member,electric_bike,2024,5,2,9,722,945
casual,classic_bike,2024,7,4,3,1274,35
member,electric_bike,2024,9,3,14,732,1056
casual,classic_bike,2024,9,5,9,1603,520
member,electric_bike,2024,12,4,16,666,1232
member,classic_bike,2024,4,2,8,690,1816
casual,electric_bike,2024,8,7,17,1111,2458
casual,classic_bike,2024,11,7,10,1603,572
casual,electric_bike,2024,11,6,13,836,661
member,electric_bike,2024,4,1,19,638,847
casual,classic_bike,2024,5,1,5,1302,54
member,classic_bike,2024,5,3,21,787,705
member,classic_bike,2024,8,2,17,793,3387
member,classic_bike,2024,1,5,2,1135,7
member,classic_bike,2024,2,7,1,947,78
member,classic_bike,2024,3,4,1,795,18
casual,classic_bike,2024,4,7,20,1511,453
casual,electric_bike,2024,6,6,7,670,502
casual,electric_bike,2024,9,7,9,953,854
casual,classic_bike,2024,10,7,18,1386,1027
casual,electric_bike,2024,12,6,5,442,21
member,electric_bike,2024,3,7,12,718,1321
member,electric_bike,2024,10,7,1,603,381
member,classic_bike,2024,11,3,20,654,621
member,electric_bike,2024,11,4,1,524,72
casual,electric_bike,2024,12,7,18,704,172
member,electric_bike,2024,1,2,8,580,660
member,electric_bike,2024,2,3,21,591,285
member,classic_bike,2024,2,4,9,612,783
casual,electric_bike,2024,5,6,15,1007,1548
casual,electric_bike,2024,5,1,3,692,124
casual,classic_bike,2024,9,1,10,2238,1481
member,electric_bike,2024,1,5,0,574,41
casual,electric_bike,2024,1,3,5,298,9
casual,classic_bike,2024,1,1,5,2445,6
casual,classic_bike,2024,12,7,1,1909,37
casual,classic_bike,2024,5,3,13,1707,563
casual,electric_scooter,2024,9,7,18,878,1037
member,classic_bike,2024,9,2,9,674,1553
casual,electric_bike,2024,1,4,12,619,149
casual,electric_bike,2024,5,5,8,620,711
casual,electric_bike,2024,6,2,8,758,631
member,electric_bike,2024,2,6,13,590,479
member,electric_bike,2024,3,3,13,566,674
casual,classic_bike,2024,4,2,8,1071,263
member,classic_bike,2024,11,7,19,920,613
member,classic_bike,2024,12,4,18,641,547
casual,electric_bike,2024,1,1,20,441,39
casual,classic_bike,2024,5,1,19,1847,1081
member,electric_bike,2024,7,7,3,672,147
member,classic_bike,2024,7,1,18,904,1272
member,classic_bike,2024,9,5,7,741,2116
member,classic_bike,2024,12,6,12,588,340
member,classic_bike,2024,12,4,1,489,21
casual,electric_bike,2024,11,3,21,674,196
member,classic_bike,2024,2,7,18,697,523
member,classic_bike,2024,5,6,13,770,1613
casual,classic_bike,2024,7,5,7,1196,405
member,electric_bike,2024,9,4,18,745,2974
casual,classic_bike,2024,10,4,3,668,13
member,electric_bike,2024,12,3,12,557,691
casual,classic_bike,2024,9,2,17,1681,1772
casual,electric_bike,2024,12,3,13,643,196
member,electric_bike,2024,5,3,13,659,1048
member,electric_bike,2024,8,2,9,734,1071
member,classic_bike,2024,9,7,18,985,1627
member,electric_bike,2024,10,4,9,605,1785
member,electric_bike,2024,11,1,9,660,831
casual,electric_bike,2024,8,4,19,900,1348
casual,electric_bike,2024,9,1,19,904,1092
casual,electric_bike,2024,10,1,12,1089,1512
casual,classic_bike,2024,11,4,18,793,222
member,electric_bike,2024,1,6,7,563,409
member,electric_bike,2024,7,2,17,748,3807
member,classic_bike,2024,8,5,15,777,1719
member,electric_bike,2024,12,1,1,568,153
casual,classic_bike,2024,4,4,19,1707,243
casual,electric_bike,2024,4,5,2,683,28
member,electric_bike,2024,5,5,7,673,1988
casual,electric_bike,2024,11,1,4,652,78
casual,classic_bike,2024,1,2,9,610,49
casual,electric_bike,2024,5,7,19,1156,918
casual,classic_bike,2024,6,5,15,1908,1030
member,classic_bike,2024,11,7,2,1459,106
member,electric_bike,2024,1,4,19,593,559
casual,classic_bike,2024,3,6,7,699,99
casual,electric_bike,2024,5,3,14,851,494
member,classic_bike,2024,6,4,17,917,3724
member,classic_bike,2024,8,1,10,903,1574
member,electric_bike,2024,8,6,14,744,2404
member,classic_bike,2024,8,7,3,681,97
casual,electric_bike,2024,10,6,21,805,572
casual,classic_bike,2024,10,2,9,1886,397
member,classic_bike,2024,6,3,13,737,1145
member,electric_bike,2024,8,7,18,828,2306
casual,classic_bike,2024,8,2,7,1458,284
member,electric_bike,2024,7,2,0,689,251
casual,classic_bike,2024,7,1,2,1258,221
member,electric_bike,2024,9,6,6,664,915
member,electric_bike,2024,12,1,18,626,575
member,classic_bike,2024,12,2,7,748,868
member,classic_bike,2024,2,2,15,736,1183
member,electric_bike,2024,5,1,2,620,206
member,classic_bike,2024,7,3,6,766,1290
casual,electric_bike,2024,8,4,2,631,66
casual,electric_bike,2024,9,1,2,807,460
casual,classic_bike,2024,11,6,6,821,72
casual,electric_bike,2024,11,5,9,510,215
casual,electric_bike,2024,12,2,9,539,145
member,electric_bike,2024,7,3,21,718,1166
member,classic_bike,2024,10,5,16,772,3032
member,classic_bike,2024,11,2,16,666,1414
member,classic_bike,2024,2,5,7,712,1612
member,classic_bike,2024,3,2,7,824,1115
casual,electric_bike,2024,6,7,11,1199,1817
casual,electric_bike,2024,7,4,10,810,563
casual,classic_bike,2024,10,6,14,1737,1218
casual,classic_bike,2024,11,3,14,1382,257
member,electric_bike,2024,12,5,23,592,145
casual,electric_bike,2024,12,5,1,504,19
casual,classic_bike,2024,2,6,6,726,67
member,electric_bike,2024,9,1,3,711,212
member,electric_bike,2024,10,2,15,627,1718
member,classic_bike,2024,10,3,5,691,300
casual,electric_bike,2024,6,4,19,936,1623
casual,electric_bike,2024,9,2,23,836,303
casual,electric_bike,2024,12,1,19,745,154
member,electric_bike,2024,12,6,4,478,25
casual,electric_bike,2024,3,5,1,636,31
member,electric_bike,2024,6,4,18,796,2867
member,classic_bike,2024,6,5,7,748,2070
member,classic_bike,2024,9,4,3,609,13
member,classic_bike,2024,1,3,14,729,482
casual,electric_bike,2024,2,3,15,827,312
member,classic_bike,2024,4,1,18,938,1133
casual,electric_bike,2024,3,7,12,1039,818
casual,classic_bike,2024,1,4,20,688,93
casual,electric_bike,2024,1,2,1,964,131
casual,classic_bike,2024,2,1,20,2461,88
member,electric_bike,2024,2,1,4,637,21
casual,electric_bike,2024,4,1,20,900,391
casual,electric_bike,2024,2,1,4,643,10
member,electric_scooter,2024,9,6,13,486,424
casual,electric_bike,2024,1,6,6,609,44
casual,electric_bike,2024,8,2,8,667,552
member,electric_bike,2024,8,4,3,709,53
casual,classic_bike,2024,4,1,4,1070,17
casual,classic_bike,2024,12,2,15,1280,222
casual,classic_bike,2024,3,5,17,1138,406
member,electric_bike,2024,5,7,18,820,1601
casual,electric_bike,2024,5,4,4,654,28
casual,classic_bike,2024,7,3,13,2088,1015
member,electric_bike,2024,3,5,1,464,51
member,classic_bike,2024,3,4,18,718,1394
casual,electric_bike,2024,7,6,21,938,980
casual,classic_bike,2024,9,7,3,798,70
member,electric_bike,2024,11,6,12,554,1260
casual,classic_bike,2024,11,1,3,1729,36
casual,classic_bike,2024,12,5,7,593,66
casual,classic_bike,2024,4,5,9,1506,168
casual,classic_bike,2024,5,2,9,1904,501
member,electric_bike,2024,6,7,10,770,1862
member,classic_bike,2024,7,6,21,891,993
member,classic_bike,2024,8,3,21,754,798
member,classic_bike,2024,5,1,10,832,1069
casual,classic_bike,2024,6,6,5,1619,103
casual,electric_bike,2024,8,6,13,1112,1877
casual,classic_bike,2024,8,7,10,2102,2204
casual,electric_bike,2024,9,3,13,910,558
member,electric_bike,2024,10,6,20,664,1021
member,electric_bike,2024,11,3,20,567,622
member,electric_bike,2024,4,6,5,518,174
member,classic_bike,2024,4,5,23,629,130
casual,classic_bike,2024,5,5,1,1859,79
casual,classic_bike,2024,6,2,0,2011,135
member,electric_bike,2024,7,4,11,710,1428
member,electric_bike,2024,8,1,11,870,1647
member,classic_bike,2024,5,4,2,490,15
member,classic_bike,2024,6,1,2,1013,162
casual,electric_bike,2024,7,5,0,800,347
casual,classic_bike,2024,7,7,18,1939,2252
casual,classic_bike,2024,8,4,18,1347,1753
casual,electric_bike,2024,9,6,5,553,100
casual,electric_bike,2024,2,5,15,643,245
casual,electric_bike,2024,3,3,2,521,16
casual,electric_bike,2024,9,1,18,1048,1484
casual,electric_bike,2024,11,6,22,606,292
casual,electric_bike,2024,12,4,9,428,142
casual,electric_bike,2024,1,7,6,574,17
casual,classic_bike,2024,5,2,13,2030,1127
casual,electric_bike,2024,7,5,21,966,1016
member,electric_bike,2024,1,4,22,552,209
member,electric_bike,2024,4,7,13,777,1518
member,classic_bike,2024,11,4,5,722,205
casual,classic_bike,2024,12,7,22,985,62
member,classic_bike,2024,2,1,15,851,1107
member,classic_bike,2024,2,3,20,629,494
member,classic_bike,2024,5,6,12,758,1700
casual,electric_scooter,2024,8,7,21,10579,2
member,electric_bike,2024,10,4,10,634,1187
member,classic_bike,2024,10,4,13,711,1461
member,classic_bike,2024,10,5,0,666,111
member,electric_bike,2024,11,1,10,677,1134
member,classic_bike,2024,11,2,0,662,69
member,classic_bike,2024,3,1,7,747,273
casual,classic_bike,2024,5,4,18,1587,1755
member,electric_bike,2024,5,5,23,608,473
member,electric_bike,2024,6,2,23,702,292
casual,classic_bike,2024,6,1,17,1781,2731
member,classic_bike,2024,9,6,3,2384,22
member,classic_bike,2024,4,7,15,977,1428
casual,classic_bike,2024,4,4,3,1156,8
member,electric_scooter,2024,9,3,19,531,547
casual,classic_bike,2024,9,5,18,1278,1485
casual,classic_bike,2024,10,2,18,1186,763
casual,classic_bike,2024,10,3,5,523,57
member,electric_bike,2024,12,1,2,545,130
member,electric_bike,2024,6,3,10,718,733
casual,electric_bike,2024,5,7,20,940,762
casual,electric_bike,2024,12,3,22,556,150
member,electric_bike,2024,6,2,0,622,181
casual,electric_scooter,2024,9,6,17,809,1044
member,classic_bike,2024,10,7,5,923,62
member,classic_bike,2024,12,1,4,3129,19
casual,electric_bike,2024,4,3,17,798,1265
member,classic_bike,2024,6,3,12,732,1134
casual,electric_bike,2024,8,1,3,762,214
casual,classic_bike,2024,9,2,3,1075,47
casual,electric_bike,2024,11,5,12,741,240
member,classic_bike,2024,1,2,19,579,500
member,electric_bike,2024,5,2,8,705,1416
member,classic_bike,2024,5,7,22,1059,625
member,electric_bike,2024,7,2,6,579,1202
member,classic_bike,2024,7,1,21,885,598
member,electric_bike,2024,3,1,6,550,137
member,electric_bike,2024,10,3,0,524,191
member,classic_bike,2024,11,5,15,776,611
member,classic_bike,2024,12,2,14,663,680
member,classic_bike,2024,1,5,11,610,465
casual,classic_bike,2024,7,1,1,1672,367
member,classic_bike,2024,8,7,6,861,394
casual,electric_bike,2024,12,6,14,624,185
casual,electric_bike,2024,1,6,19,612,113
casual,classic_bike,2024,2,7,19,1718,114
casual,classic_bike,2024,8,6,22,1548,956
member,electric_bike,2024,9,7,19,750,1408
casual,classic_bike,2024,4,1,11,2139,942
casual,electric_bike,2024,5,2,14,1109,851
casual,electric_bike,2024,6,4,20,925,1309
casual,electric_bike,2024,8,5,5,571,184
casual,electric_bike,2024,9,7,11,1150,1478
member,electric_bike,2024,6,6,2,591,104
casual,electric_scooter,2024,9,2,15,763,958
casual,classic_bike,2024,9,1,16,1913,2261
casual,classic_bike,2024,12,4,7,625,74
casual,classic_bike,2024,7,5,20,1593,1262
member,electric_bike,2024,9,4,4,727,84
casual,classic_bike,2024,1,3,8,1240,91
casual,electric_bike,2024,3,6,17,731,511
casual,electric_bike,2024,11,3,7,491,351
casual,classic_bike,2024,11,3,20,657,163
member,classic_bike,2024,3,7,23,871,245
member,classic_bike,2024,4,4,23,705,132
member,classic_bike,2024,5,2,10,766,862
member,electric_bike,2024,7,7,12,854,1993
member,electric_bike,2024,8,4,12,628,1451
member,classic_bike,2024,11,1,13,738,1056
member,classic_bike,2024,2,4,7,1025,1368
casual,classic_bike,2024,2,3,0,2113,16
casual,classic_bike,2024,4,7,18,1788,1023
member,classic_bike,2024,7,5,23,769,394
member,classic_bike,2024,8,2,23,959,195
member,electric_bike,2024,11,5,12,526,693
member,electric_bike,2024,12,2,12,607,710
member,classic_bike,2024,12,7,20,642,151
member,electric_bike,2024,12,7,18,686,488
casual,classic_bike,2024,2,3,23,669,42
casual,classic_bike,2024,5,1,3,2403,95
member,electric_scooter,2024,9,4,6,446,256
casual,classic_bike,2024,9,6,5,1765,67
member,electric_bike,2024,1,1,7,499,64
member,electric_bike,2024,5,6,10,724,1153
member,classic_bike,2024,8,3,10,853,869
casual,electric_bike,2024,1,2,23,457,38
casual,electric_bike,2024,2,6,2,586,10
casual,electric_bike,2024,9,2,5,582,127
casual,electric_bike,2024,11,1,16,749,597
casual,electric_bike,2024,2,1,13,1040,207
casual,electric_bike,2024,5,4,5,630,103
member,electric_bike,2024,8,7,4,809,132
casual,classic_bike,2024,11,5,11,1668,153
casual,electric_bike,2024,7,6,8,832,654
member,electric_bike,2024,9,2,13,741,1753
casual,electric_bike,2024,10,6,7,545,421
member,electric_bike,2024,12,5,4,539,38
member,electric_bike,2024,5,1,21,696,606
casual,classic_bike,2024,6,6,6,1233,231
member,classic_bike,2024,8,5,1,862,87
member,electric_scooter,2024,9,6,20,527,364
member,classic_bike,2024,9,2,1,1017,107
member,electric_bike,2024,10,3,23,606,388
casual,classic_bike,2024,3,5,6,712,42
member,electric_bike,2024,7,5,21,740,1257
casual,classic_bike,2024,8,7,9,1899,1523
member,electric_bike,2024,8,2,21,699,1062
casual,classic_bike,2024,1,1,11,1064,78
casual,classic_bike,2024,12,2,16,1268,225
casual,electric_bike,2024,1,4,14,643,148
member,electric_bike,2024,2,3,19,575,508
casual,classic_bike,2024,2,5,14,1201,277
casual,classic_bike,2024,3,2,14,1667,375
casual,classic_bike,2024,7,7,17,1867,2721
casual,classic_bike,2024,8,4,17,1332,1850
member,classic_bike,2024,11,6,2,818,22
casual,electric_bike,2024,3,7,21,760,285
casual,electric_bike,2024,4,5,8,541,411
member,classic_bike,2024,4,5,1,792,22
casual,electric_bike,2024,11,2,3,484,25
casual,electric_bike,2024,6,3,16,862,1467
casual,electric_bike,2024,6,1,5,861,166
member,electric_bike,2024,9,3,0,656,143
casual,electric_bike,2024,9,6,7,619,627
member,electric_bike,2024,2,7,21,834,154
casual,classic_bike,2024,5,6,9,1868,568
member,classic_bike,2024,9,4,12,672,1387
casual,classic_bike,2024,12,3,3,1539,7
member,electric_bike,2024,5,1,4,673,86
member,electric_bike,2024,7,6,8,664,1522
casual,classic_bike,2024,7,4,16,1659,1732
member,electric_bike,2024,2,5,10,831,455
member,electric_bike,2024,3,2,10,590,484
casual,classic_bike,2024,3,4,2,1335,5
member,electric_bike,2024,9,1,12,800,1747
member,classic_bike,2024,11,6,19,798,964
casual,classic_bike,2024,1,6,0,1079,11
member,classic_bike,2024,1,7,2,382,27
casual,classic_bike,2024,6,6,23,1744,582
casual,electric_bike,2024,1,5,15,588,201
member,electric_bike,2024,9,3,23,657,332
member,classic_bike,2024,12,6,10,571,252
casual,electric_bike,2024,5,1,13,1241,1122
casual,electric_bike,2024,7,3,7,570,746
casual,classic_bike,2024,7,2,5,1065,95
casual,classic_bike,2024,12,1,15,1424,297
casual,electric_bike,2024,12,2,18,585,323
casual,electric_bike,2024,4,4,21,708,239
casual,electric_bike,2024,5,3,1,823,87
casual,electric_bike,2024,7,7,12,1313,2097
casual,electric_bike,2024,10,5,3,580,50
member,electric_bike,2024,4,5,22,559,488
casual,electric_bike,2024,8,5,22,797,977
member,electric_bike,2024,8,6,0,654,429
member,classic_bike,2024,11,2,14,625,804
member,classic_bike,2024,3,5,9,671,688
member,classic_bike,2024,8,7,12,998,2407
member,classic_bike,2024,1,1,9,747,254
member,electric_bike,2024,8,3,8,655,2479
member,electric_scooter,2024,9,7,21,637,275
casual,classic_bike,2024,10,6,20,1098,483
member,classic_bike,2024,5,7,16,1091,1988
member,electric_bike,2024,6,5,1,759,107
member,electric_bike,2024,11,7,3,564,117
member,electric_bike,2024,12,4,3,604,27
member,electric_bike,2024,2,4,6,554,472
casual,electric_bike,2024,4,6,9,862,303
casual,classic_bike,2024,11,6,12,1548,568
member,classic_bike,2024,4,6,11,713,766
casual,electric_bike,2024,10,1,1,762,556
member,classic_bike,2024,10,2,22,881,350
casual,electric_bike,2024,7,2,6,579,323
member,electric_bike,2024,9,6,15,731,2395
member,classic_bike,2024,9,7,4,547,32
casual,classic_bike,2024,4,5,7,1016,118
casual,classic_bike,2024,9,4,17,1581,1709
casual,electric_bike,2024,2,2,23,471,61
member,classic_bike,2024,4,2,9,672,1049
member,electric_bike,2024,4,1,20,602,588
casual,classic_bike,2024,8,3,7,1288,442
casual,electric_bike,2024,12,7,1,653,95
casual,electric_bike,2024,1,1,13,957,93
member,electric_bike,2024,2,6,20,620,190
casual,electric_bike,2024,2,2,0,694,20
member,classic_bike,2024,3,7,0,534,165
member,classic_bike,2024,2,5,17,738,2974
casual,classic_bike,2024,2,7,2,705,26
member,electric_bike,2024,9,7,5,718,183
member,classic_bike,2024,12,3,18,632,749
casual,classic_bike,2024,12,6,18,931,107
casual,electric_bike,2024,12,5,10,666,91
member,electric_bike,2024,8,6,23,692,997
member,classic_bike,2024,1,3,20,721,373
casual,electric_bike,2024,6,6,8,718,557
casual,electric_bike,2024,11,5,18,609,379
casual,electric_bike,2024,1,3,4,541,3
casual,electric_bike,2024,3,2,15,859,382
casual,electric_bike,2024,6,5,7,684,608
casual,classic_bike,2024,7,3,15,1815,1070
casual,classic_bike,2024,8,5,21,1283,885
casual,electric_bike,2024,11,7,9,733,444
casual,electric_bike,2024,5,6,16,1028,1935
casual,classic_bike,2024,5,2,7,1236,259
casual,electric_scooter,2024,9,7,21,892,770
casual,classic_bike,2024,10,1,17,1708,1131
member,electric_bike,2024,3,4,21,548,404
casual,classic_bike,2024,4,3,16,1645,973
member,electric_bike,2024,6,7,12,804,2105
casual,classic_bike,2024,7,6,7,1226,425
member,electric_bike,2024,3,3,20,570,589
member,classic_bike,2024,4,4,0,659,70
casual,classic_bike,2024,8,1,16,1746,2197
member,electric_bike,2024,1,2,11,783,354
casual,electric_bike,2024,2,4,14,726,190
member,electric_bike,2024,3,6,12,567,746
casual,electric_bike,2024,3,1,14,1148,642
member,electric_bike,2024,4,3,11,703,1014
member,electric_scooter,2024,9,2,18,513,828
casual,electric_scooter,2024,9,6,0,563,1
member,classic_bike,2024,2,3,3,380,8
member,electric_bike,2024,12,6,14,607,592
casual,electric_bike,2024,2,7,6,725,17
casual,electric_bike,2024,3,4,6,462,94
member,electric_bike,2024,4,6,3,607,50
casual,electric_bike,2024,4,1,6,692,56
member,electric_bike,2024,9,5,14,718,1471
member,electric_scooter,2024,9,5,10,503,265
casual,classic_bike,2024,9,7,9,1652,906
casual,classic_bike,2024,10,4,9,1387,460
casual,classic_bike,2024,11,1,9,1409,470
member,classic_bike,2024,1,7,22,1186,84
casual,classic_bike,2024,2,6,18,1152,257
casual,electric_scooter,2024,9,3,19,675,618
member,classic_bike,2024,11,6,16,817,1812
casual,classic_bike,2024,12,5,11,910,56
member,electric_bike,2024,1,6,10,600,239
member,classic_bike,2024,3,3,18,767,1664
member,classic_bike,2024,6,6,10,760,925
casual,electric_bike,2024,7,3,10,1086,613
casual,electric_bike,2024,2,3,4,730,9
member,electric_bike,2024,2,3,2,866,4
casual,electric_bike,2024,3,5,13,899,254
member,classic_bike,2024,10,2,2,857,17
member,classic_bike,2024,4,1,5,1040,32
casual,electric_bike,2024,5,6,19,935,1379
member,electric_bike,2024,6,5,21,707,1159
member,electric_bike,2024,9,3,3,749,38
member,electric_bike,2024,3,7,16,704,1160
member,electric_bike,2024,4,4,15,608,1226
casual,classic_bike,2024,4,7,1,1018,64
member,electric_bike,2024,4,5,2,461,37
casual,electric_bike,2024,4,5,5,473,61
member,classic_bike,2024,4,5,4,848,17
casual,classic_bike,2024,5,4,1,992,49
member,electric_scooter,2024,9,1,8,456,149
casual,classic_bike,2024,11,3,3,2281,9
member,electric_bike,2024,12,7,12,582,668
casual,classic_bike,2024,12,1,12,1348,185
casual,classic_bike,2024,3,6,10,2095,195
member,electric_bike,2024,10,1,12,754,1632
casual,classic_bike,2024,6,4,15,1779,1070
casual,electric_bike,2024,1,7,23,501,47
member,classic_bike,2024,12,3,15,683,689
member,classic_bike,2024,2,6,18,783,1019
casual,electric_bike,2024,3,3,19,689,269
casual,classic_bike,2024,4,3,2,1768,18
member,electric_bike,2024,6,6,8,695,1517
member,classic_bike,2024,10,1,15,892,1614
casual,classic_bike,2024,1,6,3,1034,6
member,classic_bike,2024,4,3,10,677,851
member,electric_bike,2024,8,6,3,663,96
casual,electric_scooter,2024,9,5,13,648,570
member,classic_bike,2024,9,2,21,832,817
member,classic_bike,2024,1,2,13,646,529
casual,electric_bike,2024,7,1,16,1170,1438
member,classic_bike,2024,9,7,7,825,525
member,electric_bike,2024,2,7,1,651,58
member,electric_bike,2024,3,4,1,570,51
casual,classic_bike,2024,3,7,17,1766,750
casual,electric_bike,2024,5,4,22,736,499
casual,classic_bike,2024,6,2,21,1699,480
casual,classic_bike,2024,5,3,17,1347,1055
member,classic_bike,2024,1,1,6,537,35
member,electric_bike,2024,2,6,17,747,659
casual,electric_bike,2024,2,6,19,676,109
casual,classic_bike,2024,6,7,7,2043,408
member,electric_bike,2024,4,1,23,647,250
member,electric_bike,2024,7,4,14,712,1769
member,classic_bike,2024,7,5,3,691,22
casual,electric_bike,2024,10,7,8,822,595
member,electric_bike,2024,10,7,5,616,110
member,classic_bike,2024,2,7,5,807,30
member,classic_bike,2024,8,5,21,800,1264
member,classic_bike,2024,11,7,23,997,215
casual,classic_bike,2024,6,1,0,1270,488
casual,classic_bike,2024,8,5,18,1337,1941
member,electric_bike,2024,9,6,18,763,2622
casual,classic_bike,2024,10,6,3,840,16
casual,classic_bike,2024,6,1,23,2572,408
casual,classic_bike,2024,11,6,18,986,451
casual,electric_bike,2024,2,2,20,686,94
member,classic_bike,2024,3,5,12,623,687
member,classic_bike,2024,4,2,12,733,1348
casual,electric_bike,2024,8,7,13,1250,2865
casual,electric_bike,2024,9,4,13,959,745
casual,classic_bike,2024,1,3,2,585,3
casual,classic_bike,2024,5,7,16,2259,2605
casual,electric_bike,2024,7,6,2,756,164
member,electric_bike,2024,11,7,20,578,683
casual,electric_bike,2024,12,5,13,644,166
member,electric_bike,2024,12,4,20,531,318
casual,classic_bike,2024,12,7,5,614,7
casual,classic_bike,2024,4,6,17,1479,439
casual,electric_scooter,2024,9,4,6,413,218
casual,classic_bike,2024,10,5,13,1782,753
member,electric_bike,2024,3,3,17,650,2122
casual,electric_bike,2024,6,6,11,1075,867
member,classic_bike,2024,8,6,8,746,2003
casual,classic_bike,2024,9,1,22,1586,584
casual,classic_bike,2024,1,1,17,1161,52
casual,classic_bike,2024,6,3,8,1028,474
member,electric_bike,2024,8,1,14,872,1869
member,classic_bike,2024,8,2,3,609,23
casual,electric_scooter,2024,9,1,14,998,956
member,classic_bike,2024,10,2,5,643,198
casual,electric_bike,2024,11,4,8,485,472
casual,electric_bike,2024,1,4,8,430,185
member,classic_bike,2024,3,4,5,858,157
casual,electric_bike,2024,6,3,19,843,1317
member,classic_bike,2024,12,4,22,605,113
casual,classic_bike,2024,1,4,9,665,64
casual,electric_bike,2024,1,3,1,557,6
casual,classic_bike,2024,2,1,9,868,166
casual,electric_bike,2024,6,5,4,666,67
casual,electric_bike,2024,7,2,3,637,93
casual,electric_bike,2024,1,1,16,597,95
casual,classic_bike,2024,4,2,12,2039,594
casual,classic_bike,2024,9,7,6,1950,161
casual,electric_bike,2024,10,3,9,572,569
casual,classic_bike,2024,10,4,6,961,199
casual,classic_bike,2024,11,1,6,964,76
casual,electric_bike,2024,5,5,12,983,789
casual,electric_bike,2024,6,2,12,1126,763
member,electric_bike,2024,3,6,9,531,662
member,electric_bike,2024,4,3,8,655,2650
member,electric_bike,2024,8,5,19,733,2475
member,electric_bike,2024,9,2,19,666,2029
casual,classic_bike,2024,9,4,14,1739,738
casual,electric_bike,2024,10,6,1,739,143
casual,classic_bike,2024,10,1,14,1938,1660
casual,electric_bike,2024,11,3,1,553,31
member,classic_bike,2024,1,3,3,1899,11
member,electric_bike,2024,7,1,22,770,545
casual,electric_bike,2024,10,4,16,763,1655
casual,classic_bike,2024,11,2,13,1546,317
member,classic_bike,2024,6,3,9,730,1101
member,classic_bike,2024,8,6,2,793,38
member,classic_bike,2024,11,2,20,763,606
member,electric_bike,2024,2,2,12,532,422
member,electric_bike,2024,5,5,3,747,57
member,classic_bike,2024,6,1,21,1015,834
member,classic_bike,2024,7,4,22,962,944
casual,classic_bike,2024,9,5,21,1204,513
member,electric_bike,2024,12,1,5,775,55
casual,electric_bike,2024,12,1,8,651,73
casual,electric_bike,2024,5,1,7,1365,249
member,electric_bike,2024,8,5,13,659,1644
member,electric_bike,2024,2,4,23,574,104
casual,electric_bike,2024,9,1,15,1194,2105
casual,classic_bike,2024,9,3,10,2198,436
member,classic_bike,2024,11,7,6,940,139
member,classic_bike,2024,12,4,5,613,104
member,electric_bike,2024,1,7,0,571,105
casual,classic_bike,2024,4,4,23,2242,62
casual,classic_bike,2024,5,1,23,1949,224
member,electric_bike,2024,7,3,10,762,1066
casual,classic_bike,2024,7,5,3,2930,28
casual,classic_bike,2024,8,2,3,913,20
member,classic_bike,2024,2,7,22,747,198
casual,electric_bike,2024,8,1,23,850,455
casual,electric_bike,2024,10,2,5,492,107
casual,electric_bike,2024,5,3,18,811,952
member,classic_bike,2024,7,6,10,814,1043
member,electric_bike,2024,8,3,2,682,50
member,classic_bike,2024,5,6,9,725,1293
member,classic_bike,2024,9,3,2,620,11
member,classic_bike,2024,10,5,20,695,1155
casual,electric_bike,2024,11,2,20,494,196
member,electric_bike,2024,12,1,22,575,242
member,classic_bike,2024,5,4,21,858,1107
casual,electric_bike,2024,6,7,15,1104,2325
member,electric_bike,2024,6,2,3,641,76
casual,classic_bike,2024,8,2,20,1295,686
member,classic_bike,2024,8,1,22,995,431
member,electric_bike,2024,11,4,5,452,251
member,classic_bike,2024,12,6,16,640,602
member,classic_bike,2024,5,3,17,844,3216
casual,classic_bike,2024,7,2,11,2345,881
casual,electric_bike,2024,9,5,20,756,718
member,classic_bike,2024,2,5,11,637,919
member,classic_bike,2024,3,2,11,681,668
casual,classic_bike,2024,6,5,19,1535,1206
member,classic_bike,2024,7,7,14,995,1977
member,classic_bike,2024,8,4,14,758,1190
member,classic_bike,2024,9,1,14,863,1521
casual,classic_bike,2024,11,7,22,1058,162
casual,classic_bike,2024,12,6,1,1166,27
casual,electric_bike,2024,8,1,6,825,240
member,electric_bike,2024,9,7,22,778,997
member,electric_scooter,2024,9,4,23,603,168
member,electric_bike,2024,10,6,1,560,143
member,electric_bike,2024,11,3,1,409,40
member,classic_bike,2024,6,7,14,958,2080
member,classic_bike,2024,9,4,6,671,942
casual,electric_bike,2024,12,6,17,590,264
member,classic_bike,2024,11,5,12,733,644
member,classic_bike,2024,12,2,11,543,568
casual,classic_bike,2024,7,3,9,1834,742
member,classic_bike,2024,1,4,7,680,1185
member,classic_bike,2024,1,6,18,700,493
casual,electric_bike,2024,10,5,20,610,696
member,electric_bike,2024,11,2,11,633,783
casual,classic_bike,2024,11,3,17,1212,370
casual,electric_bike,2024,1,6,2,612,9
member,classic_bike,2024,2,2,19,683,844
member,electric_bike,2024,5,4,22,683,891
member,classic_bike,2024,5,5,11,753,1337
casual,electric_bike,2024,7,4,14,986,1172
casual,electric_bike,2024,8,2,4,557,62
member,electric_bike,2024,9,4,7,669,2449
casual,classic_bike,2024,9,6,2,918,27
member,electric_bike,2024,1,3,18,598,627
member,electric_bike,2024,2,1,8,535,175
casual,classic_bike,2024,2,2,13,2098,279
casual,classic_bike,2024,2,3,3,842,9
member,electric_bike,2024,4,6,9,571,840
member,electric_bike,2024,4,5,19,551,1017
casual,classic_bike,2024,5,5,5,778,63
member,classic_bike,2024,11,3,1,555,22
casual,electric_bike,2024,12,2,12,706,282
casual,electric_bike,2024,12,3,2,546,30
member,electric_bike,2024,3,1,23,521,123
casual,classic_bike,2024,4,1,8,2377,177
casual,electric_bike,2024,5,7,23,947,553
casual,electric_bike,2024,6,4,23,873,381
member,classic_bike,2024,6,5,3,343,16
casual,electric_bike,2024,5,7,0,777,391
casual,electric_bike,2024,6,4,0,773,261
casual,classic_bike,2024,3,7,0,1120,95
member,classic_bike,2024,3,4,22,720,249
member,classic_bike,2024,4,1,22,837,181
member,electric_bike,2024,7,6,2,670,89
member,classic_bike,2024,8,2,20,801,1252
casual,electric_bike,2024,11,7,23,744,251
casual,electric_bike,2024,12,4,23,522,50
casual,classic_bike,2024,3,3,18,1404,452
member,classic_bike,2024,3,3,1,657,19
member,electric_scooter,2024,9,6,17,565,780
member,classic_bike,2024,9,6,17,846,2668
casual,classic_bike,2024,1,2,21,1906,38
casual,classic_bike,2024,4,5,13,1341,205
casual,electric_bike,2024,9,6,1,738,202
member,electric_bike,2024,10,5,11,641,1347
casual,electric_bike,2024,4,2,13,1034,772
member,electric_bike,2024,6,1,22,701,739
casual,electric_bike,2024,7,5,4,802,63
member,electric_bike,2024,8,7,7,809,775
casual,classic_bike,2024,10,3,2,1017,29
member,electric_bike,2024,12,6,8,492,724
casual,classic_bike,2024,1,5,13,1498,107
casual,classic_bike,2024,6,2,4,1042,22
casual,classic_bike,2024,8,7,6,1588,174
member,electric_bike,2024,10,2,19,597,1410
member,classic_bike,2024,10,6,1,1329,61
casual,electric_bike,2024,11,6,2,558,70
member,electric_bike,2024,5,7,14,871,1723
member,electric_bike,2024,6,4,14,737,1469
member,electric_bike,2024,11,6,16,661,2280
member,electric_bike,2024,12,3,16,627,1595
casual,electric_bike,2024,2,4,8,508,183
casual,electric_bike,2024,3,1,8,573,145
casual,classic_bike,2024,7,7,14,2062,3142
casual,electric_bike,2024,8,3,17,861,1820
casual,classic_bike,2024,8,4,14,1916,905
member,electric_scooter,2024,9,2,12,435,428
member,classic_bike,2024,10,3,9,625,1668
casual,classic_bike,2024,10,7,7,1402,243
casual,classic_bike,2024,11,4,7,736,209
casual,classic_bike,2024,12,2,19,1316,120
casual,electric_bike,2024,2,1,16,932,271
member,classic_bike,2024,5,1,6,845,231
casual,electric_bike,2024,8,6,9,920,855
casual,electric_bike,2024,9,3,9,901,429
member,electric_bike,2024,2,5,13,586,606
member,classic_bike,2024,2,6,1,454,43
casual,classic_bike,2024,6,6,3,4340,33
member,classic_bike,2024,8,4,17,852,3926
member,classic_bike,2024,5,1,3,1194,66
member,classic_bike,2024,7,6,7,713,1364
member,electric_bike,2024,8,3,5,568,364
casual,classic_bike,2024,2,4,7,1035,132
member,classic_bike,2024,3,5,6,770,415
casual,electric_bike,2024,4,7,16,1170,1397
member,classic_bike,2024,9,3,22,773,483
casual,classic_bike,2024,11,5,14,1274,206
member,classic_bike,2024,12,6,13,578,392
casual,classic_bike,2024,12,3,0,676,35
member,electric_bike,2024,7,5,18,797,2434
casual,electric_bike,2024,1,2,20,643,70
casual,electric_bike,2024,1,3,7,481,79
casual,electric_bike,2024,7,1,22,942,479
casual,electric_bike,2024,10,4,13,831,741
casual,electric_bike,2024,11,1,13,1018,604
casual,electric_bike,2024,11,2,0,636,114
casual,electric_bike,2024,5,3,21,833,535
casual,classic_bike,2024,7,2,8,1029,617
casual,classic_bike,2024,12,3,23,802,54
casual,classic_bike,2024,1,6,20,721,53
casual,classic_bike,2024,2,3,20,860,107
member,electric_bike,2024,3,4,18,592,1444
member,electric_bike,2024,3,5,5,418,133
member,electric_bike,2024,4,2,4,496,62
casual,classic_bike,2024,8,2,23,2964,159
member,electric_bike,2024,9,3,20,661,1147
casual,electric_scooter,2024,9,1,8,671,258
member,classic_bike,2024,12,7,0,560,81
casual,electric_bike,2024,5,4,8,596,836
casual,electric_bike,2024,6,3,13,1061,758
casual,electric_bike,2024,6,1,8,1037,627
casual,classic_bike,2024,8,2,0,2584,184
casual,electric_bike,2024,11,2,23,576,87
member,classic_bike,2024,2,5,14,728,1081
member,electric_bike,2024,3,2,13,506,717
member,classic_bike,2024,7,7,17,1038,2008
member,classic_bike,2024,9,1,17,937,1952
member,classic_bike,2024,11,6,22,764,367
casual,classic_bike,2024,11,7,19,1721,335
member,classic_bike,2024,1,1,12,847,413
casual,classic_bike,2024,3,4,22,852,57
member,electric_bike,2024,5,1,1,677,329
member,electric_bike,2024,7,6,5,693,294
member,classic_bike,2024,8,3,7,767,2131
member,electric_bike,2024,10,7,22,682,745
casual,classic_bike,2024,10,6,17,1360,1455
member,classic_bike,2024,10,2,19,641,1354
casual,electric_bike,2024,1,5,12,583,144
member,classic_bike,2024,4,2,6,629,637
member,electric_bike,2024,6,6,22,767,974
member,classic_bike,2024,6,7,11,956,2071
member,electric_bike,2024,2,4,3,595,24
member,electric_bike,2024,7,3,13,629,1402
casual,electric_scooter,2024,9,2,18,791,971
casual,electric_bike,2024,2,2,3,458,10
casual,electric_bike,2024,3,6,14,836,389
member,classic_bike,2024,4,6,8,668,1059
casual,electric_bike,2024,9,5,17,858,1918
member,classic_bike,2024,8,7,9,938,1770
member,classic_bike,2024,9,4,9,667,1467
member,classic_bike,2024,3,6,16,753,1190
member,classic_bike,2024,4,3,16,835,2750
member,classic_bike,2024,3,2,14,719,741
member,electric_bike,2024,5,2,11,697,973
member,classic_bike,2024,5,7,19,919,1211
member,classic_bike,2024,5,3,0,757,81
member,classic_bike,2024,6,5,6,735,1028
member,electric_bike,2024,6,4,17,775,3600
member,classic_bike,2024,12,3,21,916,228
casual,classic_bike,2024,2,7,22,1874,89
casual,classic_bike,2024,5,5,2,991,28
member,electric_bike,2024,10,2,16,678,2573
member,electric_bike,2024,11,4,22,507,297
casual,classic_bike,2024,4,3,19,1599,473
casual,electric_bike,2024,4,1,23,943,155
casual,classic_bike,2024,7,6,10,2187,1107
member,electric_bike,2024,3,6,15,582,1074
member,electric_bike,2024,3,1,3,619,81
casual,classic_bike,2024,7,1,21,1484,645
member,classic_bike,2024,10,3,6,672,966
casual,electric_bike,2024,3,2,18,824,511
casual,electric_bike,2024,8,4,15,937,1155
casual,electric_bike,2024,10,5,0,592,216
member,classic_bike,2024,1,3,17,1011,1355
member,electric_bike,2024,1,3,15,557,541
casual,electric_bike,2024,11,5,15,697,379
casual,electric_bike,2024,12,2,15,659,377
member,electric_bike,2024,4,1,17,785,1141
member,electric_bike,2024,8,6,20,756,1567
casual,electric_bike,2024,5,6,13,997,1073
casual,electric_bike,2024,10,5,23,635,464
casual,classic_bike,2024,12,6,15,837,113
member,electric_bike,2024,5,7,17,849,1687
member,electric_bike,2024,7,1,16,826,1553
member,classic_bike,2024,7,2,5,746,447
casual,classic_bike,2024,8,6,2,2008,67
casual,classic_bike,2024,6,7,13,2021,2700
casual,classic_bike,2024,6,2,1,1485,74
member,electric_scooter,2024,9,5,13,473,399
casual,classic_bike,2024,1,7,7,2312,11
casual,classic_bike,2024,3,1,7,1752,77
member,classic_bike,2024,8,6,22,841,789
casual,classic_bike,2024,8,3,10,2183,479
casual,classic_bike,2024,10,2,21,1092,220
casual,classic_bike,2024,1,2,18,907,116
member,electric_bike,2024,4,3,14,659,1216
casual,classic_bike,2024,4,5,10,1732,154
casual,electric_bike,2024,11,7,6,594,78
casual,electric_bike,2024,12,4,6,369,90
casual,electric_bike,2024,2,7,9,607,68
casual,electric_bike,2024,3,4,9,554,219
casual,electric_bike,2024,4,1,9,953,382
member,electric_bike,2024,4,6,6,527,669
casual,electric_bike,2024,8,6,12,1094,1677
casual,electric_bike,2024,9,3,12,990,555
casual,classic_bike,2024,9,7,12,1932,1883
casual,classic_bike,2024,10,4,12,1845,634
casual,classic_bike,2024,11,1,12,1780,736
member,electric_bike,2024,1,5,6,500,376
member,classic_bike,2024,2,3,0,639,71
member,electric_bike,2024,6,7,9,756,1562
casual,electric_bike,2024,7,5,1,875,176
casual,electric_bike,2024,10,7,14,1205,1734
member,electric_bike,2024,12,6,11,684,554
casual,electric_bike,2024,3,7,1,578,115
casual,electric_bike,2024,4,4,1,947,55
casual,electric_bike,2024,9,6,4,657,76
casual,classic_bike,2024,10,7,4,932,37
casual,classic_bike,2024,11,4,4,1412,12
member,electric_bike,2024,1,2,14,577,468
member,classic_bike,2024,7,2,11,715,1178
member,classic_bike,2024,9,6,23,746,456
member,electric_bike,2024,11,1,7,639,284
member,classic_bike,2024,2,1,12,802,982
member,classic_bike,2024,2,3,23,604,118
member,classic_bike,2024,5,6,15,834,2124
member,classic_bike,2024,5,4,4,999,48
member,electric_bike,2024,9,5,11,661,1213
member,electric_bike,2024,11,3,18,580,1444
casual,classic_bike,2024,5,2,10,2608,608
casual,electric_bike,2024,7,5,18,987,1822
casual,classic_bike,2024,8,5,1,1466,113
casual,electric_bike,2024,8,4,21,888,928
casual,electric_scooter,2024,9,4,9,537,443
casual,electric_bike,2024,9,1,21,996,689
casual,classic_bike,2024,9,2,23,1198,207
casual,electric_bike,2024,4,3,20,763,471
member,electric_bike,2024,6,5,18,716,2737
member,classic_bike,2024,6,5,20,919,1455
casual,electric_bike,2024,8,1,0,799,827
casual,classic_bike,2024,3,6,13,1630,361
member,classic_bike,2024,4,7,12,991,1441
casual,electric_bike,2024,8,2,10,1008,482
member,electric_scooter,2024,9,4,9,484,505
member,classic_bike,2024,10,7,8,782,837
member,classic_bike,2024,11,4,8,677,1662
member,electric_bike,2024,1,4,2,628,19
member,classic_bike,2024,3,1,4,721,39
member,electric_bike,2024,5,3,15,669,1437
casual,classic_bike,2024,5,4,21,1554,585
casual,classic_bike,2024,6,1,20,1793,1196
member,classic_bike,2024,9,6,0,711,193
member,classic_bike,2024,3,7,20,698,457
member,electric_bike,2024,5,2,5,530,218
member,classic_bike,2024,6,4,19,1030,2285
member,electric_bike,2024,10,4,7,617,2726
casual,classic_bike,2024,6,4,12,1791,929
member,classic_bike,2024,6,3,15,813,1520
casual,electric_scooter,2024,9,5,10,670,334
member,classic_bike,2024,9,5,13,651,1253
casual,classic_bike,2024,11,3,23,717,56
casual,classic_bike,2024,4,4,6,816,70
member,electric_bike,2024,10,1,15,775,1766
member,classic_bike,2024,3,3,15,683,1057
member,classic_bike,2024,6,6,7,745,1486
casual,electric_bike,2024,10,2,22,689,264
casual,electric_bike,2024,11,6,19,649,454
casual,electric_bike,2024,12,3,19,557,201
member,electric_bike,2024,4,1,0,576,388
casual,classic_bike,2024,9,2,6,849,211
member,classic_bike,2024,12,5,9,634,402
member,classic_bike,2024,1,5,14,661,551
casual,electric_bike,2024,6,1,22,944,708
member,classic_bike,2024,7,4,16,808,3602
casual,classic_bike,2024,7,1,4,1456,76
member,classic_bike,2024,8,1,16,1016,1868
casual,electric_scooter,2024,9,6,20,783,582
member,electric_bike,2024,2,4,9,616,532
member,electric_bike,2024,3,1,9,692,593
casual,classic_bike,2024,3,7,14,1729,1184
member,electric_bike,2024,10,3,3,648,42
member,classic_bike,2024,4,4,20,811,634
member,electric_bike,2024,7,2,3,610,59
member,electric_bike,2024,8,4,9,651,1362
casual,classic_bike,2024,10,6,0,1867,134
member,classic_bike,2024,11,1,16,696,1035
member,electric_bike,2024,11,7,0,594,398
member,electric_bike,2024,1,1,10,545,220
member,electric_bike,2024,5,6,7,662,1522
casual,classic_bike,2024,5,7,13,2275,2728
member,electric_bike,2024,10,5,17,700,4341
casual,classic_bike,2024,10,6,23,1081,461
member,electric_bike,2024,11,7,23,655,409
casual,classic_bike,2024,5,1,6,2916,148
casual,electric_bike,2024,8,7,16,1143,2733
casual,electric_bike,2024,1,2,3,488,17
member,classic_bike,2024,2,6,15,665,1228
casual,electric_bike,2024,4,6,12,897,573
casual,electric_bike,2024,5,4,2,768,69
casual,electric_bike,2024,10,3,12,776,681
member,electric_bike,2024,12,2,9,526,688
casual,classic_bike,2024,12,4,4,680,9
member,electric_bike,2024,1,7,17,795,312
casual,electric_bike,2024,8,5,2,895,101
casual,electric_bike,2024,9,2,2,755,167
casual,electric_bike,2024,9,7,8,885,638
member,classic_bike,2024,11,7,0,796,216
casual,classic_bike,2024,1,3,5,397,14
casual,electric_bike,2024,3,6,20,607,191
casual,classic_bike,2024,6,5,2,2069,42
member,classic_bike,2024,8,5,18,799,3390
member,classic_bike,2024,9,2,18,857,3184
casual,electric_bike,2024,12,7,21,776,120
member,classic_bike,2024,5,5,5,628,317
member,classic_bike,2024,6,2,5,807,313
casual,classic_bike,2024,9,6,8,1275,504
member,classic_bike,2024,12,1,7,819,125
member,classic_bike,2024,1,7,5,1859,22
member,classic_bike,2024,2,4,4,636,24
casual,classic_bike,2024,4,7,21,1973,407
member,classic_bike,2024,7,3,15,758,1889
member,electric_bike,2024,12,7,15,757,796
member,classic_bike,2024,5,2,13,805,1262
member,electric_bike,2024,7,7,9,771,1392
member,electric_bike,2024,9,1,9,818,1206
member,classic_bike,2024,10,4,16,738,3296
casual,classic_bike,2024,11,3,0,628,33
member,electric_bike,2024,1,6,16,595,603
member,electric_bike,2024,6,3,7,661,1783
member,classic_bike,2024,6,1,4,1479,56
member,classic_bike,2024,7,1,1,717,237
member,electric_bike,2024,11,2,17,638,2069
member,electric_bike,2024,12,4,23,556,112
casual,classic_bike,2024,1,1,14,1741,93
member,electric_bike,2024,7,4,17,775,4216
casual,electric_bike,2024,9,4,16,851,1652
member,electric_bike,2024,10,6,18,711,2449
casual,electric_bike,2024,10,1,21,760,343
casual,classic_bike,2024,3,5,3,549,3
casual,electric_bike,2024,6,1,2,866,397
member,electric_bike,2024,8,2,18,727,2525
member,electric_bike,2024,11,5,9,567,782
casual,electric_bike,2024,5,2,11,1230,620
casual,classic_bike,2024,2,5,11,1402,221
casual,classic_bike,2024,3,2,11,1968,238
casual,electric_bike,2024,8,3,11,966,586
casual,electric_bike,2024,10,6,4,576,50
casual,electric_bike,2024,11,3,4,427,25
member,electric_bike,2024,12,5,1,698,37
member,electric_bike,2024,5,4,16,798,3675
casual,classic_bike,2024,5,6,12,2020,1281
member,electric_bike,2024,6,1,16,899,2423
casual,classic_bike,2024,6,3,11,2259,578
member,classic_bike,2024,7,5,6,711,857
member,classic_bike,2024,8,2,6,622,895
casual,classic_bike,2024,1,5,19,818,78
casual,electric_bike,2024,1,7,9,471,49
casual,classic_bike,2024,2,2,19,1349,191
member,classic_bike,2024,4,5,21,897,490
casual,classic_bike,2024,8,7,12,2035,3216
member,electric_bike,2024,3,2,7,540,951
member,classic_bike,2024,9,1,11,909,1778
member,electric_bike,2024,12,3,13,521,723
member,classic_bike,2024,12,4,2,791,6
casual,electric_bike,2024,5,1,10,1139,641
casual,electric_bike,2024,8,4,1,752,118
casual,classic_bike,2024,11,7,2,1375,109
member,electric_bike,2024,8,1,17,894,1852
casual,electric_bike,2024,11,4,11,586,269
casual,electric_bike,2024,12,6,20,456,89
casual,classic_bike,2024,4,2,15,1995,670
casual,classic_bike,2024,7,5,6,1123,221
casual,classic_bike,2024,8,4,11,2095,822
member,electric_bike,2024,9,5,8,677,2907
casual,classic_bike,2024,1,3,22,833,55
member,classic_bike,2024,1,3,0,518,40
member,classic_bike,2024,3,7,17,830,1100
member,classic_bike,2024,9,6,20,804,949
casual,classic_bike,2024,10,5,16,1552,1108
casual,classic_bike,2024,11,2,16,1070,292
member,classic_bike,2024,1,3,23,615,99
member,electric_bike,2024,5,3,12,609,1049
casual,electric_bike,2024,1,5,18,658,177
member,electric_bike,2024,2,2,15,704,709
casual,electric_bike,2024,2,2,17,912,284
casual,electric_bike,2024,3,6,0,514,112
casual,electric_bike,2024,4,3,0,682,128
casual,electric_bike,2024,8,1,20,1004,911
casual,electric_bike,2024,10,2,2,510,63
member,classic_bike,2024,10,7,11,842,1667
member,classic_bike,2024,11,4,11,664,793
member,classic_bike,2024,2,1,9,775,561
member,classic_bike,2024,6,5,23,897,346
member,electric_bike,2024,7,3,7,660,2584
member,electric_bike,2024,7,1,2,685,234
member,classic_bike,2024,8,6,5,757,307
member,electric_bike,2024,1,7,20,523,140
member,classic_bike,2024,8,4,11,754,1200
member,classic_bike,2024,11,7,3,511,57
member,electric_bike,2024,12,4,0,672,74
member,electric_bike,2024,1,4,5,483,147
casual,electric_bike,2024,9,1,1,797,747
casual,electric_bike,2024,6,7,18,1092,1646
casual,electric_bike,2024,7,2,23,703,299
casual,classic_bike,2024,8,2,6,1010,203
casual,classic_bike,2024,11,6,15,1331,617
member,classic_bike,2024,6,4,16,884,2753
casual,electric_bike,2024,7,7,9,1173,1096
member,classic_bike,2024,5,3,14,807,868
casual,classic_bike,2024,9,5,1,941,68
member,electric_bike,2024,10,3,6,634,1246
casual,classic_bike,2024,10,2,1,2089,47
member,electric_bike,2024,5,5,6,556,1045
member,electric_bike,2024,6,2,6,543,1033
member,electric_bike,2024,7,5,1,684,154
member,classic_bike,2024,7,4,19,918,2950
member,classic_bike,2024,8,1,19,955,1481
member,electric_bike,2024,4,1,3,589,74
member,classic_bike,2024,10,5,17,805,3884
member,classic_bike,2024,11,2,17,669,1792
casual,classic_bike,2024,6,5,22,1444,513
casual,classic_bike,2024,1,5,16,1205,157
casual,classic_bike,2024,8,1,19,1702,1322
casual,electric_bike,2024,9,2,22,758,510
casual,classic_bike,2024,10,3,22,1165,236
member,classic_bike,2024,2,2,16,717,1711
member,classic_bike,2024,5,5,8,733,2393
casual,electric_bike,2024,7,4,17,937,2478
casual,classic_bike,2024,3,7,20,1681,213
casual,classic_bike,2024,3,2,8,907,191
member,classic_bike,2024,7,1,4,794,43
member,electric_bike,2024,11,2,14,575,988
casual,electric_bike,2024,11,2,17,560,584
member,classic_bike,2024,4,4,17,832,2006
member,electric_scooter,2024,9,6,14,513,420
casual,electric_bike,2024,4,6,15,800,677
member,classic_bike,2024,7,3,12,825,1365
member,electric_bike,2024,2,2,18,657,711
member,electric_bike,2024,8,7,10,822,2104
member,electric_bike,2024,9,4,10,707,1004
member,classic_bike,2024,12,1,10,662,467
member,classic_bike,2024,1,6,15,999,516
casual,electric_bike,2024,5,7,3,804,128
casual,classic_bike,2024,2,7,5,485,7
casual,classic_bike,2024,4,1,5,867,17
member,electric_bike,2024,6,4,11,744,1208
member,classic_bike,2024,6,5,0,1586,102
member,electric_bike,2024,9,7,2,588,250
casual,classic_bike,2024,9,3,7,1042,437
member,electric_bike,2024,11,6,13,563,1380
casual,classic_bike,2024,2,2,16,1372,404
casual,classic_bike,2024,5,5,8,1152,485
member,classic_bike,2024,5,1,9,887,953
casual,classic_bike,2024,7,4,19,2214,2088
member,electric_bike,2024,10,2,22,567,462
member,classic_bike,2024,2,3,6,817,757
member,classic_bike,2024,6,2,8,718,2083
casual,electric_bike,2024,8,2,7,636,458
casual,electric_bike,2024,10,1,18,824,901
member,electric_bike,2024,1,6,13,625,354
casual,classic_bike,2024,2,5,8,679,271
member,electric_bike,2024,7,2,23,736,372
casual,classic_bike,2024,7,7,11,2169,2684
member,electric_bike,2024,10,5,14,650,1767
casual,classic_bike,2024,12,1,9,1160,81
casual,classic_bike,2024,12,6,21,1884,53
casual,classic_bike,2024,7,3,12,2175,1045
casual,classic_bike,2024,12,5,14,1061,105
member,electric_bike,2024,1,3,21,574,199
casual,electric_bike,2024,2,7,3,409,11
casual,electric_bike,2024,3,4,3,463,8
casual,electric_bike,2024,4,1,3,719,76
casual,electric_bike,2024,8,6,6,602,450
casual,electric_bike,2024,9,3,6,595,379
member,classic_bike,2024,10,6,4,1327,48
member,electric_bike,2024,11,5,6,662,603
member,classic_bike,2024,11,3,4,509,23
member,electric_bike,2024,12,2,6,506,594
member,electric_bike,2024,5,4,19,703,2095
member,electric_bike,2024,6,1,19,834,1693
member,electric_bike,2024,10,6,21,707,842
member,electric_bike,2024,11,3,21,565,572
casual,electric_bike,2024,12,7,4,382,25
casual,electric_bike,2024,2,4,11,747,136
casual,electric_bike,2024,3,1,11,880,433
member,classic_bike,2024,5,4,1,1307,48
member,classic_bike,2024,6,1,1,848,221
casual,electric_bike,2024,8,3,14,904,853
member,electric_scooter,2024,9,2,15,494,588
casual,electric_bike,2024,1,2,17,528,178
casual,classic_bike,2024,1,4,12,1682,107
member,electric_bike,2024,3,7,19,664,747
member,electric_scooter,2024,9,1,11,521,493
member,electric_bike,2024,10,3,20,615,1278
member,classic_bike,2024,10,4,10,769,1139
casual,electric_bike,2024,2,1,19,752,100
member,electric_bike,2024,6,3,13,638,1220
casual,classic_bike,2024,6,4,18,1585,2053
casual,classic_bike,2024,6,2,7,1094,379
member,electric_bike,2024,6,1,2,682,304
casual,classic_bike,2024,3,1,4,1853,23
member,electric_scooter,2024,9,3,22,497,208
casual,electric_bike,2024,1,7,3,419,11
member,classic_bike,2024,3,1,10,767,927
casual,electric_bike,2024,7,3,13,1130,986
casual,electric_bike,2024,2,5,18,583,219
casual,classic_bike,2024,2,6,15,1194,343
casual,classic_bike,2024,3,3,15,1414,310
member,classic_bike,2024,4,1,2,482,50
casual,classic_bike,2024,9,2,0,1384,259
casual,classic_bike,2024,1,6,23,661,38
casual,electric_bike,2024,2,3,7,521,136
member,electric_bike,2024,3,5,8,576,1165
casual,electric_bike,2024,3,5,10,660,136
member,electric_bike,2024,4,2,7,582,1383
casual,electric_bike,2024,4,2,10,935,405
casual,electric_scooter,2024,9,1,11,795,848
member,electric_bike,2024,10,1,9,736,1055
member,classic_bike,2024,10,6,21,899,653
casual,electric_bike,2024,6,4,3,660,63
casual,electric_bike,2024,7,1,2,829,293
casual,classic_bike,2024,12,3,20,885,82
member,classic_bike,2024,1,2,16,964,1077
member,classic_bike,2024,4,5,7,681,1107
casual,electric_bike,2024,7,1,19,1063,964
member,classic_bike,2024,11,1,10,746,1063
casual,electric_bike,2024,1,2,0,612,79
member,electric_bike,2024,2,1,11,881,421
member,electric_bike,2024,5,6,13,717,1637
member,electric_bike,2024,5,4,2,713,48
casual,classic_bike,2024,9,6,22,1673,521
member,electric_bike,2024,11,7,17,695,1118
member,classic_bike,2024,1,5,8,698,1109
member,classic_bike,2024,4,7,18,956,1220
casual,electric_scooter,2024,9,6,14,745,762
member,classic_bike,2024,1,4,4,498,29
casual,electric_bike,2024,3,3,22,899,150
casual,electric_bike,2024,10,5,17,738,1819
casual,electric_scooter,2024,9,3,22,717,351
casual,electric_bike,2024,1,6,22,547,69
member,classic_bike,2024,3,6,13,675,834
member,classic_bike,2024,4,3,13,753,1145
casual,electric_bike,2024,4,3,14,1048,584
casual,classic_bike,2024,1,2,1,2227,68
casual,electric_bike,2024,4,7,19,998,820
member,classic_bike,2024,6,7,17,936,1574
member,electric_bike,2024,8,2,1,809,127
member,classic_bike,2024,2,6,21,604,264
member,electric_bike,2024,2,7,4,517,23
member,electric_bike,2024,3,4,4,500,41
casual,classic_bike,2024,3,4,19,889,173
member,classic_bike,2024,3,3,21,675,511
member,classic_bike,2024,12,5,6,686,237
member,classic_bike,2024,7,7,11,943,1993
casual,electric_bike,2024,11,7,3,564,96
casual,electric_bike,2024,4,4,4,494,21
casual,classic_bike,2024,10,1,11,2279,1803
member,electric_bike,2024,12,4,17,622,1234
casual,classic_bike,2024,1,7,4,866,6
member,classic_bike,2024,7,5,0,856,165
casual,electric_bike,2024,2,6,22,594,65
member,classic_bike,2024,9,5,16,801,2768
member,classic_bike,2024,12,7,17,644,400
casual,classic_bike,2024,8,6,5,1248,107
member,classic_bike,2024,2,7,2,694,35
member,classic_bike,2024,3,4,2,619,13
member,classic_bike,2024,5,3,20,833,1093
casual,electric_bike,2024,7,6,5,634,152
casual,electric_bike,2024,9,5,23,682,522
member,electric_bike,2024,12,5,7,470,751
casual,classic_bike,2024,7,5,23,1657,425
casual,electric_bike,2024,9,5,0,697,240
member,electric_bike,2024,10,7,2,536,272
member,classic_bike,2024,10,1,18,773,1186
member,classic_bike,2024,11,3,21,676,480
casual,classic_bike,2024,11,5,8,833,253
member,electric_bike,2024,11,4,2,470,32
member,electric_bike,2024,6,6,5,598,306
casual,classic_bike,2024,6,7,10,2163,1919
casual,classic_bike,2024,7,5,0,2087,218
member,classic_bike,2024,9,3,5,642,298
casual,classic_bike,2024,12,4,10,1446,62
casual,classic_bike,2024,2,1,12,1708,423
member,electric_bike,2024,4,4,18,597,1783
casual,electric_bike,2024,8,4,18,887,1711
member,electric_bike,2024,9,6,21,666,1050
casual,electric_bike,2024,12,4,3,277,14
member,electric_bike,2024,1,1,4,509,14
member,electric_bike,2024,2,3,22,527,175
casual,electric_bike,2024,3,7,4,496,26
casual,classic_bike,2024,5,7,19,1706,1163
casual,classic_bike,2024,9,4,11,2038,662
casual,classic_bike,2024,12,7,2,767,29
member,electric_bike,2024,1,5,9,558,565
casual,classic_bike,2024,2,4,4,1393,4
member,electric_bike,2024,4,7,10,685,1182
member,classic_bike,2024,8,2,0,1066,102
casual,electric_bike,2024,10,7,11,1218,1410
casual,electric_bike,2024,12,1,11,669,286
member,classic_bike,2024,2,4,10,800,570
casual,electric_bike,2024,6,6,14,1052,1242
member,classic_bike,2024,1,7,19,1393,176
casual,classic_bike,2024,4,6,14,2124,370
casual,classic_bike,2024,5,3,14,1565,473
casual,electric_bike,2024,5,2,17,971,1086
member,electric_bike,2024,7,1,19,806,1168
member,classic_bike,2024,7,2,8,716,2359
casual,electric_bike,2024,1,4,11,779,102
member,electric_bike,2024,8,5,16,769,3721
member,electric_bike,2024,9,2,16,711,3321
casual,classic_bike,2024,4,3,22,1389,131
casual,electric_bike,2024,5,5,9,835,542
casual,electric_bike,2024,6,2,9,808,467
member,electric_bike,2024,2,6,14,640,515
member,electric_bike,2024,3,3,14,601,793
casual,classic_bike,2024,3,5,9,1094,108
casual,classic_bike,2024,9,1,19,1809,1061
casual,electric_bike,2024,10,3,6,490,388
casual,classic_bike,2024,2,7,11,1423,231
member,classic_bike,2024,3,2,2,369,12
casual,electric_scooter,2024,9,4,12,635,548
casual,classic_bike,2024,9,3,13,1902,597
casual,classic_bike,2024,10,1,0,1593,383
member,classic_bike,2024,11,5,23,1310,151
member,classic_bike,2024,12,3,9,674,602
member,electric_bike,2024,12,2,20,531,496
casual,classic_bike,2024,8,5,4,3352,31
member,electric_bike,2024,10,5,5,514,344
casual,classic_bike,2024,10,1,23,1597,97
casual,electric_bike,2024,1,6,11,598,95
member,electric_bike,2024,2,2,9,689,360
casual,classic_bike,2024,3,6,16,1704,401
member,electric_bike,2024,11,3,15,625,1317
casual,electric_bike,2024,4,1,12,1324,1010
member,classic_bike,2024,5,4,7,738,2366
member,electric_bike,2024,1,2,17,616,947
casual,classic_bike,2024,4,5,21,1362,121
casual,classic_bike,2024,4,6,8,1672,202
casual,classic_bike,2024,5,3,8,1193,372
member,classic_bike,2024,9,7,13,873,1746
casual,electric_bike,2024,2,4,20,624,117
casual,electric_bike,2024,3,1,20,822,170
member,electric_bike,2024,5,3,18,693,1959
casual,classic_bike,2024,6,3,22,1466,506
casual,electric_bike,2024,2,3,10,643,119
casual,classic_bike,2024,3,7,3,1025,17
member,classic_bike,2024,8,7,21,941,1029
casual,electric_bike,2024,8,2,13,1010,903
casual,classic_bike,2024,9,1,8,2939,651
member,classic_bike,2024,10,6,18,786,2104
member,classic_bike,2024,11,3,18,629,1280
member,electric_bike,2024,5,4,5,581,373
member,electric_bike,2024,6,1,5,723,184
member,classic_bike,2024,2,5,2,935,20
casual,classic_bike,2024,3,4,11,1891,188
casual,classic_bike,2024,8,6,14,1932,1692
casual,classic_bike,2024,9,4,0,858,86
member,electric_bike,2024,11,5,20,612,528
member,classic_bike,2024,12,2,22,640,158
casual,electric_bike,2024,1,5,1,413,20
casual,classic_bike,2024,2,6,1,2626,31
member,classic_bike,2024,3,3,12,646,705
member,electric_bike,2024,7,6,17,811,2819
member,classic_bike,2024,7,1,13,921,1866
member,classic_bike,2024,10,5,8,669,2670
member,electric_bike,2024,2,1,22,677,187
member,electric_bike,2024,6,2,15,685,1616
casual,electric_scooter,2024,9,2,7,462,443
member,classic_bike,2024,1,6,21,599,174
casual,electric_bike,2024,2,5,7,598,170
member,classic_bike,2024,5,2,2,691,42
casual,electric_bike,2024,6,6,2,812,166
casual,classic_bike,2024,6,4,9,1912,510
casual,classic_bike,2024,10,2,10,1956,534
member,electric_bike,2024,1,3,4,576,28
member,classic_bike,2024,6,4,22,969,728
casual,electric_bike,2024,7,7,3,772,163
casual,electric_bike,2024,5,3,9,739,302
member,electric_bike,2024,9,6,1,625,172
member,classic_bike,2024,2,2,10,736,526
casual,electric_bike,2024,6,1,19,1135,1460
casual,electric_bike,2024,6,7,12,1171,2082
casual,electric_bike,2024,7,4,11,998,757
casual,electric_bike,2024,11,5,4,406,30
casual,electric_bike,2024,12,2,4,406,19
casual,classic_bike,2024,1,6,9,932,47
casual,classic_bike,2024,7,5,12,2207,1163
member,electric_bike,2024,8,6,9,692,1570
casual,classic_bike,2024,8,2,12,2072,863
member,electric_bike,2024,9,3,9,610,1226
member,electric_bike,2024,10,4,18,668,3259
member,electric_bike,2024,11,1,18,612,900
member,electric_bike,2024,11,6,7,598,1199
member,classic_bike,2024,2,6,12,737,932
member,electric_bike,2024,3,3,11,796,586
member,electric_bike,2024,4,2,15,687,1695
member,electric_bike,2024,4,5,16,640,2126
casual,electric_bike,2024,4,7,5,842,31
member,classic_bike,2024,5,1,15,1010,1611
member,electric_scooter,2024,9,1,22,632,213
member,electric_bike,2024,7,5,7,659,1566
casual,classic_bike,2024,5,7,10,2434,1637
casual,electric_bike,2024,10,4,2,679,80
casual,electric_bike,2024,2,1,5,795,10
casual,classic_bike,2024,12,5,2,522,5
member,classic_bike,2024,1,7,8,749,190
casual,classic_bike,2024,5,6,23,2029,547
member,classic_bike,2024,7,3,18,840,3416
casual,electric_bike,2024,10,3,15,784,930
member,electric_bike,2024,6,7,21,741,1153
casual,electric_bike,2024,8,3,0,882,235
member,classic_bike,2024,9,4,21,772,922
casual,electric_bike,2024,3,7,13,1014,827
member,classic_bike,2024,3,6,4,730,34
member,classic_bike,2024,4,3,4,796,51
casual,classic_bike,2024,10,7,16,2032,1844
casual,classic_bike,2024,11,4,16,1444,352
casual,electric_bike,2024,4,5,14,746,359
member,classic_bike,2024,11,6,10,610,831
member,electric_bike,2024,12,3,7,530,1122
casual,classic_bike,2024,1,5,22,1504,44
member,electric_bike,2024,2,6,11,810,373
member,classic_bike,2024,4,5,18,833,1384
member,electric_bike,2024,4,7,21,693,695
member,electric_bike,2024,5,1,13,807,1215
casual,classic_bike,2024,11,7,8,1367,242
member,electric_bike,2024,3,5,2,504,38
casual,electric_bike,2024,6,2,6,553,322
casual,electric_bike,2024,8,7,19,1028,1878
member,electric_bike,2024,10,6,15,740,2380
member,electric_bike,2024,10,1,3,613,169
member,classic_bike,2024,1,4,16,913,1432
casual,classic_bike,2024,1,1,3,977,10
member,electric_bike,2024,4,3,2,469,52
member,classic_bike,2024,6,6,19,863,1654
member,classic_bike,2024,6,1,7,1032,496
member,electric_scooter,2024,9,2,9,431,422
casual,electric_bike,2024,12,5,19,556,132
casual,electric_bike,2024,7,6,16,1141,2083
member,classic_bike,2024,9,2,7,686,1975
casual,electric_bike,2024,1,1,22,413,47
casual,classic_bike,2024,4,2,6,626,76
member,classic_bike,2024,2,1,23,537,114
casual,electric_bike,2024,3,5,22,604,159
casual,electric_bike,2024,4,2,22,694,244
member,classic_bike,2024,7,5,9,797,1161
casual,electric_scooter,2024,9,1,20,1021,609
casual,classic_bike,2024,11,5,17,789,310
member,electric_bike,2024,1,6,19,585,305
member,classic_bike,2024,4,4,8,719,1411
member,electric_bike,2024,4,4,12,540,825
casual,electric_bike,2024,4,6,1,733,62
member,electric_bike,2024,7,2,15,714,1973
member,classic_bike,2024,7,3,4,591,51
casual,classic_bike,2024,8,1,8,2201,519
casual,classic_bike,2024,10,5,19,1039,615
member,classic_bike,2024,11,1,4,597,27
casual,classic_bike,2024,2,2,22,1842,71
member,electric_bike,2024,2,6,5,575,78
member,electric_bike,2024,5,6,19,789,2033
member,electric_bike,2024,11,7,11,755,1256
member,classic_bike,2024,1,6,7,636,437
member,classic_bike,2024,2,7,16,728,795
member,classic_bike,2024,4,6,19,793,974
member,electric_bike,2024,4,2,1,600,70
casual,classic_bike,2024,12,2,10,984,95
casual,classic_bike,2024,4,1,2,2860,60
casual,classic_bike,2024,6,6,0,2376,261
member,classic_bike,2024,7,7,20,974,1194
member,classic_bike,2024,8,4,20,851,1581
member,classic_bike,2024,6,7,0,862,456
casual,electric_bike,2024,7,2,14,1149,1145
member,electric_bike,2024,1,5,18,573,704
casual,classic_bike,2024,1,7,10,1152,68
casual,electric_bike,2024,1,1,5,602,5
casual,classic_bike,2024,2,4,10,1414,124
casual,electric_bike,2024,5,5,0,888,223
casual,electric_bike,2024,6,2,0,931,279
member,electric_bike,2024,7,4,20,769,1994
member,electric_bike,2024,8,1,20,773,1071
casual,electric_bike,2024,4,4,13,802,350
member,classic_bike,2024,5,7,8,933,954
casual,electric_bike,2024,5,5,23,807,351
casual,electric_bike,2024,6,2,23,778,271
casual,classic_bike,2024,1,4,18,816,145
casual,classic_bike,2024,7,4,8,1029,685
member,electric_bike,2024,10,3,14,664,1382
member,classic_bike,2024,10,4,4,751,53
casual,classic_bike,2024,6,7,1,1744,471
member,electric_bike,2024,6,3,19,696,2006
casual,classic_bike,2024,10,5,2,1019,27
member,electric_bike,2024,12,4,11,689,463
casual,classic_bike,2024,1,2,7,475,49
member,classic_bike,2024,6,7,23,883,508
member,electric_bike,2024,8,2,7,640,1463
casual,electric_bike,2024,9,5,6,541,434
casual,electric_bike,2024,10,2,11,1027,552
member,classic_bike,2024,10,1,12,930,1604
casual,classic_bike,2024,11,6,4,744,27
casual,electric_bike,2024,12,6,23,549,109
casual,classic_bike,2024,12,1,23,1412,28
member,electric_bike,2024,1,1,13,551,346
member,electric_bike,2024,6,6,11,711,1109
member,electric_bike,2024,10,7,19,682,1211
casual,electric_bike,2024,11,1,2,591,146
member,classic_bike,2024,12,5,0,558,28
member,electric_bike,2024,5,2,14,708,1099
casual,classic_bike,2024,6,5,13,2084,923
casual,electric_bike,2024,8,5,14,1024,1173
casual,electric_bike,2024,9,2,14,1148,1313
member,electric_bike,2024,1,7,6,656,74
casual,classic_bike,2024,4,4,17,1711,493
casual,classic_bike,2024,5,1,17,2090,1717
member,electric_bike,2024,7,3,16,730,3568
member,classic_bike,2024,11,5,9,633,724
casual,classic_bike,2024,12,3,11,1322,113
member,electric_bike,2024,5,5,9,608,1496
casual,classic_bike,2024,5,5,22,1417,423
member,electric_bike,2024,12,5,21,538,251
casual,classic_bike,2024,2,3,9,1753,167
casual,classic_bike,2024,6,1,8,2101,632
casual,electric_bike,2024,8,4,4,547,58
casual,electric_bike,2024,9,1,4,813,178
member,classic_bike,2024,9,5,22,819,593
casual,classic_bike,2024,2,1,18,1679,180
member,electric_scooter,2024,9,6,11,490,340
casual,classic_bike,2024,3,3,1,968,4
member,classic_bike,2024,7,6,19,951,1849
member,classic_bike,2024,10,5,14,692,1439
member,classic_bike,2024,11,7,20,1075,449
casual,classic_bike,2024,11,2,2,5098,16
member,classic_bike,2024,4,1,16,1032,1246
casual,classic_bike,2024,6,2,18,1924,1552
casual,classic_bike,2024,8,4,0,2271,122
member,electric_bike,2024,1,2,3,668,24
casual,electric_scooter,2024,9,3,8,502,656
casual,electric_bike,2024,9,3,15,861,861
casual,classic_bike,2024,9,5,10,1904,511
member,classic_bike,2024,9,3,11,642,1021
member,electric_bike,2024,11,4,19,568,674
member,classic_bike,2024,12,2,5,668,129
member,electric_bike,2024,1,2,23,920,81
member,electric_bike,2024,5,7,20,759,869
member,classic_bike,2024,5,3,3,602,14
member,electric_bike,2024,6,4,20,792,1597
member,classic_bike,2024,9,1,20,779,812
member,electric_bike,2024,10,4,4,589,73
casual,electric_bike,2024,6,5,15,1042,1220
casual,electric_bike,2024,8,3,23,837,309
casual,electric_bike,2024,10,6,16,909,1512
member,classic_bike,2024,10,3,3,941,24
casual,classic_bike,2024,3,1,10,1842,495
member,electric_bike,2024,4,7,4,554,65
casual,classic_bike,2024,5,6,0,1591,166
member,electric_bike,2024,8,7,13,892,2408
member,classic_bike,2024,6,3,18,882,2922
member,classic_bike,2024,6,4,8,747,2123
member,classic_bike,2024,7,4,5,770,398
member,classic_bike,2024,8,1,5,811,63
casual,electric_bike,2024,11,6,8,580,421
casual,electric_bike,2024,12,3,8,473,260
member,electric_bike,2024,3,7,13,745,1342
member,classic_bike,2024,3,7,8,882,585
member,electric_scooter,2024,9,1,5,450,30
member,electric_bike,2024,7,1,5,711,150
member,classic_bike,2024,8,3,19,890,1781
casual,electric_scooter,2024,9,5,22,738,501
member,electric_bike,2024,11,2,5,490,196
member,classic_bike,2024,12,4,19,542,355
member,electric_bike,2024,12,6,22,527,221
casual,electric_bike,2024,12,6,0,654,42
member,classic_bike,2024,3,4,16,764,1629
member,classic_bike,2024,9,5,2,804,36
casual,classic_bike,2024,3,5,15,1311,273
member,classic_bike,2024,8,6,11,811,1626
casual,electric_bike,2024,8,6,15,1083,2221
member,classic_bike,2024,6,5,9,768,1254
member,classic_bike,2024,7,2,14,746,1381
casual,electric_bike,2024,9,7,20,923,810
member,electric_bike,2024,8,5,22,704,1191
member,electric_bike,2024,9,2,22,645,764
casual,classic_bike,2024,12,1,0,835,67
member,classic_bike,2024,5,5,17,893,3432
member,classic_bike,2024,6,2,17,846,3570
casual,electric_scooter,2024,9,7,13,788,917
casual,electric_bike,2024,10,7,17,979,1431
casual,electric_bike,2024,11,4,17,609,579
casual,electric_bike,2024,12,1,17,700,230
member,electric_bike,2024,10,2,13,582,1216
member,classic_bike,2024,12,7,11,729,477
casual,electric_bike,2024,5,7,14,1346,1664
member,classic_bike,2024,5,2,19,833,1419
casual,classic_bike,2024,6,5,10,2275,621
member,classic_bike,2024,7,7,23,1106,496
member,classic_bike,2024,8,5,10,767,1142
member,electric_bike,2024,8,4,21,712,1302
casual,electric_bike,2024,9,2,11,1125,918
casual,electric_bike,2024,11,7,15,908,750
member,electric_bike,2024,5,1,7,919,321
member,electric_bike,2024,7,6,11,716,1306
casual,classic_bike,2024,1,2,4,1044,3
casual,electric_bike,2024,7,4,5,595,141
member,classic_bike,2024,9,4,15,744,1714
casual,classic_bike,2024,10,3,11,1958,471
casual,electric_bike,2024,2,1,22,596,102
member,electric_bike,2024,5,6,16,758,3088
casual,electric_bike,2024,8,7,5,756,166
casual,electric_bike,2024,1,4,0,714,30
casual,electric_bike,2024,5,2,5,580,65
member,electric_bike,2024,7,2,12,639,1409
member,electric_bike,2024,10,3,17,724,4116
member,electric_bike,2024,11,1,4,655,71
member,classic_bike,2024,5,7,5,1136,90
casual,electric_bike,2024,6,2,20,925,983
member,classic_bike,2024,6,4,5,732,327
casual,electric_bike,2024,11,3,16,623,590
casual,electric_bike,2024,12,2,21,636,134
casual,classic_bike,2024,4,3,10,1886,334
casual,classic_bike,2024,8,3,16,1480,1089
member,electric_bike,2024,9,4,13,618,1468
member,classic_bike,2024,12,6,7,685,382
member,classic_bike,2024,12,5,20,647,188
member,classic_bike,2024,1,2,5,807,157
member,classic_bike,2024,5,6,18,881,2930
member,classic_bike,2024,7,7,0,785,309
casual,classic_bike,2024,10,4,21,1073,398
casual,electric_bike,2024,6,4,14,952,1087
member,electric_bike,2024,7,7,21,801,1181
member,classic_bike,2024,8,4,23,839,355
casual,electric_bike,2024,8,5,11,950,768
member,electric_bike,2024,9,1,21,725,883
casual,classic_bike,2024,9,3,19,1365,826
member,electric_bike,2024,1,1,16,597,266
member,electric_bike,2024,4,2,21,573,669
member,electric_bike,2024,4,5,10,577,641
member,electric_bike,2024,8,3,11,613,1015
casual,electric_bike,2024,10,7,0,676,576
member,electric_bike,2024,1,6,2,513,17
casual,classic_bike,2024,5,5,19,1469,944
casual,electric_bike,2024,6,7,6,859,255
member,classic_bike,2024,6,7,20,999,1114
casual,classic_bike,2024,7,7,0,2139,537
casual,classic_bike,2024,7,1,7,2275,205
member,classic_bike,2024,8,7,15,965,2310
casual,electric_bike,2024,8,2,19,864,1154
member,electric_bike,2024,8,2,4,651,91
casual,classic_bike,2024,9,6,11,1912,846
member,electric_bike,2024,12,5,18,597,766
member,electric_bike,2024,6,3,16,735,2973
casual,electric_bike,2024,10,1,7,1081,483
member,classic_bike,2024,7,3,1,656,60
casual,electric_bike,2024,10,5,6,478,376
member,classic_bike,2024,10,4,7,710,2380
member,classic_bike,2024,11,1,7,837,250
casual,electric_bike,2024,11,2,6,498,175
casual,classic_bike,2024,9,2,12,2133,1504
casual,electric_bike,2024,4,7,22,912,492
casual,electric_bike,2024,10,2,14,1097,791
member,electric_bike,2024,1,7,9,686,233
member,electric_bike,2024,3,5,19,585,906
casual,classic_bike,2024,4,7,9,2058,546
casual,classic_bike,2024,5,4,9,1833,440
member,electric_bike,2024,7,3,19,698,1919
member,electric_bike,2024,10,1,23,718,260
member,classic_bike,2024,3,1,21,651,271
member,electric_bike,2024,5,7,23,733,625
member,electric_bike,2024,6,5,10,709,950
casual,classic_bike,2024,8,6,8,1329,610
member,classic_bike,2024,9,1,23,872,267
casual,electric_bike,2024,11,1,22,688,193
casual,electric_bike,2024,1,2,6,471,53
casual,classic_bike,2024,1,4,1,820,12
member,classic_bike,2024,7,4,8,732,2873
member,electric_bike,2024,8,1,6,722,273
member,classic_bike,2024,9,3,8,751,2483
member,classic_bike,2024,10,2,13,654,1129
casual,electric_bike,2024,11,4,0,517,92
member,electric_scooter,2024,9,3,10,449,259
member,electric_scooter,2024,9,4,0,647,1
casual,electric_bike,2024,3,7,7,895,94
member,classic_bike,2024,3,6,10,857,514
member,classic_bike,2024,7,6,16,827,2436
casual,classic_bike,2024,8,4,23,1984,335
casual,classic_bike,2024,10,5,5,713,63
member,electric_bike,2024,8,5,5,532,402
casual,electric_bike,2024,2,7,15,752,126
member,classic_bike,2024,4,6,2,361,13
casual,electric_bike,2024,5,5,20,804,865
casual,electric_bike,2024,8,6,18,971,2209
casual,electric_scooter,2024,9,3,11,622,357
casual,electric_bike,2024,9,3,18,813,1230
casual,electric_bike,2024,11,5,21,549,195
casual,classic_bike,2024,12,3,17,823,168
member,electric_bike,2024,4,7,7,658,335
casual,classic_bike,2024,7,6,16,1726,2098
casual,electric_bike,2024,9,5,3,584,48
member,electric_bike,2024,10,6,9,602,1221
member,electric_bike,2024,11,3,9,583,1049
member,classic_bike,2024,5,4,13,773,1610
member,classic_bike,2024,6,1,13,1058,2516
member,classic_bike,2024,8,4,0,1008,108
member,classic_bike,2024,9,1,0,855,508
member,classic_bike,2024,10,3,0,723,86
member,classic_bike,2024,2,4,21,615,433
member,classic_bike,2024,6,5,12,772,1337
member,electric_bike,2024,6,4,23,837,475
casual,electric_bike,2024,10,4,22,635,446
casual,classic_bike,2024,11,2,19,788,190
member,electric_bike,2024,7,4,6,577,1176
member,electric_bike,2024,10,2,10,683,864
member,electric_bike,2024,1,5,12,548,438
member,electric_bike,2024,6,7,15,817,2090
casual,classic_bike,2024,2,5,20,1187,146
member,classic_bike,2024,3,5,20,797,550
casual,electric_bike,2024,4,4,7,522,338
casual,classic_bike,2024,7,7,23,1802,758
member,classic_bike,2024,8,3,16,778,2504
casual,electric_bike,2024,9,6,10,1074,615
member,electric_bike,2024,2,5,4,778,44
member,electric_bike,2024,3,2,4,566,51
casual,classic_bike,2024,3,5,12,1708,212
member,electric_bike,2024,4,6,0,484,176
casual,classic_bike,2024,8,7,15,1931,3400
member,classic_bike,2024,12,7,14,688,613
member,classic_bike,2024,1,6,1,590,23
member,classic_bike,2024,2,7,13,726,801
member,classic_bike,2024,3,4,13,690,732
member,classic_bike,2024,4,1,13,994,1405
casual,electric_bike,2024,11,4,14,642,426
casual,electric_bike,2024,12,1,14,850,334
casual,classic_bike,2024,4,5,4,759,7
casual,classic_bike,2024,5,2,4,1088,17
casual,electric_bike,2024,1,3,10,515,60
casual,classic_bike,2024,1,5,5,792,11
member,classic_bike,2024,3,7,14,919,1479
casual,classic_bike,2024,4,6,11,1674,379
casual,electric_bike,2024,7,7,6,957,223
member,classic_bike,2024,10,3,17,820,4194
casual,electric_bike,2024,1,5,21,535,71
casual,classic_bike,2024,1,7,16,1094,89
casual,electric_bike,2024,3,6,3,409,15
casual,electric_bike,2024,5,5,6,568,265
member,electric_bike,2024,3,6,3,541,45
casual,classic_bike,2024,3,2,20,1450,186
member,classic_bike,2024,4,2,20,779,921
casual,classic_bike,2024,6,1,14,2083,3159
member,electric_bike,2024,1,7,23,560,77
casual,classic_bike,2024,2,7,8,1035,88
casual,classic_bike,2024,3,4,8,1001,192
member,electric_bike,2024,5,2,20,648,791
member,electric_bike,2024,9,2,5,554,355
member,electric_bike,2024,2,4,0,623,50
casual,electric_bike,2024,3,4,15,737,398
casual,electric_bike,2024,4,1,15,1271,1196
casual,electric_bike,2024,6,5,21,820,862
casual,electric_bike,2024,7,2,20,852,1139
member,classic_bike,2024,11,5,3,218,13
casual,electric_bike,2024,2,4,0,468,17
member,electric_bike,2024,3,4,15,621,1055
member,electric_bike,2024,4,6,17,655,1735
member,electric_bike,2024,4,1,14,788,1241
casual,classic_bike,2024,4,4,0,3371,38
casual,classic_bike,2024,5,1,0,2065,441
casual,classic_bike,2024,5,6,3,1160,22
casual,classic_bike,2024,6,3,2,1826,27
member,classic_bike,2024,1,1,15,699,460
casual,classic_bike,2024,2,2,5,2891,42
member,electric_bike,2024,4,4,6,516,750
member,classic_bike,2024,2,3,17,801,2624
member,classic_bike,2024,2,1,6,718,87
casual,electric_bike,2024,6,3,10,971,451
casual,electric_scooter,2024,9,2,21,877,507
casual,electric_bike,2024,12,1,0,638,141
member,classic_bike,2024,1,5,20,548,374
casual,classic_bike,2024,2,4,16,1010,349
casual,electric_bike,2024,4,3,3,774,30
member,electric_bike,2024,6,2,12,682,1043
member,classic_bike,2024,6,3,1,1546,41
casual,classic_bike,2024,12,7,13,1290,214
member,electric_bike,2024,1,4,8,561,1021
casual,classic_bike,2024,5,4,15,1895,1007
member,classic_bike,2024,10,5,11,627,1294
casual,classic_bike,2024,11,2,5,480,31
casual,classic_bike,2024,12,6,9,699,58
casual,electric_bike,2024,2,6,11,775,129
casual,electric_bike,2024,3,3,11,790,218
casual,classic_bike,2024,12,4,21,734,34
casual,classic_bike,2024,1,3,11,2679,64
member,electric_bike,2024,3,2,21,529,389
member,electric_scooter,2024,8,7,23,1161,19
member,electric_bike,2024,10,4,21,612,1190
member,classic_bike,2024,3,5,3,940,12
member,classic_bike,2024,4,2,3,390,9
member,classic_bike,2024,10,1,6,790,222
casual,electric_bike,2024,1,5,4,636,4
casual,electric_bike,2024,2,2,6,424,36
member,electric_scooter,2024,9,7,15,621,472
casual,classic_bike,2024,9,5,4,671,12
casual,classic_bike,2024,10,2,4,439,14
member,electric_bike,2024,11,4,13,550,966
member,electric_bike,2024,12,1,13,663,680
member,electric_bike,2024,3,7,7,534,316
casual,electric_bike,2024,3,2,21,611,166
member,electric_bike,2024,7,7,15,916,1911
casual,classic_bike,2024,3,6,2,1203,22
casual,electric_bike,2024,5,6,10,1164,658
casual,classic_bike,2024,6,4,6,1082,224
member,classic_bike,2024,7,1,7,853,357
member,classic_bike,2024,12,4,13,564,425
casual,classic_bike,2024,3,1,16,1920,757
member,classic_bike,2024,5,6,1,912,95
casual,electric_bike,2024,6,1,16,1171,2695
member,electric_bike,2024,7,5,4,616,52
casual,electric_bike,2024,1,7,15,642,126
casual,classic_bike,2024,4,7,15,2121,1475
casual,electric_bike,2024,7,3,1,804,171
member,electric_bike,2024,9,5,20,693,1276
casual,classic_bike,2024,10,4,15,1792,783
casual,classic_bike,2024,5,2,21,1232,336
casual,classic_bike,2024,1,1,0,3782,21
member,electric_bike,2024,3,1,0,565,316
casual,classic_bike,2024,3,7,23,1209,165
casual,classic_bike,2024,6,6,17,1596,1943
casual,electric_bike,2024,10,6,10,963,629
casual,electric_bike,2024,11,3,10,583,229
member,electric_bike,2024,2,7,15,692,366
casual,electric_bike,2024,3,1,0,653,234
member,classic_bike,2024,2,6,9,657,831
member,classic_bike,2024,3,3,9,624,844
casual,electric_bike,2024,4,6,18,736,653
casual,electric_bike,2024,4,7,8,864,364
casual,electric_bike,2024,7,5,12,1089,935
casual,electric_bike,2024,2,5,21,558,108
member,classic_bike,2024,4,4,14,654,674
member,electric_bike,2024,8,4,15,718,1939
member,classic_bike,2024,8,5,4,658,52
casual,electric_bike,2024,12,4,15,632,208
member,electric_bike,2024,2,3,10,848,360
member,classic_bike,2024,6,6,16,853,2306
casual,classic_bike,2024,9,4,23,1154,262
member,classic_bike,2024,11,7,14,803,1351
member,classic_bike,2024,4,7,6,992,148
member,classic_bike,2024,6,2,11,761,1010
member,classic_bike,2024,8,2,12,757,1199
casual,electric_scooter,2024,9,7,7,517,158
member,electric_bike,2024,10,1,6,828,325
casual,classic_bike,2024,7,3,1,2031,98
casual,classic_bike,2024,9,7,15,1758,1988
casual,classic_bike,2024,11,1,15,1456,985
member,electric_bike,2024,5,3,1,686,88
casual,electric_scooter,2024,9,4,15,770,756
casual,electric_bike,2024,9,7,14,1121,1708
member,classic_bike,2024,9,6,9,647,1190
casual,classic_bike,2024,12,1,6,545,21
casual,electric_bike,2024,8,7,22,1010,1469
casual,electric_bike,2024,9,4,22,811,603
casual,classic_bike,2024,11,5,20,605,104
casual,electric_bike,2024,12,7,7,450,53
casual,classic_bike,2024,7,4,22,1684,1022
casual,classic_bike,2024,8,1,22,1820,624
member,classic_bike,2024,10,7,22,826,423
member,classic_bike,2024,11,4,22,644,232
member,electric_bike,2024,11,5,3,566,41
member,classic_bike,2024,12,1,21,1188,169
member,electric_bike,2024,12,2,3,536,42
member,electric_bike,2024,9,1,15,845,2098
member,classic_bike,2024,9,2,4,654,60
casual,classic_bike,2024,12,4,18,687,86
casual,classic_bike,2024,4,1,22,2090,164
member,electric_bike,2024,6,6,14,731,1550
member,electric_bike,2024,7,4,0,737,216
casual,electric_bike,2024,1,1,2,582,20
member,classic_bike,2024,2,7,19,818,384
casual,electric_bike,2024,3,6,6,456,84
casual,electric_bike,2024,5,5,3,668,47
member,classic_bike,2024,7,5,12,829,1239
casual,electric_bike,2024,10,2,8,569,533
member,electric_bike,2024,1,7,3,651,22
member,electric_bike,2024,2,6,8,575,471
member,electric_bike,2024,11,7,14,707,1440
casual,classic_bike,2024,1,4,15,1438,140
casual,classic_bike,2024,1,5,2,390,3
casual,classic_bike,2024,2,2,2,1081,9
member,electric_bike,2024,3,6,23,546,346
member,electric_bike,2024,4,4,9,552,979
member,electric_bike,2024,4,3,22,576,608
casual,classic_bike,2024,7,3,18,1563,1905
casual,classic_bike,2024,8,1,5,2974,85
casual,electric_bike,2024,4,6,21,707,282
member,electric_bike,2024,2,7,18,709,284
member,electric_bike,2024,7,4,23,756,664
casual,classic_bike,2024,7,1,13,1875,2093
member,electric_bike,2024,8,2,10,784,820
member,electric_bike,2024,8,1,23,727,406
member,classic_bike,2024,6,7,3,1058,70
casual,electric_bike,2024,7,2,17,921,1949
casual,electric_bike,2024,10,3,18,721,1168
casual,classic_bike,2024,6,5,16,1430,1309
member,electric_bike,2024,6,5,4,801,65
member,electric_bike,2024,9,2,2,800,104
casual,classic_bike,2024,5,7,7,1895,250
casual,electric_bike,2024,7,3,4,551,66
casual,electric_bike,2024,8,4,7,606,656
casual,electric_bike,2024,11,1,5,521,48
casual,electric_bike,2024,4,3,6,587,228
casual,electric_bike,2024,5,4,16,944,1721
casual,electric_bike,2024,9,5,9,733,583
casual,classic_bike,2024,11,6,1,1362,42
member,electric_bike,2024,12,4,14,552,593
casual,classic_bike,2024,10,6,9,1841,497
member,classic_bike,2024,10,4,1,716,55
member,classic_bike,2024,11,1,1,864,135
casual,classic_bike,2024,11,3,9,1155,181
casual,classic_bike,2024,1,6,12,1271,90
member,electric_bike,2024,2,5,21,579,316
member,electric_scooter,2024,9,7,18,596,538
casual,classic_bike,2024,9,5,7,1038,461
casual,electric_scooter,2024,9,1,0,1798,3
member,electric_bike,2024,11,1,21,681,403
member,electric_bike,2024,12,7,6,754,141
member,classic_bike,2024,12,5,3,883,3
member,classic_bike,2024,10,1,9,821,1047
casual,classic_bike,2024,3,3,4,12309,7
casual,classic_bike,2024,4,4,14,2258,253
casual,classic_bike,2024,5,1,14,2216,1704
member,electric_bike,2024,9,7,8,765,968
member,electric_bike,2024,1,4,11,813,363
casual,electric_bike,2024,2,5,4,443,9
casual,electric_bike,2024,6,6,5,720,150
member,classic_bike,2024,8,6,14,891,1886
member,classic_bike,2024,8,1,2,705,141
member,electric_bike,2024,9,3,12,599,1098
casual,electric_bike,2024,9,1,7,1111,353
member,classic_bike,2024,9,5,19,770,1876
casual,electric_bike,2024,11,6,11,842,475
member,classic_bike,2024,4,1,19,871,862
member,electric_bike,2024,4,7,1,498,231
member,electric_bike,2024,5,5,12,627,1497
casual,electric_bike,2024,12,1,20,844,120
member,classic_bike,2024,2,1,3,674,30
member,electric_bike,2024,7,1,8,729,499
casual,electric_bike,2024,8,3,20,779,685
casual,classic_bike,2024,9,4,20,1238,662
member,classic_bike,2024,11,2,11,675,742
casual,classic_bike,2024,2,1,15,1491,518
member,electric_bike,2024,3,7,10,719,1031
casual,classic_bike,2024,7,4,5,909,100
member,electric_scooter,2024,9,5,21,559,377
member,electric_scooter,2024,9,6,8,464,460
member,classic_bike,2024,12,2,2,601,29
casual,classic_bike,2024,1,1,23,1374,16
casual,classic_bike,2024,1,2,10,1016,55
member,classic_bike,2024,1,5,0,496,45
member,classic_bike,2024,5,3,23,795,179
casual,electric_bike,2024,6,5,18,825,1727
member,classic_bike,2024,7,1,10,888,1305
casual,electric_scooter,2024,9,5,19,736,742
casual,electric_bike,2024,12,6,3,843,15
member,classic_bike,2024,1,3,9,726,519
member,electric_bike,2024,1,2,20,552,294
casual,classic_bike,2024,5,3,11,1776,463
member,classic_bike,2024,7,4,2,954,20
member,electric_bike,2024,8,1,0,684,621
member,electric_bike,2024,9,5,17,756,3840
member,classic_bike,2024,9,3,14,751,950
casual,classic_bike,2024,3,6,19,1619,210
member,classic_bike,2024,3,4,19,645,879
casual,electric_bike,2024,11,4,20,634,160
casual,electric_bike,2024,2,4,17,695,347
member,electric_bike,2024,6,7,1,642,460
casual,electric_bike,2024,7,7,23,893,757
member,classic_bike,2024,9,6,6,687,675
casual,classic_bike,2024,10,1,20,1160,315
member,classic_bike,2024,3,7,11,969,1268
member,classic_bike,2024,4,4,11,702,659
casual,electric_bike,2024,12,4,12,728,181
casual,electric_scooter,2024,9,3,5,460,96
member,electric_bike,2024,12,2,0,572,115
member,classic_bike,2024,12,7,8,696,269
member,electric_bike,2024,2,2,6,513,317
member,classic_bike,2024,5,5,14,738,1285
member,classic_bike,2024,6,2,14,826,1059
casual,classic_bike,2024,6,7,21,1504,934
casual,electric_bike,2024,5,1,1,760,368
member,electric_bike,2024,10,5,8,653,3168
member,electric_bike,2024,11,2,8,580,1724
member,classic_bike,2024,11,7,17,695,930
member,classic_bike,2024,12,4,16,644,742
casual,classic_bike,2024,12,1,3,695,34
casual,classic_bike,2024,5,3,5,1266,61
member,classic_bike,2024,9,7,16,866,1713
member,electric_bike,2024,5,4,8,678,2834
casual,classic_bike,2024,3,7,6,2881,16
member,electric_bike,2024,4,6,23,582,406
casual,classic_bike,2024,8,3,19,1622,863
member,electric_bike,2024,9,4,16,765,3562
member,classic_bike,2024,9,5,5,624,290
casual,electric_bike,2024,10,7,20,838,714
member,classic_bike,2024,11,3,15,684,1046
casual,electric_bike,2024,3,1,17,916,485
casual,electric_bike,2024,9,7,0,722,700
member,electric_bike,2024,11,2,2,603,43
member,electric_bike,2024,2,4,17,687,1233
casual,classic_bike,2024,2,6,21,1360,113
casual,electric_bike,2024,2,6,5,586,23
member,electric_bike,2024,3,1,17,727,900
casual,electric_bike,2024,3,3,5,529,35
casual,classic_bike,2024,9,3,16,1394,896
member,electric_bike,2024,12,3,10,632,504
casual,classic_bike,2024,3,5,18,1460,343
member,electric_scooter,2024,9,2,6,404,206
casual,electric_bike,2024,1,6,8,483,80
casual,classic_bike,2024,4,3,13,1911,479
casual,electric_bike,2024,8,3,3,725,51
member,electric_scooter,2024,9,3,16,506,778
casual,classic_bike,2024,9,1,5,1434,78
casual,classic_bike,2024,10,3,8,962,595
member,electric_bike,2024,6,4,0,578,163
casual,electric_bike,2024,1,3,16,580,169
member,electric_bike,2024,1,3,1,524,11
casual,electric_bike,2024,2,1,2,756,23
casual,classic_bike,2024,4,6,5,1580,20
casual,electric_bike,2024,7,7,0,949,784
casual,electric_bike,2024,3,2,4,401,16
member,electric_bike,2024,8,6,12,683,2163
member,classic_bike,2024,8,1,8,914,860
casual,electric_bike,2024,12,3,11,506,127
casual,electric_bike,2024,2,3,13,963,203
casual,classic_bike,2024,7,6,19,1717,1778
member,electric_bike,2024,8,7,16,845,2523
casual,electric_bike,2024,5,3,12,901,529
member,classic_bike,2024,2,5,5,573,232
member,classic_bike,2024,3,2,5,654,173
casual,electric_bike,2024,5,7,17,1161,1713
casual,electric_bike,2024,6,4,17,934,2227
casual,classic_bike,2024,7,5,9,2059,574
casual,classic_bike,2024,8,2,9,1619,433
member,electric_scooter,2024,9,4,17,560,1148
casual,classic_bike,2024,10,2,7,1087,265
member,classic_bike,2024,2,2,13,759,889
casual,electric_bike,2024,6,7,9,1082,1108
casual,electric_bike,2024,7,4,8,648,852
casual,classic_bike,2024,12,7,19,833,89
casual,classic_bike,2024,2,6,4,972,8
member,electric_bike,2024,4,2,18,665,2288
member,electric_bike,2024,4,5,13,527,905
member,electric_bike,2024,9,6,4,729,83
member,classic_bike,2024,1,2,22,640,115
casual,electric_bike,2024,7,1,13,1151,1673
member,electric_bike,2024,8,5,2,594,82
member,electric_bike,2024,2,3,16,771,1324
member,electric_bike,2024,3,5,22,570,380
casual,electric_bike,2024,3,7,10,974,537
casual,electric_bike,2024,6,3,4,652,33
casual,electric_bike,2024,10,4,5,448,143
casual,classic_bike,2024,4,2,3,1233,17
member,classic_bike,2024,5,1,12,973,1442
casual,classic_bike,2024,5,6,20,2259,924
casual,classic_bike,2024,12,3,14,1051,112
casual,classic_bike,2024,8,6,11,2255,1435
member,electric_bike,2024,11,6,10,583,860
member,classic_bike,2024,3,6,7,645,812
member,classic_bike,2024,4,3,7,741,1962
casual,classic_bike,2024,10,7,13,2008,2067
casual,classic_bike,2024,11,4,13,918,216
member,electric_bike,2024,7,5,10,772,856
member,electric_bike,2024,12,6,2,766,32
casual,electric_bike,2024,2,7,18,669,106
member,electric_bike,2024,2,1,2,528,47
member,electric_bike,2024,5,7,0,615,426
casual,classic_bike,2024,9,7,21,1427,765
member,electric_bike,2024,2,5,7,572,852
casual,electric_bike,2024,7,6,19,1002,1522
member,classic_bike,2024,9,2,10,816,1219
member,classic_bike,2024,10,3,23,714,216
casual,classic_bike,2024,12,5,5,1636,6
member,classic_bike,2024,1,4,13,1045,649
casual,electric_bike,2024,4,4,10,689,205
member,electric_bike,2024,6,1,8,773,839
casual,electric_bike,2024,6,2,3,662,75
casual,electric_scooter,2024,9,1,17,930,1026
member,classic_bike,2024,10,6,15,761,1700
casual,classic_bike,2024,12,2,13,1552,186
member,classic_bike,2024,1,1,21,610,119
member,electric_bike,2024,3,3,8,588,1617
casual,electric_bike,2024,4,7,2,638,115
casual,classic_bike,2024,6,3,19,1447,1163
casual,classic_bike,2024,11,7,5,718,15
casual,electric_bike,2024,4,5,11,724,234
casual,classic_bike,2024,10,5,22,1330,423
casual,classic_bike,2024,11,2,22,679,68
casual,electric_bike,2024,1,4,17,530,281
member,electric_bike,2024,7,7,1,699,420
casual,classic_bike,2024,7,7,20,1824,1478
casual,classic_bike,2024,8,4,20,1244,960
member,electric_bike,2024,8,4,1,826,102
member,electric_bike,2024,9,1,1,710,554
casual,electric_bike,2024,12,5,22,774,158
member,classic_bike,2024,1,6,4,736,29
casual,electric_bike,2024,3,5,19,665,312
casual,electric_bike,2024,4,2,19,826,721
member,classic_bike,2024,2,5,8,702,2077
member,electric_bike,2024,2,4,20,622,360
casual,electric_bike,2024,2,6,8,610,104
casual,classic_bike,2024,3,4,5,505,29
casual,electric_bike,2024,6,5,1,973,183
member,classic_bike,2024,1,1,18,582,266
member,classic_bike,2024,4,2,23,730,166
member,electric_scooter,2024,9,5,7,483,599
member,electric_bike,2024,10,7,16,777,1907
member,classic_bike,2024,4,7,9,922,1031
member,electric_bike,2024,4,6,20,579,768
member,electric_bike,2024,4,1,11,767,1070
casual,classic_bike,2024,5,6,6,1396,196
casual,classic_bike,2024,9,1,2,1357,314
member,classic_bike,2024,11,3,12,565,950
casual,classic_bike,2024,5,1,20,1580,623
casual,electric_bike,2024,1,3,13,491,88
member,classic_bike,2024,10,3,20,680,1210
casual,electric_bike,2024,5,3,15,823,664
member,electric_bike,2024,6,4,3,690,50
member,electric_bike,2024,1,5,15,559,778
casual,classic_bike,2024,1,7,13,864,94
casual,classic_bike,2024,2,5,0,926,36
casual,classic_bike,2024,2,4,13,1155,187
casual,classic_bike,2024,3,2,0,1976,29
member,classic_bike,2024,4,6,22,738,313
casual,classic_bike,2024,12,2,7,760,84
casual,electric_bike,2024,3,6,23,594,189
casual,electric_bike,2024,4,3,23,631,143
member,electric_bike,2024,3,1,20,564,412
casual,electric_bike,2024,3,3,8,571,322
member,classic_bike,2024,3,2,8,708,1371
member,classic_bike,2024,5,3,6,717,911
member,electric_bike,2024,5,2,17,772,2038
casual,electric_bike,2024,7,5,15,1111,1472
member,electric_bike,2024,11,4,16,649,2135
member,classic_bike,2024,1,5,17,758,1406
member,electric_bike,2024,3,4,12,545,744
member,electric_scooter,2024,9,3,13,486,310
casual,classic_bike,2024,4,4,20,1223,185
casual,electric_bike,2024,6,3,7,565,539
casual,classic_bike,2024,6,7,4,1303,57
member,classic_bike,2024,11,5,6,630,493
member,electric_bike,2024,12,1,19,656,495
casual,classic_bike,2024,2,3,6,668,89
casual,electric_bike,2024,2,2,9,718,103
casual,classic_bike,2024,5,4,12,1887,866
casual,classic_bike,2024,6,1,11,2311,2433
casual,classic_bike,2024,7,2,14,2014,1168
casual,electric_bike,2024,8,1,12,1279,1878
member,electric_bike,2024,9,6,7,650,1713
member,electric_scooter,2024,9,7,12,544,421
member,classic_bike,2024,12,2,8,768,1062
member,classic_bike,2024,3,5,0,482,58
member,classic_bike,2024,4,2,0,691,63
member,electric_bike,2024,6,2,9,674,1133
casual,electric_scooter,2024,9,6,23,758,557
casual,classic_bike,2024,12,7,16,1048,216
casual,classic_bike,2024,1,3,14,1792,106
casual,electric_bike,2024,3,2,1,999,45
casual,classic_bike,2024,7,2,17,1522,1930
casual,electric_bike,2024,8,1,9,1143,906
member,electric_scooter,2024,9,4,20,503,444
casual,electric_bike,2024,5,1,21,995,474
member,electric_bike,2024,5,3,4,524,58
member,electric_bike,2024,10,4,1,600,135
casual,classic_bike,2024,2,6,7,854,124
member,electric_bike,2024,2,1,5,692,19
member,classic_bike,2024,6,3,21,858,927
member,electric_bike,2024,9,5,23,696,575
member,classic_bike,2024,11,4,19,682,628
member,electric_bike,2024,12,1,16,791,722
casual,classic_bike,2024,12,5,22,1047,82
casual,electric_bike,2024,12,3,5,337,34
member,electric_bike,2024,2,7,12,725,353
casual,electric_bike,2024,2,3,16,843,393
casual,electric_bike,2024,4,2,16,917,1015
member,electric_bike,2024,12,6,5,480,119
member,electric_bike,2024,2,3,13,673,571
casual,electric_bike,2024,3,5,2,553,38
casual,electric_bike,2024,5,6,7,673,475
casual,classic_bike,2024,11,4,10,1105,173
casual,classic_bike,2024,1,4,21,936,69
casual,classic_bike,2024,2,1,21,776,72
casual,classic_bike,2024,3,3,21,1075,138
casual,electric_bike,2024,7,6,22,933,891
member,electric_bike,2024,7,7,18,890,1747
member,electric_bike,2024,1,2,0,773,88
member,classic_bike,2024,1,2,2,1449,41
member,classic_bike,2024,2,4,1,703,23
member,classic_bike,2024,3,1,1,744,110
member,electric_bike,2024,5,7,3,613,139
casual,classic_bike,2024,9,7,18,1617,1508
casual,classic_bike,2024,10,4,18,1158,1062
casual,electric_bike,2024,1,6,5,500,20
casual,classic_bike,2024,3,1,13,2253,920
casual,classic_bike,2024,7,7,3,938,106
casual,classic_bike,2024,8,4,3,4317,18
member,classic_bike,2024,1,4,10,1643,462
member,classic_bike,2024,2,3,14,860,891
casual,classic_bike,2024,6,6,20,1558,931
casual,electric_bike,2024,10,6,13,989,1128
casual,electric_bike,2024,11,3,13,646,386
casual,electric_bike,2024,5,2,8,663,407
member,classic_bike,2024,7,2,17,904,4507
casual,electric_scooter,2024,9,4,18,743,954
casual,electric_bike,2024,9,7,17,1014,1677
member,electric_bike,2024,11,1,1,579,283
casual,electric_bike,2024,1,7,12,777,87
member,electric_bike,2024,3,3,5,471,195
member,classic_bike,2024,5,6,21,758,860
member,classic_bike,2024,10,7,19,750,952
casual,electric_bike,2024,11,6,5,439,55
member,classic_bike,2024,12,1,18,818,398
casual,classic_bike,2024,12,4,1,1170,10
casual,electric_bike,2024,3,5,16,794,486
member,classic_bike,2024,10,6,12,705,1342
member,classic_bike,2024,12,5,23,733,83
casual,electric_bike,2024,1,4,20,477,100
casual,classic_bike,2024,10,7,10,1950,1454
member,classic_bike,2024,5,2,22,739,365
member,classic_bike,2024,5,2,16,868,1895
member,classic_bike,2024,8,5,7,681,2050
casual,electric_bike,2024,11,7,12,898,761
casual,classic_bike,2024,12,5,8,1316,97
member,electric_bike,2024,11,5,0,624,118
member,classic_bike,2024,8,2,9,706,1115
casual,electric_scooter,2024,9,7,10,735,564
member,electric_bike,2024,1,3,7,600,553
casual,classic_bike,2024,7,3,21,1379,649
casual,electric_bike,2024,10,5,9,564,573
casual,classic_bike,2024,11,3,6,587,96
member,electric_bike,2024,8,6,6,603,1028
casual,electric_bike,2024,8,7,2,846,489
member,electric_bike,2024,2,1,19,655,249
member,classic_bike,2024,2,2,7,872,1077
casual,classic_bike,2024,5,5,16,1550,1052
casual,classic_bike,2024,7,1,10,2169,1101
casual,electric_bike,2024,8,2,16,897,1325
casual,electric_bike,2024,9,4,19,777,1182
casual,classic_bike,2024,9,6,14,1697,963
member,classic_bike,2024,12,1,1,557,55
casual,electric_bike,2024,12,2,1,591,44
casual,electric_bike,2024,12,7,10,685,183
member,classic_bike,2024,6,4,2,592,19
member,electric_bike,2024,7,4,3,819,62
member,electric_bike,2024,12,7,9,510,421
member,electric_bike,2024,8,4,18,755,2905
member,electric_bike,2024,9,1,18,789,1982
casual,electric_bike,2024,9,2,8,699,772
casual,classic_bike,2024,9,4,3,1856,12
casual,classic_bike,2024,10,1,3,858,77
member,classic_bike,2024,11,6,13,614,1229
member,classic_bike,2024,12,3,12,579,495
member,classic_bike,2024,7,7,3,811,70
casual,classic_bike,2024,11,1,18,1094,251
member,classic_bike,2024,8,7,18,921,2144
casual,classic_bike,2024,8,3,13,1821,745
member,classic_bike,2024,9,4,18,824,3085
member,electric_bike,2024,11,3,12,521,1018
member,electric_bike,2024,5,1,10,790,975
member,classic_bike,2024,6,6,13,786,1383
member,electric_bike,2024,7,2,9,673,1236
casual,classic_bike,2024,8,1,2,1779,262
member,classic_bike,2024,9,7,10,847,1583
member,electric_scooter,2024,9,6,5,436,67
casual,classic_bike,2024,10,6,6,987,111
casual,electric_bike,2024,11,2,9,616,307
member,electric_bike,2024,3,5,16,622,1503
casual,classic_bike,2024,3,3,7,585,112
member,electric_bike,2024,9,3,6,597,1154
casual,electric_bike,2024,9,4,2,723,71
casual,classic_bike,2024,6,2,15,1764,975
casual,classic_bike,2024,10,3,14,1770,508
casual,electric_bike,2024,11,5,1,610,68
member,classic_bike,2024,11,4,2,900,21
member,electric_bike,2024,12,5,15,610,778
casual,electric_bike,2024,4,2,2,701,38
member,electric_bike,2024,5,3,21,681,807
member,classic_bike,2024,10,2,16,749,2258
casual,classic_bike,2024,11,5,0,637,46
casual,electric_bike,2024,5,7,11,1229,1409
casual,electric_bike,2024,6,4,11,1033,826
member,electric_bike,2024,6,5,7,685,2047
casual,electric_bike,2024,7,1,10,1239,821
member,electric_bike,2024,11,5,23,634,256
member,electric_bike,2024,12,2,23,513,154
casual,classic_bike,2024,1,6,6,626,25
casual,classic_bike,2024,4,7,12,2104,1307
casual,electric_bike,2024,10,1,4,682,141
casual,electric_bike,2024,5,4,19,855,1226
casual,electric_bike,2024,1,2,9,461,73
casual,electric_bike,2024,2,5,1,889,22
casual,classic_bike,2024,4,1,19,1716,539
member,electric_bike,2024,7,6,14,784,1696
member,electric_bike,2024,8,3,14,705,1359
casual,classic_bike,2024,8,5,7,1044,493
casual,classic_bike,2024,9,2,9,1974,694
member,electric_bike,2024,2,5,1,606,43
casual,classic_bike,2024,7,4,2,841,51
member,electric_bike,2024,1,6,22,499,143
casual,classic_bike,2024,5,2,1,1983,97
member,classic_bike,2024,6,1,10,970,1985
member,classic_bike,2024,8,3,13,666,1126
casual,electric_scooter,2024,9,5,16,705,1089
member,classic_bike,2024,11,2,8,652,1576
casual,electric_bike,2024,12,6,6,385,64
member,electric_bike,2024,5,5,15,715,1886
member,classic_bike,2024,10,7,2,671,129
member,classic_bike,2024,1,7,11,715,447
casual,electric_bike,2024,2,7,12,772,163
member,classic_bike,2024,4,5,15,734,1051
member,classic_bike,2024,4,6,5,704,155
casual,electric_bike,2024,8,5,8,644,871
member,electric_bike,2024,9,7,11,777,1749
member,electric_bike,2024,11,6,4,554,52
member,electric_bike,2024,12,3,4,541,33
member,classic_bike,2024,8,4,3,986,17
casual,electric_scooter,2024,9,6,6,465,223
member,classic_bike,2024,9,1,3,633,73
casual,electric_bike,2024,12,5,16,581,284
casual,classic_bike,2024,12,6,12,941,89
casual,classic_bike,2024,1,1,20,1056,44
member,electric_bike,2024,6,7,18,852,1791
casual,classic_bike,2024,7,6,13,2068,1740
member,electric_bike,2024,9,5,0,676,235
member,electric_bike,2024,10,6,12,629,1599
casual,classic_bike,2024,11,6,21,1262,275
casual,classic_bike,2024,11,7,11,1566,733
member,electric_bike,2024,3,2,1,459,56
casual,electric_bike,2024,7,2,0,998,319
member,classic_bike,2024,3,5,23,754,182
casual,classic_bike,2024,4,5,1,413,18
casual,electric_bike,2024,5,1,4,600,100
member,classic_bike,2024,5,4,10,842,1246
member,classic_bike,2024,7,6,13,813,1616
casual,electric_bike,2024,9,6,13,994,1185
casual,classic_bike,2024,6,3,5,906,71
member,classic_bike,2024,12,6,4,854,13
casual,electric_bike,2024,3,4,12,822,268
member,classic_bike,2024,5,7,2,784,94
member,classic_bike,2024,7,3,21,855,1111
casual,classic_bike,2024,8,7,18,1766,2386
member,electric_bike,2024,8,1,3,761,150
member,electric_bike,2024,10,2,7,584,1598
member,classic_bike,2024,1,3,6,776,354
member,classic_bike,2024,2,4,18,704,1317
member,classic_bike,2024,3,1,18,758,828
casual,electric_bike,2024,4,5,17,694,870
casual,electric_bike,2024,10,4,19,644,822
casual,electric_bike,2024,11,1,19,728,255
casual,classic_bike,2024,2,5,17,1155,535
member,electric_bike,2024,3,6,6,494,544
casual,classic_bike,2024,3,2,17,1389,749
member,electric_bike,2024,4,3,5,461,318
casual,classic_bike,2024,3,6,22,1652,81
casual,electric_bike,2024,6,6,22,914,934
casual,electric_bike,2024,7,3,21,814,724
casual,electric_bike,2024,1,1,19,576,52
casual,classic_bike,2024,4,2,9,1942,263
member,electric_bike,2024,5,6,18,761,2842
member,electric_bike,2024,8,5,14,701,1654
member,electric_bike,2024,1,1,22,642,88
member,classic_bike,2024,3,7,15,873,1348
member,electric_bike,2024,4,4,13,560,822
member,classic_bike,2024,10,2,0,1108,80
member,classic_bike,2024,11,1,5,725,58
member,electric_bike,2024,3,6,4,533,61
casual,classic_bike,2024,5,1,18,1903,1381
member,electric_bike,2024,6,5,23,804,560
member,electric_bike,2024,9,4,19,710,2112
member,electric_bike,2024,12,7,10,641,561
member,classic_bike,2024,1,2,11,621,502
casual,electric_bike,2024,3,2,7,492,204
member,classic_bike,2024,4,5,2,3075,12
casual,classic_bike,2024,7,1,9,1937,644
casual,electric_bike,2024,9,4,18,831,1598
casual,electric_bike,2024,12,3,14,595,227
casual,electric_bike,2024,6,5,22,793,722
casual,electric_bike,2024,7,3,8,677,941
casual,electric_bike,2024,7,2,21,803,839
casual,electric_bike,2024,2,2,15,973,255
casual,classic_bike,2024,4,1,3,1573,41
member,electric_bike,2024,4,6,18,633,1557
casual,electric_scooter,2024,9,3,17,719,1108
casual,classic_bike,2024,9,2,18,1604,1665
member,classic_bike,2024,6,6,12,793,1360
member,classic_bike,2024,9,5,8,684,2646
casual,classic_bike,2024,3,5,21,829,119
member,electric_bike,2024,10,3,15,679,2273
member,electric_bike,2024,10,1,10,750,1406
member,classic_bike,2024,2,1,7,669,197
casual,classic_bike,2024,6,7,2,2218,250
member,electric_bike,2024,6,3,18,717,2770
member,classic_bike,2024,8,5,16,823,3048
member,electric_bike,2024,11,7,18,628,1121
member,classic_bike,2024,11,2,15,640,959
casual,classic_bike,2024,3,6,8,1188,126
casual,classic_bike,2024,8,1,1,1486,419
member,classic_bike,2024,10,4,5,812,330
casual,classic_bike,2024,1,7,19,1373,46
casual,classic_bike,2024,4,4,18,1819,409
member,electric_bike,2024,6,6,10,712,944
member,electric_bike,2024,8,7,19,834,1875
casual,classic_bike,2024,11,6,13,1390,544
member,classic_bike,2024,6,7,22,1089,740
member,classic_bike,2024,7,7,6,994,297
member,classic_bike,2024,10,1,13,846,1700
casual,electric_bike,2024,11,6,14,766,649
casual,electric_bike,2024,1,2,8,401,95
casual,electric_bike,2024,3,3,17,772,653
casual,electric_bike,2024,4,6,10,783,326
casual,electric_bike,2024,8,4,3,986,47
casual,electric_bike,2024,9,1,3,963,271
casual,electric_bike,2024,10,5,12,785,778
casual,electric_bike,2024,11,2,12,787,387
casual,electric_bike,2024,6,4,12,947,939
casual,electric_bike,2024,7,1,11,1184,1225
casual,electric_bike,2024,10,6,22,767,621
casual,electric_bike,2024,11,3,22,557,207
member,classic_bike,2024,1,1,1,692,31
member,electric_bike,2024,1,4,14,623,559
casual,electric_bike,2024,5,4,20,792,965
member,electric_bike,2024,5,5,8,724,2492
casual,classic_bike,2024,12,4,22,799,21
member,classic_bike,2024,7,2,23,898,230
member,classic_bike,2024,10,5,15,768,2024
member,electric_bike,2024,11,2,12,525,905
member,classic_bike,2024,11,7,21,636,334
member,electric_bike,2024,12,4,18,590,789
member,electric_bike,2024,2,5,2,438,20
member,electric_bike,2024,5,4,21,701,1214
casual,classic_bike,2024,6,2,19,1542,1148
member,electric_bike,2024,7,4,12,644,1657
casual,classic_bike,2024,7,4,1,1514,67
casual,classic_bike,2024,11,5,3,437,9
casual,classic_bike,2024,2,4,19,1278,193
casual,classic_bike,2024,3,2,6,563,59
member,classic_bike,2024,12,2,6,579,425
member,classic_bike,2024,5,5,10,756,1050
member,classic_bike,2024,7,5,1,636,70
member,classic_bike,2024,8,4,6,700,949
casual,electric_bike,2024,6,6,9,932,590
casual,electric_bike,2024,4,5,0,475,86
casual,electric_bike,2024,9,5,5,469,127
member,classic_bike,2024,1,6,13,776,412
casual,electric_bike,2024,7,5,13,1186,1090
casual,electric_bike,2024,7,6,0,829,432
member,electric_bike,2024,12,6,23,582,206
member,electric_bike,2024,4,7,5,587,62
member,electric_scooter,2024,9,6,12,469,428
casual,electric_scooter,2024,9,6,9,612,391
casual,classic_bike,2024,10,5,11,1882,600
member,electric_bike,2024,7,2,21,721,1164
member,electric_bike,2024,10,5,12,585,1638
member,classic_bike,2024,12,4,20,681,253
member,electric_bike,2024,3,2,2,452,18
member,electric_bike,2024,3,7,14,729,1337
member,classic_bike,2024,4,4,15,685,916
member,electric_bike,2024,6,1,21,760,1041
member,electric_bike,2024,8,1,12,913,1829
casual,classic_bike,2024,2,5,6,650,69
casual,electric_bike,2024,5,1,5,917,101
casual,classic_bike,2024,8,7,17,1866,2841
member,classic_bike,2024,8,2,15,780,1374
casual,electric_bike,2024,1,5,23,571,53
casual,electric_bike,2024,2,3,2,612,16
member,classic_bike,2024,4,7,7,799,312
member,classic_bike,2024,6,2,10,879,874
casual,classic_bike,2024,6,3,6,1739,199
casual,classic_bike,2024,7,3,14,1845,1009
member,classic_bike,2024,8,2,1,710,70
member,classic_bike,2024,9,6,18,817,2220
casual,classic_bike,2024,9,3,5,703,60
member,electric_scooter,2024,9,1,6,450,56
casual,classic_bike,2024,1,5,14,1413,131
casual,electric_bike,2024,1,7,14,667,103
casual,classic_bike,2024,2,2,14,1602,263
casual,electric_bike,2024,8,3,16,843,1456
casual,classic_bike,2024,12,1,7,1021,24
casual,electric_bike,2024,10,3,7,536,724
member,electric_bike,2024,11,5,4,503,41
member,electric_bike,2024,12,2,4,413,49
member,classic_bike,2024,12,7,12,674,500
member,classic_bike,2024,6,2,16,863,2317
member,electric_bike,2024,7,7,4,738,97
member,electric_bike,2024,8,4,4,588,66
member,electric_bike,2024,9,1,4,676,163
member,electric_bike,2024,7,3,8,669,3047
casual,classic_bike,2024,7,7,16,1903,2956
member,electric_bike,2024,9,7,20,726,1066
member,electric_bike,2024,10,5,6,615,1165
casual,classic_bike,2024,10,6,12,1706,1126
member,classic_bike,2024,2,5,9,711,1065
casual,classic_bike,2024,3,1,2,1603,35
member,classic_bike,2024,5,2,18,819,2079
member,classic_bike,2024,12,3,10,613,438
casual,classic_bike,2024,7,5,5,687,106
casual,classic_bike,2024,10,4,1,892,47
member,electric_bike,2024,2,2,10,640,334
member,electric_bike,2024,12,2,21,649,395
casual,electric_bike,2024,5,3,16,828,944
casual,classic_bike,2024,7,3,0,1214,123
casual,classic_bike,2024,12,7,0,772,60
casual,electric_bike,2024,2,7,21,632,64
member,electric_bike,2024,3,4,13,549,721
casual,electric_bike,2024,3,4,21,576,146
member,electric_bike,2024,4,1,12,751,1340
casual,classic_bike,2024,4,6,9,1925,199
casual,classic_bike,2024,5,3,9,1773,267
casual,electric_bike,2024,10,1,10,1175,1387
member,classic_bike,2024,12,5,21,628,143
casual,classic_bike,2024,1,3,0,541,9
member,electric_bike,2024,1,6,5,484,97
member,electric_bike,2024,5,4,4,652,62
casual,classic_bike,2024,6,3,23,1575,231
member,electric_bike,2024,6,1,4,978,125
member,electric_bike,2024,8,3,0,657,182
casual,electric_bike,2024,12,7,16,767,284
casual,electric_bike,2024,1,3,12,580,86
member,electric_bike,2024,2,4,21,603,270
casual,electric_bike,2024,3,5,8,476,282
casual,electric_bike,2024,4,2,8,574,454
casual,classic_bike,2024,8,3,15,1727,838
member,classic_bike,2024,10,6,19,942,1282
member,classic_bike,2024,11,3,19,784,896
casual,classic_bike,2024,11,2,11,1589,286
member,classic_bike,2024,1,4,2,682,7
casual,classic_bike,2024,11,3,12,1154,255
member,classic_bike,2024,3,2,9,610,733
member,electric_bike,2024,8,3,23,737,383
member,classic_bike,2024,4,3,11,732,928
member,electric_bike,2024,4,2,22,533,467
member,classic_bike,2024,5,3,19,842,1671
casual,electric_bike,2024,6,3,8,622,634
casual,classic_bike,2024,8,2,5,1211,86
casual,classic_bike,2024,4,5,22,2648,100
member,electric_bike,2024,11,5,21,577,483
casual,electric_bike,2024,2,6,17,774,222
casual,classic_bike,2024,7,2,13,1995,1136
casual,classic_bike,2024,1,3,17,1382,142
casual,electric_bike,2024,6,7,13,1220,2227
casual,electric_bike,2024,7,4,12,955,1062
casual,electric_bike,2024,7,1,17,1169,1139
member,classic_bike,2024,9,4,4,1159,42
casual,electric_bike,2024,3,6,9,587,173
casual,electric_bike,2024,4,3,9,573,382
member,electric_scooter,2024,9,4,21,533,327
casual,classic_bike,2024,9,6,20,1148,665
casual,classic_bike,2024,10,3,20,941,504
member,classic_bike,2024,3,5,1,634,23
member,classic_bike,2024,4,2,1,674,22
casual,electric_bike,2024,7,7,4,760,102
member,classic_bike,2024,7,7,12,980,2080
member,classic_bike,2024,8,4,12,731,1351
member,classic_bike,2024,9,1,12,914,1736
casual,electric_bike,2024,12,6,15,635,258
member,electric_bike,2024,2,1,6,721,67
member,electric_bike,2024,3,3,12,545,733
member,classic_bike,2024,3,4,0,666,54
member,electric_bike,2024,4,5,17,638,2423
casual,classic_bike,2024,6,7,8,1731,771
casual,classic_bike,2024,1,7,2,535,14
member,electric_bike,2024,7,6,23,749,734
casual,classic_bike,2024,8,6,7,1152,413
casual,electric_bike,2024,3,1,6,569,68
member,classic_bike,2024,3,6,11,693,687
casual,electric_bike,2024,5,6,8,669,592
member,classic_bike,2024,10,2,14,687,1209
casual,electric_bike,2024,12,2,10,808,187
member,electric_bike,2024,9,3,15,724,1760
casual,electric_bike,2024,10,7,9,941,818
member,electric_bike,2024,12,6,6,626,346
member,classic_bike,2024,4,6,3,479,13
casual,electric_bike,2024,4,5,23,631,151
casual,electric_bike,2024,10,5,18,734,1520
casual,electric_bike,2024,11,2,18,572,456
member,classic_bike,2024,1,5,3,676,13
casual,electric_bike,2024,1,6,4,285,5
member,electric_bike,2024,2,7,13,575,400
casual,electric_bike,2024,7,6,23,928,732
casual,electric_bike,2024,11,7,1,602,282
casual,electric_bike,2024,12,4,1,572,33
member,electric_bike,2024,7,6,0,698,350
casual,classic_bike,2024,12,3,18,1291,116
member,electric_bike,2024,3,1,21,621,329
casual,classic_bike,2024,7,6,15,1868,1853
member,electric_bike,2024,2,6,12,648,442
member,classic_bike,2024,2,7,0,553,111
member,classic_bike,2024,4,1,0,1226,211
member,classic_bike,2024,5,1,8,889,644
casual,classic_bike,2024,8,4,16,1671,1193
member,electric_bike,2024,9,2,14,725,1776
member,electric_scooter,2024,9,2,10,475,325
casual,classic_bike,2024,2,4,2,753,8
member,electric_bike,2024,3,5,3,631,35
member,classic_bike,2024,11,6,11,653,979
casual,electric_bike,2024,2,4,6,539,60
member,electric_bike,2024,4,3,3,672,34
member,electric_bike,2024,9,5,6,617,1192
casual,classic_bike,2024,9,7,1,1407,330
casual,classic_bike,2024,11,1,1,2038,137
member,electric_bike,2024,8,7,5,719,253
member,electric_bike,2024,10,1,4,580,153
member,classic_bike,2024,1,3,12,864,487
casual,electric_bike,2024,1,1,21,652,51
casual,classic_bike,2024,4,2,7,824,162
casual,electric_scooter,2024,9,4,21,796,501
casual,classic_bike,2024,9,4,9,1557,481
casual,classic_bike,2024,10,1,9,2222,1213
casual,electric_bike,2024,5,5,7,621,556
casual,electric_bike,2024,6,2,7,640,510
casual,classic_bike,2024,12,5,9,1396,54
casual,electric_bike,2024,1,4,13,747,137
casual,classic_bike,2024,9,1,17,1894,1929
member,classic_bike,2024,10,7,20,832,646
member,classic_bike,2024,11,4,20,845,478
member,classic_bike,2024,12,1,19,672,307
member,classic_bike,2024,1,7,17,661,375
casual,classic_bike,2024,6,1,15,2052,3040
member,electric_scooter,2024,9,7,16,564,479
casual,electric_scooter,2024,9,5,5,512,99
casual,classic_bike,2024,9,4,6,1293,234
member,electric_bike,2024,11,7,12,633,1362
casual,electric_bike,2024,1,3,9,446,78
member,classic_bike,2024,3,5,4,611,24
member,electric_bike,2024,4,2,2,561,49
casual,electric_bike,2024,4,2,5,446,53
casual,classic_bike,2024,12,7,20,1966,65
casual,classic_bike,2024,3,7,9,1438,403
casual,electric_bike,2024,7,5,19,1023,1561
casual,electric_bike,2024,10,3,1,666,100
casual,classic_bike,2024,3,3,10,1747,151
casual,classic_bike,2024,6,6,1,1806,123
casual,classic_bike,2024,12,2,11,2001,139
member,electric_bike,2024,1,3,10,660,236
casual,classic_bike,2024,1,6,18,822,86
casual,classic_bike,2024,2,3,18,1700,316
casual,electric_scooter,2024,9,1,6,488,87
member,classic_bike,2024,10,6,16,762,2281
member,classic_bike,2024,11,3,16,718,1552
member,classic_bike,2024,3,1,5,933,28
member,electric_bike,2024,5,4,7,709,2417
casual,electric_bike,2024,6,3,11,1091,564
member,electric_bike,2024,6,1,7,816,516
member,classic_bike,2024,7,5,18,945,2681
member,electric_bike,2024,8,3,3,1207,54
member,electric_bike,2024,12,1,23,591,145
casual,electric_bike,2024,1,2,22,578,60
casual,electric_bike,2024,2,5,13,705,202
member,electric_bike,2024,3,4,16,658,1720
casual,electric_bike,2024,3,2,13,863,279
member,electric_bike,2024,4,1,15,820,1181
member,classic_bike,2024,4,7,13,981,1545
casual,classic_bike,2024,4,4,1,693,19
casual,classic_bike,2024,5,1,1,1697,291
member,electric_scooter,2024,9,3,17,552,1091
casual,classic_bike,2024,11,1,21,1477,139
casual,classic_bike,2024,2,7,17,1135,215
casual,classic_bike,2024,5,4,16,1850,1554
casual,classic_bike,2024,7,2,10,2276,740
member,electric_bike,2024,12,4,12,535,564
casual,classic_bike,2024,12,6,10,2319,68
member,classic_bike,2024,12,5,1,687,14
casual,electric_bike,2024,3,5,5,372,36
member,classic_bike,2024,4,2,4,833,44
member,electric_bike,2024,9,3,18,718,2410
member,classic_bike,2024,2,3,18,743,1576
member,electric_bike,2024,2,4,1,561,28
casual,electric_bike,2024,8,1,5,635,128
member,electric_bike,2024,10,7,20,604,910
casual,classic_bike,2024,2,6,10,1482,216
casual,electric_bike,2024,4,7,14,1226,1458
casual,electric_bike,2024,4,6,4,402,29
casual,electric_bike,2024,1,5,3,619,8
casual,electric_bike,2024,2,3,19,581,159
casual,electric_bike,2024,3,6,12,869,319
casual,electric_scooter,2024,9,2,13,804,731
member,classic_bike,2024,11,5,10,602,523
member,electric_bike,2024,5,2,13,740,1106
member,classic_bike,2024,9,4,7,741,2240
casual,classic_bike,2024,3,4,17,1366,397
casual,classic_bike,2024,4,7,16,1906,1397
casual,electric_bike,2024,4,5,20,671,257
casual,classic_bike,2024,11,3,18,697,312
casual,electric_bike,2024,6,1,17,1154,2313
member,electric_bike,2024,8,6,18,759,3177
casual,classic_bike,2024,11,7,14,1589,906
member,electric_bike,2024,3,1,1,681,203
casual,classic_bike,2024,6,4,7,1379,363
casual,classic_bike,2024,9,1,14,1926,1952
member,electric_bike,2024,11,4,20,549,477
casual,electric_bike,2024,12,2,13,753,279
casual,classic_bike,2024,12,4,5,3110,17
casual,classic_bike,2024,5,2,22,2406,243
casual,electric_bike,2024,9,7,13,1185,1830
casual,electric_bike,2024,12,6,9,489,95
member,classic_bike,2024,2,6,10,628,641
member,classic_bike,2024,3,3,10,719,537
casual,electric_bike,2024,6,6,3,823,63
member,classic_bike,2024,6,3,17,873,3765
casual,electric_bike,2024,7,3,2,990,75
member,classic_bike,2024,9,2,13,785,1747
member,classic_bike,2024,5,3,2,732,17
member,classic_bike,2024,7,2,3,718,29
casual,classic_bike,2024,9,5,13,1806,693
member,classic_bike,2024,2,4,5,961,215
casual,electric_bike,2024,5,6,11,1058,933
member,electric_bike,2024,7,6,3,741,71
member,classic_bike,2024,7,5,21,846,1091
member,classic_bike,2024,8,2,21,928,791
member,electric_bike,2024,2,7,16,653,395
member,electric_bike,2024,10,4,5,493,383
casual,electric_bike,2024,10,4,8,536,958
casual,classic_bike,2024,3,5,4,744,6
casual,classic_bike,2024,10,1,6,2516,358
casual,classic_bike,2024,2,1,1,575,31
casual,electric_bike,2024,8,7,21,1016,1387
member,electric_bike,2024,8,2,19,705,1837
casual,classic_bike,2024,4,3,17,1936,968
casual,electric_bike,2024,6,2,4,645,57
casual,electric_bike,2024,9,1,23,881,463
casual,electric_bike,2024,1,7,8,569,46
member,electric_bike,2024,2,6,9,703,344
member,electric_bike,2024,3,3,9,559,833
member,electric_bike,2024,12,5,2,514,20
member,classic_bike,2024,1,7,14,691,427
casual,electric_bike,2024,5,2,12,1107,741
member,electric_bike,2024,5,3,0,615,110
casual,electric_bike,2024,1,4,16,534,241
member,electric_bike,2024,2,3,17,737,1248
member,classic_bike,2024,10,7,23,805,392
member,classic_bike,2024,11,4,23,509,114
member,classic_bike,2024,12,1,22,1088,110
member,classic_bike,2024,1,4,22,1391,223
casual,classic_bike,2024,1,1,9,675,49
member,electric_bike,2024,1,5,4,526,40
member,electric_bike,2024,7,1,14,846,1751
member,electric_bike,2024,1,4,0,553,50
casual,classic_bike,2024,4,1,23,1901,92
member,electric_bike,2024,5,1,6,717,237
casual,classic_bike,2024,8,5,3,2097,24
casual,electric_bike,2024,10,6,2,647,95
member,classic_bike,2024,8,1,14,972,1749
member,classic_bike,2024,11,6,17,732,1831
member,classic_bike,2024,11,4,6,731,578
casual,electric_bike,2024,12,3,17,552,331
member,electric_bike,2024,1,6,11,869,295
member,classic_bike,2024,5,4,6,698,1102
member,classic_bike,2024,8,3,2,625,27
casual,classic_bike,2024,4,1,0,2129,216
casual,electric_bike,2024,8,4,23,740,399
member,electric_bike,2024,11,3,16,665,2033
casual,classic_bike,2024,11,4,22,945,87
member,classic_bike,2024,5,6,17,924,3247
casual,electric_bike,2024,5,2,6,512,194
casual,classic_bike,2024,7,3,17,1542,1942
casual,electric_bike,2024,10,1,16,1022,1314
casual,classic_bike,2024,10,2,13,1946,737
member,electric_bike,2024,5,3,17,706,2721
member,electric_bike,2024,7,5,13,715,1401
member,electric_bike,2024,8,2,13,643,1301
member,classic_bike,2024,9,5,11,705,1288
member,electric_bike,2024,12,7,13,589,667
casual,electric_bike,2024,2,4,23,539,52
casual,classic_bike,2024,4,3,11,2067,384
casual,electric_bike,2024,8,2,12,988,794
casual,classic_bike,2024,9,2,21,1839,506
casual,electric_bike,2024,11,1,8,834,259
member,electric_bike,2024,11,1,5,734,82
member,classic_bike,2024,12,6,8,611,511
member,classic_bike,2024,7,3,10,769,1176
casual,electric_bike,2024,8,4,6,570,392
member,electric_bike,2024,9,7,14,810,1852
casual,classic_bike,2024,10,6,18,1413,1152
member,electric_bike,2024,2,1,23,695,95
casual,classic_bike,2024,5,5,20,1318,661
member,classic_bike,2024,7,4,14,792,1534
casual,classic_bike,2024,7,1,6,2090,125
member,classic_bike,2024,10,7,6,748,191
casual,electric_bike,2024,11,6,17,674,841
member,classic_bike,2024,12,3,16,814,964
member,classic_bike,2024,12,1,5,839,18
casual,classic_bike,2024,5,7,8,2119,563
member,classic_bike,2024,7,6,2,608,70
casual,electric_bike,2024,11,5,13,662,220
member,electric_bike,2024,9,6,10,754,1026
member,classic_bike,2024,9,1,6,1112,224
casual,classic_bike,2024,10,7,22,1557,421
member,classic_bike,2024,11,2,12,609,783
member,electric_bike,2024,11,1,22,566,325
casual,electric_bike,2024,12,5,5,1210,34
member,electric_bike,2024,5,5,11,691,1243
member,electric_bike,2024,12,5,19,570,436
member,electric_bike,2024,3,5,20,539,601
casual,classic_bike,2024,7,5,11,2160,929
casual,classic_bike,2024,8,2,11,2148,776
member,electric_bike,2024,8,7,22,805,1307
member,electric_bike,2024,9,4,22,742,831
member,electric_bike,2024,10,3,1,617,113
member,classic_bike,2024,10,2,20,651,877
casual,classic_bike,2024,11,6,10,1674,365
member,classic_bike,2024,2,2,11,640,734
casual,electric_bike,2024,5,7,15,1276,1922
member,classic_bike,2024,5,7,21,1028,705
casual,electric_bike,2024,6,4,15,939,1350
member,classic_bike,2024,6,4,21,1018,1228
member,electric_bike,2024,6,5,3,877,54
member,classic_bike,2024,8,7,7,893,746
casual,electric_bike,2024,1,2,5,498,30
casual,electric_bike,2024,2,1,8,385,34
member,classic_bike,2024,5,1,14,1056,1581
casual,electric_bike,2024,5,4,0,642,183
casual,classic_bike,2024,8,4,22,1262,562
member,electric_scooter,2024,9,1,23,593,138
casual,electric_bike,2024,9,1,6,1142,253
casual,classic_bike,2024,12,6,16,1525,117
member,electric_bike,2024,5,7,22,808,779
casual,electric_bike,2024,5,4,23,706,264
member,electric_bike,2024,8,3,17,723,3528
casual,classic_bike,2024,9,3,2,987,25
member,electric_bike,2024,11,6,8,608,1437
member,classic_bike,2024,1,1,7,639,89
casual,electric_bike,2024,9,3,17,812,1474
casual,electric_bike,2024,10,2,20,654,412
casual,electric_bike,2024,11,4,23,563,87
member,electric_bike,2024,1,7,15,723,359
member,classic_bike,2024,3,1,22,641,153
member,classic_bike,2024,1,3,18,817,919
member,classic_bike,2024,7,2,20,816,1770
member,electric_scooter,2024,9,6,9,427,336
casual,classic_bike,2024,1,2,13,1596,93
casual,classic_bike,2024,1,3,3,1271,3
member,classic_bike,2024,10,3,1,689,40
member,classic_bike,2024,4,5,19,958,832
casual,electric_bike,2024,6,1,0,910,799
casual,classic_bike,2024,7,7,22,1625,1479
member,electric_bike,2024,7,3,2,696,70
member,classic_bike,2024,9,7,22,961,645
casual,electric_bike,2024,11,3,2,382,25
member,electric_bike,2024,6,4,22,805,974
member,electric_bike,2024,12,3,8,549,1437
member,classic_bike,2024,1,6,10,590,246
member,classic_bike,2024,6,1,6,854,228
casual,electric_bike,2024,8,6,17,940,2542
casual,electric_bike,2024,10,7,23,883,612
casual,electric_bike,2024,12,1,23,622,63
member,electric_bike,2024,2,5,5,492,133
member,classic_bike,2024,2,4,22,1079,251
member,electric_bike,2024,6,7,14,841,1985
member,electric_bike,2024,10,6,16,758,2768
member,electric_bike,2024,4,6,1,421,108
casual,electric_bike,2024,9,6,9,861,593
member,electric_bike,2024,7,7,7,834,540
member,electric_bike,2024,8,4,7,642,2127
member,electric_bike,2024,9,1,7,903,518
member,electric_bike,2024,3,6,10,593,559
member,electric_bike,2024,4,3,9,558,1274
casual,classic_bike,2024,4,5,5,538,17
casual,classic_bike,2024,5,2,5,1916,53
casual,classic_bike,2024,8,7,14,2100,3069
casual,electric_scooter,2024,9,1,23,970,446
casual,classic_bike,2024,9,7,7,1910,299
member,electric_bike,2024,10,2,11,591,1055
casual,classic_bike,2024,10,4,7,947,422
casual,classic_bike,2024,11,1,7,1471,133
member,classic_bike,2024,6,5,11,814,1110
member,classic_bike,2024,8,6,17,865,3149
member,classic_bike,2024,9,3,17,852,3671
casual,electric_bike,2024,2,7,1,613,30
casual,electric_bike,2024,1,5,20,498,103
casual,classic_bike,2024,2,1,7,1036,46
casual,electric_bike,2024,4,4,16,756,732
casual,electric_bike,2024,7,7,7,1032,373
member,classic_bike,2024,4,2,21,711,636
member,electric_bike,2024,6,1,1,627,408
casual,classic_bike,2024,7,5,8,1229,558
casual,electric_scooter,2024,9,7,16,838,1013
member,electric_scooter,2024,9,5,5,357,60
casual,classic_bike,2024,10,4,4,1113,32
casual,electric_bike,2024,12,7,13,784,313
casual,classic_bike,2024,1,3,20,1986,70
member,electric_bike,2024,3,2,5,430,163
casual,classic_bike,2024,4,6,12,1992,470
casual,classic_bike,2024,5,5,17,1790,1559
member,electric_bike,2024,12,3,11,643,569
member,electric_bike,2024,5,1,9,683,888
member,electric_bike,2024,7,3,5,607,470
member,electric_bike,2024,7,2,18,728,3000
casual,classic_bike,2024,8,5,0,2340,192
member,electric_bike,2024,2,4,18,617,783
member,electric_bike,2024,2,2,13,629,486
member,electric_bike,2024,3,1,18,607,806
casual,classic_bike,2024,5,6,4,1081,19
casual,classic_bike,2024,6,3,3,5974,8
casual,classic_bike,2024,8,5,23,1826,379
member,classic_bike,2024,10,6,22,856,514
casual,classic_bike,2024,11,4,19,891,166
member,classic_bike,2024,12,4,0,637,35
member,electric_bike,2024,1,6,8,544,440
casual,classic_bike,2024,6,4,13,1893,964
casual,electric_bike,2024,1,6,7,476,87
casual,electric_bike,2024,4,5,3,569,22
casual,electric_bike,2024,10,1,13,1158,1524
member,classic_bike,2024,11,6,14,665,1126
member,classic_bike,2024,12,3,13,551,632
casual,electric_bike,2024,2,6,14,1042,200
casual,electric_bike,2024,5,3,13,898,574
casual,electric_bike,2024,12,5,8,431,219
casual,electric_bike,2024,3,7,16,980,779
casual,electric_bike,2024,6,1,23,938,503
member,electric_bike,2024,1,5,21,487,201
member,classic_bike,2024,4,3,8,811,2329
member,electric_bike,2024,5,4,1,554,111
casual,classic_bike,2024,8,2,8,991,440
casual,electric_bike,2024,10,2,23,732,194
casual,classic_bike,2024,6,2,16,1837,1127
member,classic_bike,2024,6,3,0,897,68
member,electric_bike,2024,8,3,20,692,1157
member,classic_bike,2024,2,6,16,679,1444
member,classic_bike,2024,3,3,16,773,1732
member,classic_bike,2024,7,3,7,778,2697
member,electric_bike,2024,10,4,22,631,772
member,classic_bike,2024,10,5,12,732,1485
member,classic_bike,2024,2,2,14,800,878
casual,classic_bike,2024,2,3,12,1760,263
member,electric_bike,2024,6,2,11,682,997
member,classic_bike,2024,8,4,9,702,1351
member,classic_bike,2024,9,1,9,886,1209
casual,classic_bike,2024,2,4,22,837,92
casual,classic_bike,2024,3,7,15,1937,1099
casual,classic_bike,2024,3,1,22,2162,79
member,electric_bike,2024,4,2,19,665,1452
member,electric_scooter,2024,9,4,18,531,925
casual,classic_bike,2024,9,6,17,1403,1486
casual,classic_bike,2024,10,3,17,1167,1312
member,classic_bike,2024,2,5,6,610,740
member,classic_bike,2024,3,2,6,561,561
casual,electric_bike,2024,7,1,14,1144,1822
member,classic_bike,2024,7,4,17,924,5242
member,classic_bike,2024,8,1,17,995,1863
member,classic_bike,2024,9,7,2,718,121
casual,electric_bike,2024,3,3,14,879,312
casual,electric_bike,2024,4,1,1,737,248
casual,classic_bike,2024,10,1,12,2024,1785
casual,electric_bike,2024,11,2,15,618,439
casual,electric_bike,2024,10,7,6,697,131
member,electric_bike,2024,12,6,3,509,26
member,classic_bike,2024,3,6,8,651,988
casual,classic_bike,2024,12,3,15,1129,138
casual,classic_bike,2024,3,6,5,466,38
member,classic_bike,2024,5,6,0,794,198
member,electric_bike,2024,7,6,20,834,1425
member,electric_bike,2024,2,1,3,583,27
member,electric_bike,2024,4,5,20,582,718
casual,classic_bike,2024,6,6,18,1671,1781
casual,classic_bike,2024,6,7,5,1303,103
member,electric_bike,2024,6,7,17,816,1978
member,classic_bike,2024,11,3,22,616,302
member,classic_bike,2024,11,7,1,676,182
member,classic_bike,2024,1,5,23,971,87
casual,classic_bike,2024,5,7,14,2149,2618
member,electric_bike,2024,9,5,3,1087,51
casual,electric_bike,2024,3,1,23,731,104
casual,classic_bike,2024,8,6,10,2281,1034
casual,electric_bike,2024,1,1,18,623,61
casual,electric_bike,2024,3,4,1,476,41
casual,classic_bike,2024,4,2,10,2371,379
casual,electric_bike,2024,9,6,12,1064,1116
casual,classic_bike,2024,9,4,12,2087,658
casual,classic_bike,2024,1,4,7,516,97
casual,electric_bike,2024,7,2,1,889,185
casual,electric_bike,2024,8,2,9,764,487
casual,electric_bike,2024,10,2,0,577,167
casual,electric_bike,2024,11,4,6,449,181
member,classic_bike,2024,12,6,5,712,69
casual,classic_bike,2024,9,7,4,2334,43
casual,classic_bike,2024,11,1,4,2298,33
casual,electric_bike,2024,7,6,20,1049,1293
member,electric_bike,2024,9,7,0,660,617
member,electric_bike,2024,11,6,11,588,1038
casual,classic_bike,2024,12,5,6,569,34
member,electric_bike,2024,2,6,15,648,618
member,classic_bike,2024,4,5,22,657,288
member,classic_bike,2024,5,1,11,926,1233
member,electric_scooter,2024,9,2,13,468,419
member,electric_bike,2024,1,2,6,575,329
member,classic_bike,2024,1,7,20,612,130
casual,electric_bike,2024,2,4,9,467,103
member,electric_bike,2024,3,6,7,530,694
casual,electric_bike,2024,3,1,9,914,261
member,electric_bike,2024,4,3,6,528,1100
casual,classic_bike,2024,4,5,2,681,15
casual,classic_bike,2024,5,2,2,2764,78
member,classic_bike,2024,6,1,3,713,84
casual,classic_bike,2024,7,4,21,1617,1357
casual,classic_bike,2024,8,1,21,1763,659
member,classic_bike,2024,7,6,22,880,735
member,classic_bike,2024,8,3,22,771,476
casual,electric_bike,2024,7,2,18,927,1734
casual,electric_bike,2024,8,4,0,685,198
casual,classic_bike,2024,3,3,13,1682,281
casual,electric_bike,2024,9,4,21,790,749
casual,electric_bike,2024,9,2,10,1138,740
casual,classic_bike,2024,12,4,19,1125,41
casual,electric_bike,2024,12,1,6,450,39
casual,classic_bike,2024,5,1,21,1677,416
member,electric_bike,2024,7,5,19,765,1874
member,electric_bike,2024,12,7,7,845,193
casual,electric_bike,2024,1,1,1,451,26
casual,electric_bike,2024,2,2,12,901,164
member,classic_bike,2024,3,7,12,919,1501
casual,electric_bike,2024,5,5,4,527,43
member,classic_bike,2024,7,1,16,890,1643
casual,electric_scooter,2024,9,3,20,738,443
member,classic_bike,2024,9,3,23,746,230
member,classic_bike,2024,10,4,8,661,3154
casual,electric_bike,2024,11,3,19,583,276
member,electric_bike,2024,5,6,15,730,2440
member,classic_bike,2024,5,7,4,755,39
member,electric_bike,2024,6,3,15,676,1742
member,classic_bike,2024,6,4,4,830,38
member,classic_bike,2024,8,5,13,745,1373
member,electric_bike,2024,8,5,11,686,1326
member,classic_bike,2024,8,6,0,667,201
member,electric_bike,2024,9,2,11,705,1501
member,classic_bike,2024,9,3,0,731,90
member,electric_bike,2024,11,7,15,652,1322
member,classic_bike,2024,2,7,20,602,247
member,electric_bike,2024,4,3,23,544,329
member,electric_bike,2024,10,3,18,664,2904
member,electric_bike,2024,10,1,7,725,530
casual,classic_bike,2024,2,5,3,2754,10
member,classic_bike,2024,6,6,15,839,1774
member,classic_bike,2024,4,6,23,752,224
casual,electric_scooter,2024,9,1,9,776,444
casual,electric_bike,2024,3,3,20,664,184
casual,electric_bike,2024,6,5,19,907,1373
casual,electric_bike,2024,9,1,0,836,1021
casual,electric_bike,2024,10,5,15,850,1273
member,electric_bike,2024,1,4,17,638,1317
casual,classic_bike,2024,2,6,13,1495,293
casual,electric_bike,2024,5,4,17,933,2056
casual,electric_bike,2024,8,5,10,1005,631
casual,classic_bike,2024,11,7,20,1279,281
member,classic_bike,2024,11,4,0,686,87
casual,classic_bike,2024,4,4,21,1332,135
member,electric_bike,2024,12,1,20,614,331
member,classic_bike,2024,1,5,6,706,457
member,classic_bike,2024,8,7,1,774,306
casual,classic_bike,2024,8,1,4,1081,84
casual,classic_bike,2024,9,2,15,1834,1524
casual,electric_bike,2024,10,6,19,714,936
member,classic_bike,2024,11,1,8,703,557
casual,classic_bike,2024,2,7,14,1561,288
casual,classic_bike,2024,3,4,14,1813,300
casual,classic_bike,2024,5,4,13,1757,773
casual,classic_bike,2024,6,1,12,2051,2882
member,classic_bike,2024,12,5,4,792,13
member,classic_bike,2024,1,2,14,647,554
member,classic_bike,2024,6,7,19,1013,1294
member,classic_bike,2024,7,7,9,925,1438
casual,classic_bike,2024,1,7,22,529,23
casual,electric_bike,2024,4,3,12,824,488
casual,electric_bike,2024,8,1,8,963,485
casual,electric_scooter,2024,9,2,10,761,448
casual,electric_bike,2024,11,5,7,509,288
member,classic_bike,2024,12,2,9,699,606
casual,electric_bike,2024,12,2,7,443,180
casual,classic_bike,2024,6,5,17,1361,1889
casual,classic_bike,2024,6,2,22,1716,320
casual,classic_bike,2024,2,2,11,1824,188
casual,electric_bike,2024,2,6,20,680,68
casual,classic_bike,2024,5,5,3,3462,12
casual,electric_bike,2024,8,3,19,787,1002
casual,classic_bike,2024,12,1,4,4076,13
casual,electric_bike,2024,12,4,21,475,58
member,electric_bike,2024,5,2,10,706,754
casual,electric_bike,2024,5,1,22,897,337
member,classic_bike,2024,10,7,0,851,294
casual,classic_bike,2024,10,3,23,1645,130
member,classic_bike,2024,12,7,15,741,552
member,classic_bike,2024,6,5,5,720,364
casual,classic_bike,2024,7,4,4,2116,24
member,classic_bike,2024,9,4,1,694,37
casual,classic_bike,2024,10,3,0,1052,92
member,electric_bike,2024,1,3,16,640,787
member,classic_bike,2024,2,1,4,748,19
member,electric_bike,2024,12,4,15,583,803
member,classic_bike,2024,3,4,20,650,618
member,classic_bike,2024,4,1,20,861,525
member,electric_scooter,2024,9,6,15,526,531
casual,electric_scooter,2024,9,6,12,696,652
member,classic_bike,2024,2,3,15,747,1307
casual,classic_bike,2024,3,2,3,1239,8
member,classic_bike,2024,5,3,22,917,399
member,electric_bike,2024,6,6,7,684,1369
casual,electric_bike,2024,7,6,3,629,90
member,classic_bike,2024,8,2,18,816,2790
member,electric_bike,2024,10,7,23,720,645
member,electric_bike,2024,11,4,23,533,193
casual,classic_bike,2024,4,1,6,1962,28
casual,electric_bike,2024,9,5,2,594,92
member,electric_bike,2024,10,7,0,597,623
member,electric_bike,2024,11,4,0,446,135
casual,classic_bike,2024,11,5,6,2155,73
casual,classic_bike,2024,1,5,11,1324,81
casual,classic_bike,2024,6,2,2,3222,35
casual,electric_bike,2024,11,7,21,716,289
member,electric_bike,2024,4,7,8,616,579
member,electric_bike,2024,7,1,17,864,1299
casual,electric_bike,2024,9,7,16,1108,1829
member,electric_bike,2024,1,1,2,554,30
member,classic_bike,2024,3,5,21,635,390
member,classic_bike,2024,4,4,12,788,738
casual,classic_bike,2024,5,3,12,1746,600
member,classic_bike,2024,7,2,6,624,1191
member,classic_bike,2024,8,6,23,821,538
casual,classic_bike,2024,9,6,0,1792,187
member,electric_bike,2024,10,5,9,652,1678
member,electric_bike,2024,11,2,9,598,1015
casual,classic_bike,2024,1,1,6,401,6
member,electric_bike,2024,2,2,7,608,508
member,classic_bike,2024,5,5,13,792,1512
member,classic_bike,2024,6,2,13,712,976
member,classic_bike,2024,9,6,15,758,1689
casual,electric_bike,2024,5,1,2,909,263
casual,electric_bike,2024,8,6,11,1209,1440
casual,electric_bike,2024,9,3,11,903,458
casual,electric_bike,2024,10,3,4,469,59
member,electric_bike,2024,11,5,1,563,49
member,electric_bike,2024,12,2,1,454,55
member,electric_bike,2024,7,4,9,652,1575
member,electric_bike,2024,8,1,9,790,1174
member,electric_bike,2024,6,3,12,636,1211
member,classic_bike,2024,6,4,1,504,45
member,electric_bike,2024,9,2,8,647,2354
casual,electric_bike,2024,9,6,6,526,314
casual,electric_bike,2024,12,5,2,578,12
member,classic_bike,2024,7,1,19,975,1257
casual,electric_bike,2024,8,2,15,1047,1151
member,classic_bike,2024,9,3,20,823,1114
member,classic_bike,2024,10,4,11,682,1323
casual,electric_bike,2024,11,1,11,924,721
member,classic_bike,2024,12,6,11,636,381
member,electric_bike,2024,7,5,16,794,2680
member,classic_bike,2024,7,6,5,768,310
member,classic_bike,2024,2,7,17,808,662
member,electric_bike,2024,10,3,21,589,1015
member,classic_bike,2024,12,1,2,1234,33
casual,classic_bike,2024,1,5,8,726,93
member,electric_scooter,2024,9,2,7,496,516
member,classic_bike,2024,9,7,19,870,1194
casual,classic_bike,2024,2,5,23,1272,79
casual,classic_bike,2024,3,2,23,719,33
casual,electric_bike,2024,6,2,1,805,178
casual,electric_bike,2024,8,4,20,859,1042
casual,electric_bike,2024,9,1,20,863,722
member,electric_bike,2024,11,3,13,527,998
casual,classic_bike,2024,12,3,21,1085,43
casual,electric_bike,2024,3,4,18,605,417
casual,electric_bike,2024,4,1,18,1154,803
casual,classic_bike,2024,5,3,6,912,148
casual,classic_bike,2024,7,3,20,1362,907
casual,electric_bike,2024,9,2,7,618,655
casual,classic_bike,2024,10,2,16,1464,899
member,electric_bike,2024,12,1,0,570,201
casual,electric_bike,2024,12,1,3,610,49
member,electric_bike,2024,5,6,12,680,1708
member,classic_bike,2024,6,3,14,794,1117
member,classic_bike,2024,11,1,11,737,1211
casual,classic_bike,2024,11,2,8,782,244
casual,electric_bike,2024,12,6,12,608,131
casual,electric_bike,2024,4,3,15,881,739
member,electric_bike,2024,5,3,20,663,1003
member,classic_bike,2024,8,3,5,721,337
casual,classic_bike,2024,9,6,23,1444,523
casual,classic_bike,2024,9,2,1,963,102
member,classic_bike,2024,10,2,17,872,2921
casual,electric_bike,2024,11,5,10,559,184
member,electric_bike,2024,1,4,20,605,358
member,electric_bike,2024,8,6,15,746,2981
member,classic_bike,2024,8,1,11,954,1680
casual,electric_scooter,2024,9,6,15,781,873
casual,classic_bike,2024,11,7,17,1724,505
member,classic_bike,2024,11,4,3,1204,15
casual,classic_bike,2024,3,4,20,950,112
member,electric_bike,2024,4,5,14,573,910
casual,classic_bike,2024,4,7,13,2050,1355
casual,classic_bike,2024,8,5,6,1080,260
member,electric_bike,2024,9,7,17,809,1923
casual,classic_bike,2024,10,6,15,1763,1389
casual,classic_bike,2024,11,3,15,1887,242
member,classic_bike,2024,1,5,9,559,607
casual,electric_bike,2024,5,7,18,1133,1491
casual,electric_bike,2024,6,4,18,961,2205
casual,classic_bike,2024,6,5,14,1864,945
member,electric_bike,2024,6,5,6,667,1084
member,electric_bike,2024,7,3,22,743,814
member,electric_bike,2024,7,2,1,826,108
member,classic_bike,2024,8,7,4,640,69
casual,electric_bike,2024,8,7,1,855,769
casual,electric_bike,2024,9,4,1,740,95
casual,classic_bike,2024,11,6,7,714,159
casual,classic_bike,2024,5,5,23,1713,214
casual,electric_bike,2024,6,7,10,1123,1473
member,classic_bike,2024,6,7,16,956,1709
casual,electric_bike,2024,7,4,9,756,621
casual,classic_bike,2024,7,1,3,2690,129
member,electric_bike,2024,12,5,22,815,234
member,classic_bike,2024,1,3,15,812,686
member,classic_bike,2024,4,6,6,625,476
member,classic_bike,2024,11,2,9,626,895
casual,electric_bike,2024,7,3,22,776,546
casual,classic_bike,2024,7,6,12,2096,1672
casual,classic_bike,2024,1,2,16,1527,154
member,electric_bike,2024,3,5,23,572,299
casual,electric_bike,2024,3,6,15,767,454
casual,electric_bike,2024,3,1,3,465,62
casual,classic_bike,2024,4,5,8,929,181
member,classic_bike,2024,6,1,9,948,1392
casual,electric_bike,2024,9,3,14,1115,671
member,classic_bike,2024,10,3,4,1050,55
member,electric_bike,2024,3,5,0,410,97
member,classic_bike,2024,4,1,17,1013,1232
member,electric_bike,2024,6,4,19,790,2173
member,classic_bike,2024,10,7,3,646,51
casual,electric_bike,2024,11,7,4,512,67
casual,electric_bike,2024,1,2,2,739,77
casual,classic_bike,2024,2,2,8,2109,150
casual,electric_bike,2024,5,4,3,542,33
casual,electric_bike,2024,8,3,22,754,537
casual,electric_bike,2024,9,5,22,792,744
casual,classic_bike,2024,12,6,13,1247,88
casual,electric_bike,2024,12,4,18,548,165
casual,electric_bike,2024,4,1,21,894,273
member,electric_bike,2024,10,6,13,601,1799
member,electric_bike,2024,1,1,5,417,17
casual,electric_bike,2024,8,5,7,607,702
member,electric_bike,2024,1,3,13,718,347
member,electric_bike,2024,4,6,4,445,45
member,classic_bike,2024,5,7,1,752,169
member,electric_bike,2024,11,2,6,613,727
member,electric_bike,2024,2,5,8,612,1127
casual,electric_bike,2024,6,6,23,889,788
member,classic_bike,2024,8,6,20,821,1236
casual,classic_bike,2024,8,3,12,1805,746
casual,classic_bike,2024,11,5,9,1130,184
casual,classic_bike,2024,12,2,14,1511,201
casual,electric_bike,2024,2,4,3,422,5
member,classic_bike,2024,5,4,9,741,1562
casual,classic_bike,2024,5,2,8,1351,402
casual,electric_bike,2024,8,6,14,1098,2023
casual,classic_bike,2024,11,5,23,747,58
member,classic_bike,2024,3,4,17,774,2142
member,electric_bike,2024,5,7,19,745,1156
casual,electric_bike,2024,12,4,4,390,15
casual,electric_bike,2024,2,1,11,972,139
member,classic_bike,2024,4,5,16,741,1610
casual,classic_bike,2024,5,5,0,993,112
casual,classic_bike,2024,7,7,19,1696,1784
casual,classic_bike,2024,8,4,19,1487,1358
casual,classic_bike,2024,10,7,2,1495,141
casual,classic_bike,2024,11,4,2,1749,14
member,classic_bike,2024,6,5,8,746,2181
member,electric_bike,2024,8,7,2,616,334
member,electric_bike,2024,9,4,2,624,47
casual,classic_bike,2024,8,7,11,2062,2815
member,electric_bike,2024,10,2,14,627,1346
member,classic_bike,2024,5,5,16,820,2535
member,classic_bike,2024,9,6,12,685,1394
member,classic_bike,2024,1,4,19,686,780
member,electric_bike,2024,3,2,8,569,1239
casual,electric_bike,2024,3,2,10,642,153
member,classic_bike,2024,4,7,10,962,1163
casual,electric_bike,2024,6,5,2,816,139
casual,classic_bike,2024,12,2,8,714,114
member,classic_bike,2024,2,3,21,591,405
member,electric_bike,2024,6,6,13,694,1529
member,classic_bike,2024,7,5,15,983,1532
member,electric_bike,2024,9,5,9,636,1460
member,electric_bike,2024,10,7,17,766,1788
casual,classic_bike,2024,2,3,15,1386,381
casual,electric_bike,2024,3,7,19,826,415
member,classic_bike,2024,3,5,7,650,867
member,electric_bike,2024,4,6,21,532,614
casual,classic_bike,2024,5,6,7,1379,324
member,classic_bike,2024,2,1,10,680,680
casual,classic_bike,2024,3,5,1,1083,18
casual,classic_bike,2024,5,4,19,1508,1202
casual,electric_bike,2024,6,1,3,863,237
member,electric_bike,2024,6,4,2,551,45
casual,electric_bike,2024,11,7,18,693,550
member,classic_bike,2024,1,2,8,663,916
casual,classic_bike,2024,1,3,23,2705,31
member,electric_bike,2024,2,7,19,594,215
member,electric_bike,2024,3,4,19,523,861
casual,electric_bike,2024,10,3,21,670,492
member,classic_bike,2024,10,3,21,726,829
casual,electric_bike,2024,6,3,14,1055,865
casual,electric_bike,2024,1,5,17,590,263
casual,electric_bike,2024,2,2,18,792,203
member,classic_bike,2024,3,7,18,733,838
member,electric_bike,2024,4,4,10,602,647
casual,electric_scooter,2024,9,3,14,687,487
member,classic_bike,2024,3,3,13,660,733
casual,electric_bike,2024,4,6,7,558,234
casual,classic_bike,2024,6,6,21,1513,686
casual,electric_bike,2024,7,3,5,636,160
casual,electric_bike,2024,2,5,10,535,109
casual,electric_bike,2024,4,7,11,1161,986
member,electric_bike,2024,5,2,16,714,1853
member,electric_scooter,2024,9,3,14,499,267
casual,electric_bike,2024,1,5,0,698,23
member,electric_bike,2024,2,4,4,738,33
casual,classic_bike,2024,3,1,19,1460,207
casual,classic_bike,2024,6,4,10,2375,610
casual,electric_bike,2024,7,5,16,1070,1787
member,classic_bike,2024,11,5,7,869,1053
member,electric_bike,2024,11,4,17,631,1959
casual,classic_bike,2024,1,6,15,1176,94
member,classic_bike,2024,4,2,7,696,1337
casual,electric_bike,2024,4,4,19,726,440
member,classic_bike,2024,5,3,5,911,293
casual,classic_bike,2024,2,7,20,853,79
member,electric_scooter,2024,9,7,19,542,448
casual,electric_scooter,2024,9,5,8,527,688
casual,classic_bike,2024,9,3,22,1362,383
member,electric_bike,2024,1,7,12,639,344
member,classic_bike,2024,10,1,10,912,1380
member,classic_bike,2024,1,1,4,643,6
casual,electric_bike,2024,2,3,22,451,56
casual,classic_bike,2024,3,7,12,1832,997
casual,electric_bike,2024,8,1,11,1187,1657
casual,electric_bike,2024,10,2,17,796,1173
member,electric_bike,2024,1,1,19,571,182
casual,electric_bike,2024,6,1,20,948,1177
member,electric_bike,2024,6,2,8,664,1967
casual,classic_bike,2024,12,7,17,938,110
member,classic_bike,2024,2,6,13,687,922
casual,electric_bike,2024,6,6,6,562,320
member,classic_bike,2024,6,3,20,942,1398
casual,classic_bike,2024,7,2,16,1596,1537
member,classic_bike,2024,9,2,16,800,3067
member,electric_bike,2024,7,1,11,812,1420
member,electric_bike,2024,10,4,2,545,67
casual,classic_bike,2024,10,5,8,914,555
member,electric_bike,2024,2,3,14,750,650
casual,classic_bike,2024,3,2,9,1601,166
casual,classic_bike,2024,5,7,11,2349,2129
member,electric_bike,2024,12,1,17,755,610
member,electric_bike,2024,12,2,7,524,1009
member,classic_bike,2024,7,4,11,747,1362
casual,classic_bike,2024,4,7,19,1642,774
member,electric_bike,2024,5,7,2,720,174
member,electric_bike,2024,4,1,18,691,1031
casual,classic_bike,2024,7,7,2,1424,198
member,electric_bike,2024,9,6,13,650,1727
casual,classic_bike,2024,10,7,19,1398,723
member,classic_bike,2024,2,4,2,590,23
member,classic_bike,2024,3,1,2,802,50
member,classic_bike,2024,3,6,5,625,156
member,classic_bike,2024,4,3,5,602,265
casual,electric_bike,2024,5,6,14,998,1225
casual,electric_bike,2024,12,7,19,625,166
member,electric_bike,2024,3,7,11,719,1196
member,classic_bike,2024,4,4,18,873,1451
member,classic_bike,2024,7,2,0,821,136
casual,classic_bike,2024,9,5,16,1569,1262
casual,electric_bike,2024,10,7,3,650,128
casual,electric_bike,2024,11,4,3,424,32
casual,electric_bike,2024,1,7,11,577,62
member,classic_bike,2024,5,6,20,885,1367
member,electric_bike,2024,8,5,8,658,2541
casual,classic_bike,2024,12,1,10,1255,144
casual,classic_bike,2024,4,3,14,1819,470
casual,electric_bike,2024,10,4,11,798,632
member,electric_bike,2024,11,1,2,558,159
casual,electric_bike,2024,1,4,19,491,107
casual,classic_bike,2024,2,5,9,1212,194
member,electric_bike,2024,8,2,16,725,2665
casual,electric_scooter,2024,9,7,19,776,812
casual,classic_bike,2024,9,1,11,2046,1836
member,electric_bike,2024,11,5,7,588,1255
casual,classic_bike,2024,12,4,2,1155,13
casual,electric_bike,2024,1,3,6,402,49
member,classic_bike,2024,5,2,15,901,1220
casual,electric_bike,2024,5,2,9,951,409
casual,electric_bike,2024,8,7,18,1128,2148
casual,electric_bike,2024,2,7,4,622,4
casual,electric_bike,2024,3,4,4,494,18
casual,electric_bike,2024,4,1,4,749,46
member,classic_bike,2024,11,7,18,790,805
member,classic_bike,2024,12,4,17,680,825
casual,classic_bike,2024,1,1,12,1062,87
member,electric_bike,2024,1,5,1,297,22
member,electric_scooter,2024,9,5,8,515,937
member,electric_bike,2024,1,2,9,625,383
casual,classic_bike,2024,1,4,4,541,7
casual,classic_bike,2024,2,1,4,527,13
casual,electric_bike,2024,2,1,20,686,84
member,classic_bike,2024,5,7,7,862,512
member,electric_bike,2024,6,4,5,698,324
member,classic_bike,2024,8,6,3,1448,31
member,electric_bike,2024,9,3,1,700,91
casual,classic_bike,2024,12,6,4,393,9
casual,classic_bike,2024,4,3,8,885,327
casual,electric_bike,2024,6,6,17,972,1983
casual,electric_bike,2024,10,4,17,783,1795
member,electric_bike,2024,5,5,0,609,200
member,electric_bike,2024,7,6,9,678,1112
member,electric_bike,2024,10,2,5,547,222
member,classic_bike,2024,6,5,17,883,3720
casual,electric_bike,2024,7,4,3,721,59
casual,electric_bike,2024,8,3,8,650,696
casual,electric_bike,2024,9,2,13,1264,1325
member,classic_bike,2024,9,4,13,673,1275
member,classic_bike,2024,10,3,18,729,2855
member,classic_bike,2024,11,2,23,558,108
casual,electric_bike,2024,11,2,4,402,23
casual,electric_bike,2024,12,1,9,768,134
casual,classic_bike,2024,1,6,1,595,9
member,electric_scooter,2024,9,1,14,555,403
member,classic_bike,2024,2,2,2,423,12
casual,classic_bike,2024,3,4,3,845,4
member,classic_bike,2024,4,6,20,722,627
casual,electric_bike,2024,9,3,0,910,193
casual,electric_scooter,2024,9,1,12,919,880
member,classic_bike,2024,1,1,16,716,400
member,classic_bike,2024,5,5,2,684,36
member,classic_bike,2024,7,6,11,837,1301
casual,electric_scooter,2024,9,2,22,830,413
casual,electric_bike,2024,9,3,23,754,272
casual,electric_bike,2024,12,2,19,562,203
casual,classic_bike,2024,1,7,11,1041,95
casual,classic_bike,2024,2,6,16,1056,407
casual,classic_bike,2024,2,4,11,1191,154
casual,classic_bike,2024,3,3,16,1652,469
casual,classic_bike,2024,4,2,21,2170,226
member,electric_bike,2024,11,2,20,543,617
member,classic_bike,2024,1,3,21,558,347
casual,classic_bike,2024,6,1,9,2158,1168
member,electric_bike,2024,8,6,1,720,272
member,classic_bike,2024,9,3,3,3106,14
member,classic_bike,2024,6,6,4,962,40
casual,electric_bike,2024,8,2,21,764,677
casual,classic_bike,2024,12,7,14,1401,217
member,electric_bike,2024,8,3,9,701,1161
member,electric_bike,2024,10,1,18,691,1374
casual,classic_bike,2024,5,3,0,1409,76
casual,electric_bike,2024,6,7,4,716,117
casual,electric_bike,2024,8,5,13,992,1151
member,classic_bike,2024,8,7,13,927,2305
casual,classic_bike,2024,9,1,0,1436,862
casual,electric_bike,2024,10,5,4,434,54
member,classic_bike,2024,10,5,23,960,379
member,electric_bike,2024,4,5,8,610,1746
casual,classic_bike,2024,7,2,19,1455,1501
casual,classic_bike,2024,8,5,12,1997,954
member,electric_bike,2024,2,7,7,549,110
casual,electric_bike,2024,5,7,12,1250,1672
member,electric_bike,2024,3,5,17,625,1933
casual,electric_bike,2024,5,6,2,703,95
casual,electric_bike,2024,6,3,2,688,79
member,electric_bike,2024,2,1,14,783,479
casual,electric_bike,2024,4,7,20,911,484
casual,classic_bike,2024,11,7,23,1915,135
member,classic_bike,2024,1,4,8,800,1444
member,electric_bike,2024,1,3,19,527,365
casual,classic_bike,2024,4,6,23,1685,141
casual,classic_bike,2024,5,4,10,2326,541
casual,electric_bike,2024,10,1,2,699,369
casual,electric_bike,2024,3,2,22,750,91
member,classic_bike,2024,9,7,5,1512,98
casual,electric_bike,2024,1,5,9,515,114
member,classic_bike,2024,3,5,18,750,1289
casual,classic_bike,2024,3,7,18,1557,464
casual,electric_bike,2024,4,4,5,450,60
member,electric_bike,2024,6,1,13,836,2372
casual,classic_bike,2024,10,4,16,1335,1075
casual,electric_bike,2024,5,1,19,1038,829
member,electric_bike,2024,3,2,16,725,1572
member,classic_bike,2024,3,3,4,1142,36
member,classic_bike,2024,4,5,10,769,553
casual,electric_bike,2024,12,5,11,561,108
casual,classic_bike,2024,2,7,3,622,10
casual,electric_bike,2024,8,6,0,702,482
member,electric_bike,2024,10,6,7,606,1333
member,electric_bike,2024,11,3,7,575,1566
member,classic_bike,2024,2,3,12,719,909
member,classic_bike,2024,5,4,15,818,2085
member,classic_bike,2024,6,1,15,1033,2385
member,classic_bike,2024,6,2,2,721,13
member,classic_bike,2024,10,1,21,843,362
casual,electric_bike,2024,11,5,19,544,237
casual,classic_bike,2024,3,1,11,1876,599
casual,classic_bike,2024,5,6,1,1331,88
member,electric_bike,2024,9,6,16,734,2966
member,electric_bike,2024,10,5,20,626,1415
member,electric_bike,2024,5,7,5,732,93
casual,classic_bike,2024,5,3,23,2358,110
member,classic_bike,2024,6,4,7,757,1722
casual,electric_bike,2024,2,5,22,784,114
casual,electric_bike,2024,7,3,16,894,1692
casual,electric_bike,2024,1,4,22,517,58
member,electric_bike,2024,2,3,11,689,442
casual,electric_bike,2024,3,7,5,407,20
member,classic_bike,2024,4,2,18,921,2449
member,electric_bike,2024,5,4,13,665,1571
casual,classic_bike,2024,9,7,16,1708,1872
member,electric_bike,2024,1,5,10,719,335
casual,electric_bike,2024,4,2,14,1031,779
casual,classic_bike,2024,11,2,17,1035,371
member,electric_bike,2024,3,7,22,611,430
member,electric_bike,2024,4,4,21,544,577
casual,classic_bike,2024,7,3,6,956,316
casual,classic_bike,2024,10,7,8,1571,597
casual,classic_bike,2024,11,4,8,813,263
member,classic_bike,2024,7,2,9,780,1311
member,classic_bike,2024,10,6,10,636,954
member,classic_bike,2024,11,3,10,548,695
casual,electric_bike,2024,12,7,2,653,61
casual,classic_bike,2024,1,2,22,830,33
casual,classic_bike,2024,5,6,15,1925,1468
casual,classic_bike,2024,6,3,14,2004,766
casual,classic_bike,2024,11,7,0,2115,181
casual,electric_bike,2024,9,7,19,936,1200
casual,electric_bike,2024,11,7,10,784,557
member,classic_bike,2024,12,3,1,572,16
casual,electric_bike,2024,2,5,16,632,387
member,electric_bike,2024,5,2,22,649,454
casual,classic_bike,2024,5,5,14,2089,764
member,classic_bike,2024,7,4,20,909,2169
casual,electric_bike,2024,11,6,23,615,307
casual,electric_bike,2024,8,7,4,820,157
casual,electric_bike,2024,11,6,0,477,145
member,classic_bike,2024,12,7,3,565,15
casual,classic_bike,2024,1,4,10,2402,70
casual,classic_bike,2024,3,6,17,1321,383
member,classic_bike,2024,5,1,0,942,326
member,electric_bike,2024,7,1,20,777,992
member,classic_bike,2024,5,1,23,820,197
casual,electric_bike,2024,5,2,23,826,178
member,electric_bike,2024,1,2,18,587,645
casual,electric_bike,2024,1,4,5,482,29
casual,electric_bike,2024,3,6,1,500,43
casual,electric_bike,2024,4,3,1,842,65
casual,electric_bike,2024,5,2,0,928,199
casual,classic_bike,2024,7,3,23,1707,294
casual,classic_bike,2024,8,4,8,1082,585
casual,classic_bike,2024,9,5,19,1354,977
casual,classic_bike,2024,10,2,19,1023,418
casual,classic_bike,2024,11,3,4,471,11
member,electric_bike,2024,2,3,5,528,143
member,classic_bike,2024,11,5,1,599,48
member,electric_bike,2024,1,7,21,504,110
casual,classic_bike,2024,6,5,5,1053,94
casual,classic_bike,2024,6,3,0,1676,113
casual,electric_bike,2024,10,2,3,484,38
member,electric_bike,2024,1,4,6,529,516
casual,classic_bike,2024,4,1,17,2152,1029
casual,classic_bike,2024,4,7,10,2244,864
member,classic_bike,2024,5,2,1,996,63
member,classic_bike,2024,9,2,22,809,478
member,electric_bike,2024,10,4,19,599,1976
member,classic_bike,2024,10,5,9,696,1615
casual,classic_bike,2024,6,2,13,2065,723
member,classic_bike,2024,6,3,3,538,10
member,classic_bike,2024,8,1,20,877,1050
casual,electric_bike,2024,12,3,23,603,118
casual,classic_bike,2024,12,2,2,3890,11
member,classic_bike,2024,6,7,8,881,1281
casual,electric_bike,2024,8,1,17,1127,1669
casual,electric_bike,2024,9,4,4,448,60
member,electric_bike,2024,4,4,4,550,50
member,electric_bike,2024,6,2,14,693,1195
member,electric_scooter,2024,9,7,13,564,468
casual,electric_bike,2024,9,1,9,1103,881
casual,classic_bike,2024,9,5,2,1237,27
casual,classic_bike,2024,10,2,2,745,13
member,classic_bike,2024,3,6,19,806,653
member,classic_bike,2024,4,3,19,969,1463
member,electric_bike,2024,7,2,7,692,1894
member,classic_bike,2024,10,1,4,1043,41
casual,classic_bike,2024,5,7,2,1926,149
member,electric_bike,2024,6,6,19,761,1704
casual,classic_bike,2024,6,4,1,1044,71
member,electric_bike,2024,10,7,11,741,1757
member,electric_bike,2024,11,4,11,573,876
member,electric_bike,2024,12,1,11,669,676
member,classic_bike,2024,5,3,11,792,956
casual,electric_bike,2024,9,5,14,946,877
casual,classic_bike,2024,6,6,15,1702,1276
casual,electric_bike,2024,8,4,12,969,875
member,classic_bike,2024,8,5,22,1016,808
member,electric_bike,2024,11,1,19,563,649
casual,electric_bike,2024,11,3,8,489,483
member,classic_bike,2024,5,6,3,398,26
casual,classic_bike,2024,12,7,8,935,54
casual,classic_bike,2024,1,3,9,752,60
casual,electric_bike,2024,5,5,15,960,891
member,classic_bike,2024,7,1,5,981,74
member,electric_bike,2024,3,7,5,648,47
casual,classic_bike,2024,4,6,0,1096,46
member,electric_bike,2024,6,5,9,659,1388
member,electric_bike,2024,9,4,5,571,371
member,electric_scooter,2024,9,3,11,441,312
casual,electric_scooter,2024,9,7,5,804,59
member,classic_bike,2024,12,6,2,4584,17
casual,classic_bike,2024,2,3,1,271,3
member,classic_bike,2024,3,2,17,856,2461
casual,electric_bike,2024,4,6,16,851,680
member,classic_bike,2024,7,3,19,873,2342
casual,electric_scooter,2024,9,5,14,694,631
casual,electric_bike,2024,9,6,15,976,1600
member,classic_bike,2024,11,2,6,666,502
casual,classic_bike,2024,1,1,18,927,53
member,electric_bike,2024,5,5,17,788,3428
casual,electric_bike,2024,5,7,6,803,117
member,electric_bike,2024,7,7,13,874,2034
casual,classic_bike,2024,7,7,8,1962,814
member,electric_bike,2024,8,4,13,657,1342
casual,classic_bike,2024,10,6,4,1391,20
member,electric_bike,2024,12,5,13,602,473
casual,electric_bike,2024,6,7,21,1005,1147
casual,electric_bike,2024,7,4,20,958,1512
casual,electric_bike,2024,8,6,23,799,961
member,classic_bike,2024,8,3,11,689,1037
casual,classic_bike,2024,11,6,19,959,358
member,electric_bike,2024,6,7,20,797,1267
casual,classic_bike,2024,8,7,0,1560,657
casual,electric_bike,2024,2,1,14,862,254
member,electric_bike,2024,5,1,12,862,1188
casual,electric_bike,2024,10,6,8,660,583
casual,classic_bike,2024,12,5,17,1273,161
casual,electric_bike,2024,11,1,17,658,404
casual,electric_bike,2024,6,2,15,976,1052
member,classic_bike,2024,6,6,18,872,2102
casual,electric_bike,2024,12,3,0,626,63
casual,classic_bike,2024,2,1,10,1482,210
casual,classic_bike,2024,6,7,16,1902,2214
casual,electric_bike,2024,11,4,9,497,287
casual,classic_bike,2024,3,5,7,608,86
member,electric_bike,2024,11,6,22,588,559
member,classic_bike,2024,11,7,12,767,1330
member,classic_bike,2024,12,4,11,561,415
member,electric_bike,2024,12,3,22,535,301
member,classic_bike,2024,2,7,8,1020,368
member,classic_bike,2024,3,4,8,689,1574
member,classic_bike,2024,4,1,8,848,496
casual,classic_bike,2024,2,5,15,1120,362
casual,classic_bike,2024,3,2,15,1624,429
member,electric_bike,2024,7,5,22,716,970
member,electric_bike,2024,8,2,22,746,649
casual,electric_scooter,2024,9,3,0,532,1
member,classic_bike,2024,2,4,16,696,1865
member,classic_bike,2024,3,1,16,866,1186
member,electric_bike,2024,5,3,3,744,48
member,classic_bike,2024,8,5,2,619,39
member,classic_bike,2024,9,2,2,665,55
member,classic_bike,2024,1,3,4,602,32
casual,electric_bike,2024,3,7,22,913,250
casual,classic_bike,2024,4,5,19,1276,217
casual,classic_bike,2024,8,1,7,2426,275
casual,electric_bike,2024,10,2,6,477,243
casual,classic_bike,2024,10,5,20,1093,442
member,electric_bike,2024,1,7,1,522,57
member,electric_bike,2024,3,5,11,655,570
member,electric_bike,2024,12,6,17,675,986
member,classic_bike,2024,12,7,6,681,61
casual,electric_bike,2024,5,4,14,972,992
member,classic_bike,2024,7,4,23,791,455
member,classic_bike,2024,12,3,7,631,862
member,electric_bike,2024,5,2,2,759,69
member,electric_bike,2024,7,3,11,659,1179
member,classic_bike,2024,7,4,0,825,112
casual,electric_bike,2024,6,4,6,595,335
casual,electric_bike,2024,7,1,5,839,111
casual,classic_bike,2024,7,2,2,1832,95
member,electric_bike,2024,9,1,13,782,1691
member,classic_bike,2024,11,5,21,609,375
member,classic_bike,2024,12,2,20,649,367
member,electric_bike,2024,12,2,18,603,1173
member,classic_bike,2024,6,7,5,929,158
member,classic_bike,2024,9,6,1,921,72
casual,classic_bike,2024,5,5,11,2185,693
casual,classic_bike,2024,6,2,10,2196,591
member,electric_bike,2024,7,4,21,777,1712
casual,classic_bike,2024,7,1,15,1866,1834
member,electric_bike,2024,8,1,21,718,896
casual,electric_bike,2024,8,3,2,741,93
casual,classic_bike,2024,9,3,11,2020,552
member,electric_bike,2024,2,5,19,603,551
member,classic_bike,2024,5,1,20,1038,778
member,classic_bike,2024,5,7,13,1108,2120
casual,electric_bike,2024,9,7,5,660,119
casual,classic_bike,2024,9,5,5,747,85
casual,electric_bike,2024,11,2,21,579,191
member,electric_bike,2024,1,3,2,493,13
member,electric_bike,2024,4,4,7,576,1499
casual,electric_bike,2024,4,4,22,661,201
casual,classic_bike,2024,5,2,19,1371,733
casual,classic_bike,2024,7,4,7,1201,475
member,electric_bike,2024,11,6,2,671,63
casual,classic_bike,2024,4,4,9,1540,163
member,electric_bike,2024,4,2,10,635,886
casual,electric_bike,2024,10,4,0,628,180
casual,electric_bike,2024,6,1,14,1234,2648
casual,classic_bike,2024,8,6,16,1695,2164
member,classic_bike,2024,8,1,23,773,256
member,classic_bike,2024,12,5,12,568,367
casual,electric_bike,2024,1,2,14,622,116
member,electric_bike,2024,3,2,22,520,191
casual,electric_bike,2024,5,3,4,939,32
member,classic_bike,2024,7,7,15,973,1962
member,classic_bike,2024,8,4,15,759,1616
casual,electric_bike,2024,9,5,11,891,639
member,classic_bike,2024,9,1,15,913,2026
casual,classic_bike,2024,3,3,2,1080,5
member,electric_bike,2024,6,6,16,788,2618
member,electric_bike,2024,12,7,4,510,38
member,electric_bike,2024,7,2,4,652,94
casual,electric_bike,2024,8,5,19,843,1727
casual,electric_bike,2024,9,2,19,772,1098
member,classic_bike,2024,10,1,7,869,405
member,classic_bike,2024,2,5,20,638,736
casual,electric_bike,2024,3,4,7,498,222
casual,classic_bike,2024,4,2,4,4556,6
member,classic_bike,2024,6,4,13,802,1355
member,classic_bike,2024,7,3,16,842,3107
casual,electric_bike,2024,9,6,18,834,1590
casual,electric_bike,2024,10,5,21,677,602
casual,classic_bike,2024,10,2,5,1080,49
member,classic_bike,2024,12,4,14,628,415
member,electric_bike,2024,3,7,8,655,586
member,electric_scooter,2024,9,5,19,534,665
casual,classic_bike,2024,9,6,3,1598,24
member,classic_bike,2024,1,6,19,586,315
member,electric_bike,2024,4,2,13,629,1356
member,classic_bike,2024,4,7,21,765,501
casual,classic_bike,2024,5,1,9,1960,697
casual,electric_bike,2024,11,1,0,537,282
casual,electric_bike,2024,12,7,22,954,157
member,electric_bike,2024,7,5,5,604,262
member,electric_bike,2024,10,3,9,588,1631
member,electric_bike,2024,5,1,15,870,1304
member,classic_bike,2024,5,2,4,636,43
casual,electric_bike,2024,7,7,21,1105,1270
member,classic_bike,2024,8,1,0,908,381
casual,classic_bike,2024,4,6,3,865,9
member,electric_bike,2024,6,7,23,717,859
member,electric_bike,2024,11,5,18,629,1107
member,classic_bike,2024,1,7,6,608,61
member,classic_bike,2024,4,3,2,1064,12
member,classic_bike,2024,7,1,8,814,541
member,classic_bike,2024,8,3,8,742,2336
casual,classic_bike,2024,8,7,23,1641,1149
casual,electric_scooter,2024,9,7,22,870,879
casual,classic_bike,2024,3,7,1,2738,60
member,electric_bike,2024,9,7,6,800,425
member,electric_bike,2024,12,5,10,551,343
casual,electric_bike,2024,2,7,7,1348,32
member,classic_bike,2024,3,2,20,658,636
casual,electric_bike,2024,4,6,19,651,524
casual,electric_bike,2024,4,1,7,750,100
casual,electric_bike,2024,5,2,20,824,452
member,classic_bike,2024,11,7,15,894,1156
casual,electric_bike,2024,12,6,1,513,44
casual,electric_bike,2024,1,7,0,603,42
casual,classic_bike,2024,10,3,3,1285,18
casual,electric_bike,2024,2,4,15,874,238
member,electric_bike,2024,4,3,0,503,132
casual,classic_bike,2024,11,7,6,601,49
member,classic_bike,2024,11,6,8,693,1284
casual,electric_bike,2024,11,1,14,952,809
casual,classic_bike,2024,1,5,20,710,55
casual,classic_bike,2024,2,2,20,1369,117
member,electric_bike,2024,1,2,12,602,402
member,classic_bike,2024,2,4,13,631,737
member,classic_bike,2024,3,1,13,923,1208
casual,electric_bike,2024,4,5,12,672,351
casual,electric_bike,2024,10,1,22,738,312
member,electric_bike,2024,1,6,17,684,574
casual,classic_bike,2024,2,5,12,1154,313
casual,classic_bike,2024,3,2,12,1754,295
member,classic_bike,2024,2,1,21,557,262
member,electric_bike,2024,2,2,4,588,32
member,electric_scooter,2024,9,1,0,396,2
member,electric_bike,2024,10,4,13,583,1707
member,classic_bike,2024,10,5,3,799,21
member,electric_bike,2024,1,4,23,663,134
casual,classic_bike,2024,2,6,19,2095,199
casual,classic_bike,2024,2,4,8,817,178
member,classic_bike,2024,3,2,3,708,17
member,classic_bike,2024,1,7,0,710,61
casual,electric_bike,2024,3,1,15,1094,626
member,electric_scooter,2024,9,4,15,525,508
member,classic_bike,2024,10,7,14,905,1799
member,classic_bike,2024,1,7,23,547,63
casual,classic_bike,2024,1,2,5,612,15
member,electric_bike,2024,3,1,15,704,1022
casual,electric_bike,2024,3,5,14,722,306
member,classic_bike,2024,4,6,17,740,1370
casual,classic_bike,2024,6,5,11,2298,831
member,electric_bike,2024,2,6,3,701,15
member,electric_bike,2024,3,3,3,553,21
casual,electric_bike,2024,1,6,10,624,60
casual,electric_bike,2024,2,1,0,791,45
member,electric_bike,2024,4,3,17,695,3164
casual,electric_bike,2024,4,5,6,416,130
casual,classic_bike,2024,5,3,3,780,11
casual,electric_bike,2024,6,2,21,813,571
casual,electric_bike,2024,7,4,23,737,549
casual,classic_bike,2024,1,4,16,1489,185
casual,electric_bike,2024,2,6,3,702,14
casual,electric_bike,2024,3,3,3,557,8
casual,classic_bike,2024,3,6,11,1564,262
member,electric_bike,2024,5,5,20,663,1449
member,electric_bike,2024,6,2,20,705,1342
casual,classic_bike,2024,3,4,23,705,48
member,classic_bike,2024,4,6,0,714,77
member,electric_bike,2024,4,5,11,612,742
member,electric_bike,2024,11,1,13,632,1020
casual,electric_bike,2024,2,3,11,988,125
member,classic_bike,2024,2,5,3,920,13
casual,electric_bike,2024,4,7,23,851,450
casual,classic_bike,2024,12,4,13,1095,105
casual,electric_bike,2024,4,3,18,860,1001
casual,classic_bike,2024,9,2,4,2810,52
casual,electric_bike,2024,1,3,18,569,152
member,electric_bike,2024,2,4,15,692,858
member,electric_bike,2024,8,2,5,571,323
casual,classic_bike,2024,12,1,21,2290,61
casual,electric_bike,2024,5,3,10,985,288
casual,classic_bike,2024,6,1,6,2245,161
member,classic_bike,2024,1,2,20,699,360
member,electric_bike,2024,3,4,7,567,1196
member,electric_bike,2024,4,1,6,619,143
casual,electric_bike,2024,6,7,7,989,475
casual,electric_bike,2024,7,4,6,574,369
casual,electric_scooter,2024,9,6,18,737,1023
casual,classic_bike,2024,2,6,2,1048,10
casual,classic_bike,2024,4,4,15,1586,303
casual,classic_bike,2024,5,1,15,2205,1843
member,classic_bike,2024,9,5,20,783,1100
member,electric_bike,2024,9,6,2,639,123
member,electric_bike,2024,10,1,21,595,522
casual,classic_bike,2024,12,3,9,773,89
member,classic_bike,2024,1,5,12,616,608
member,classic_bike,2024,6,6,1,644,81
member,classic_bike,2024,7,1,22,905,326
casual,classic_bike,2024,2,7,23,764,83
casual,electric_bike,2024,6,5,13,1081,963
member,electric_bike,2024,9,2,20,667,1336
member,classic_bike,2024,9,3,9,673,1272
member,classic_bike,2024,10,4,22,812,545
member,electric_bike,2024,6,3,1,643,89
member,classic_bike,2024,2,3,9,655,952
member,electric_bike,2024,2,2,21,570,262
casual,electric_bike,2024,3,6,18,728,451
casual,electric_bike,2024,3,7,8,648,236
casual,classic_bike,2024,5,6,18,1698,1768
casual,electric_bike,2024,10,3,10,765,425
member,classic_bike,2024,12,1,13,763,597
member,classic_bike,2024,12,2,3,431,13
casual,classic_bike,2024,2,7,0,461,56
member,electric_bike,2024,7,4,15,734,2420
member,electric_bike,2024,12,7,21,614,239
member,electric_scooter,2024,9,7,7,378,109
casual,electric_bike,2024,2,2,21,705,80
member,electric_bike,2024,3,6,18,630,1144
casual,classic_bike,2024,12,5,3,798,4
member,electric_bike,2024,1,1,8,625,105
casual,electric_bike,2024,5,5,21,778,685
casual,electric_bike,2024,1,1,7,382,15
casual,classic_bike,2024,2,1,16,1913,530
member,electric_bike,2024,12,6,0,625,101
member,electric_bike,2024,2,1,0,522,100
casual,electric_bike,2024,4,7,0,563,232
casual,classic_bike,2024,6,6,9,1944,532
casual,electric_bike,2024,7,2,12,1002,939
member,electric_bike,2024,8,5,20,735,1903
member,classic_bike,2024,8,6,9,731,1451
member,classic_bike,2024,11,1,22,682,214
casual,classic_bike,2024,1,7,8,1728,24
casual,classic_bike,2024,3,1,8,1427,123
member,electric_bike,2024,5,6,1,579,172
casual,electric_scooter,2024,9,4,7,503,539
casual,classic_bike,2024,11,2,20,1274,140
member,electric_bike,2024,4,7,22,631,652
casual,electric_bike,2024,4,4,8,609,438
casual,classic_bike,2024,6,3,17,1481,1588
casual,classic_bike,2024,9,1,23,1770,347
member,classic_bike,2024,11,4,14,704,880
casual,classic_bike,2024,3,4,0,2525,39
member,electric_bike,2024,5,3,9,635,849
member,electric_bike,2024,8,1,15,894,1948
casual,electric_scooter,2024,9,1,15,889,1210
casual,classic_bike,2024,11,5,12,1162,207
casual,classic_bike,2024,3,5,13,1728,289
casual,classic_bike,2024,9,4,15,1807,761
member,electric_bike,2024,10,5,3,779,51
casual,classic_bike,2024,10,1,15,1718,1679
member,electric_bike,2024,11,2,3,721,42
member,classic_bike,2024,2,7,14,784,771
member,classic_bike,2024,3,4,14,678,706
member,classic_bike,2024,4,1,14,987,1387
member,classic_bike,2024,5,5,19,828,1980
member,classic_bike,2024,6,2,19,894,2084
casual,electric_bike,2024,7,6,17,1052,2175
member,classic_bike,2024,7,5,4,717,24
member,classic_bike,2024,8,2,4,839,45
casual,electric_bike,2024,11,7,7,1017,168
casual,electric_bike,2024,12,4,7,422,189
member,electric_bike,2024,6,7,6,746,411
casual,classic_bike,2024,7,6,1,1503,167
casual,classic_bike,2024,8,3,1,1345,66
member,electric_bike,2024,9,5,12,600,1558
member,classic_bike,2024,1,6,2,560,9
member,classic_bike,2024,3,7,6,648,121
member,classic_bike,2024,4,4,6,619,611
casual,classic_bike,2024,6,7,22,1900,960
member,classic_bike,2024,7,2,12,726,1432
casual,electric_bike,2024,10,7,15,1192,1567
casual,electric_bike,2024,11,4,15,641,500
casual,electric_bike,2024,12,1,15,727,322
member,electric_bike,2024,3,3,0,491,58
member,electric_scooter,2024,9,6,23,583,216
member,classic_bike,2024,11,7,9,731,892
member,electric_bike,2024,11,6,19,566,1177
member,electric_bike,2024,12,4,6,548,511
casual,classic_bike,2024,1,2,2,3735,56
member,electric_bike,2024,3,3,23,543,176
casual,electric_bike,2024,3,5,11,777,190
member,electric_bike,2024,7,1,23,741,297
casual,classic_bike,2024,7,4,13,2026,1147
casual,classic_bike,2024,8,3,18,1563,1473
casual,electric_bike,2024,9,7,22,973,881
casual,classic_bike,2024,10,3,9,1645,431
casual,classic_bike,2024,11,2,14,1758,316
casual,electric_bike,2024,12,6,18,610,235
member,electric_bike,2024,4,1,9,613,655
casual,classic_bike,2024,5,7,22,1352,852
casual,classic_bike,2024,9,5,22,1217,455
member,electric_bike,2024,1,4,3,533,21
member,electric_bike,2024,1,5,13,530,519
casual,electric_bike,2024,2,6,6,415,51
casual,electric_bike,2024,3,3,6,381,79
casual,classic_bike,2024,6,5,8,1250,561
casual,classic_bike,2024,12,1,18,850,108
member,electric_bike,2024,2,3,8,665,1035
casual,electric_bike,2024,4,3,21,775,427
member,electric_bike,2024,7,1,0,759,575
casual,electric_bike,2024,1,4,2,869,11
casual,electric_bike,2024,5,2,3,789,81
casual,classic_bike,2024,8,4,5,941,78
casual,classic_bike,2024,11,3,1,866,15
member,classic_bike,2024,12,7,23,543,97
member,classic_bike,2024,12,5,18,609,526
casual,classic_bike,2024,12,2,5,889,18
member,electric_bike,2024,2,6,0,586,60
casual,electric_scooter,2024,9,5,11,677,431
member,electric_scooter,2024,9,7,10,494,378
member,electric_bike,2024,11,7,6,676,230
casual,electric_bike,2024,1,3,15,533,146
casual,electric_bike,2024,5,1,16,1181,1244
casual,classic_bike,2024,7,6,18,1759,2116
casual,classic_bike,2024,9,6,9,1532,489
member,classic_bike,2024,6,1,18,974,2161
casual,electric_bike,2024,8,7,7,837,455
casual,electric_bike,2024,8,1,14,1190,2017
member,classic_bike,2024,11,5,4,334,18
member,electric_bike,2024,3,4,10,690,513
member,electric_bike,2024,5,2,19,642,1128
member,electric_bike,2024,7,2,10,673,903
member,electric_bike,2024,10,6,4,637,51
member,classic_bike,2024,10,1,1,647,212
member,electric_bike,2024,12,5,16,676,1089
casual,classic_bike,2024,4,1,14,2229,1275
casual,classic_bike,2024,4,7,7,2535,83
casual,classic_bike,2024,5,4,7,1152,466
member,electric_bike,2024,9,7,23,734,796
member,classic_bike,2024,1,5,15,690,798
member,classic_bike,2024,5,3,8,762,1943
member,electric_bike,2024,8,2,2,776,61
casual,classic_bike,2024,9,2,7,1116,476
member,electric_bike,2024,10,7,14,801,1894
member,electric_bike,2024,11,4,14,573,1077
member,electric_bike,2024,12,1,14,845,685
casual,electric_scooter,2024,9,6,21,826,591
casual,classic_bike,2024,2,3,4,454,7
casual,classic_bike,2024,3,5,10,1254,113
casual,electric_bike,2024,4,6,13,861,617
member,classic_bike,2024,3,7,3,907,21
member,electric_bike,2024,4,4,1,681,69
member,electric_scooter,2024,9,3,8,506,884
member,classic_bike,2024,1,2,0,677,58
member,electric_bike,2024,1,1,11,880,230
casual,electric_bike,2024,5,5,18,878,1465
casual,electric_bike,2024,6,3,5,579,116
member,classic_bike,2024,8,3,14,753,1095
casual,electric_bike,2024,9,4,7,635,736
member,classic_bike,2024,11,4,17,704,1583
casual,electric_bike,2024,12,3,3,537,25
member,electric_bike,2024,2,7,10,713,318
casual,classic_bike,2024,12,7,11,1289,153
member,classic_bike,2024,5,6,23,1052,566
member,classic_bike,2024,6,3,23,822,254
casual,electric_bike,2024,7,7,15,1275,2414
member,classic_bike,2024,8,5,19,877,2497
member,classic_bike,2024,9,2,19,792,2102
member,classic_bike,2024,9,3,6,648,949
casual,electric_bike,2024,10,6,11,1007,751
casual,electric_bike,2024,11,3,11,613,300
casual,classic_bike,2024,12,5,20,596,35
casual,electric_bike,2024,1,1,10,527,66
member,electric_bike,2024,1,7,18,816,262
casual,electric_bike,2024,6,7,1,873,694
member,electric_bike,2024,6,5,12,683,1352
member,electric_bike,2024,8,7,8,707,1317
member,electric_bike,2024,9,4,8,683,2934
member,classic_bike,2024,2,2,22,581,207
casual,electric_bike,2024,3,6,21,755,161
casual,electric_bike,2024,8,6,20,880,1229
casual,electric_bike,2024,9,3,20,730,688
member,classic_bike,2024,10,2,11,685,1018
member,electric_bike,2024,7,7,16,917,1996
casual,classic_bike,2024,7,7,5,1611,128
casual,classic_bike,2024,10,6,1,2988,66
member,classic_bike,2024,11,2,3,831,15
member,electric_bike,2024,12,3,19,561,663
member,classic_bike,2024,12,4,8,621,935
member,electric_bike,2024,2,6,23,644,109
casual,classic_bike,2024,3,3,19,1382,306
member,classic_bike,2024,4,4,3,353,7
member,classic_bike,2024,8,5,5,721,381
casual,classic_bike,2024,8,1,13,1989,2357
casual,electric_scooter,2024,9,7,8,531,244
casual,electric_bike,2024,12,1,12,783,253
casual,electric_bike,2024,6,2,18,873,1595
member,classic_bike,2024,7,6,14,856,1601
member,classic_bike,2024,7,1,2,738,122
member,electric_bike,2024,10,2,8,618,1953
member,classic_bike,2024,10,7,17,869,1655
casual,electric_bike,2024,11,6,3,717,42
member,classic_bike,2024,12,1,16,768,582
casual,classic_bike,2024,1,1,15,1149,92
casual,classic_bike,2024,6,4,21,1556,907
member,electric_scooter,2024,9,2,21,491,280
casual,electric_bike,2024,2,1,17,937,224
casual,electric_bike,2024,6,5,10,951,541
casual,electric_bike,2024,7,2,9,859,498
member,electric_bike,2024,8,5,17,748,4331
member,electric_bike,2024,9,2,17,747,3896
member,classic_bike,2024,2,4,19,647,811
member,classic_bike,2024,3,1,19,750,572
member,electric_bike,2024,5,3,6,570,1004
member,classic_bike,2024,6,5,14,820,1220
casual,electric_bike,2024,8,2,1,844,166
casual,classic_bike,2024,9,1,20,1964,666
member,classic_bike,2024,2,7,11,849,717
member,classic_bike,2024,3,4,11,729,639
member,classic_bike,2024,4,1,11,871,1094
casual,electric_bike,2024,10,4,20,645,633
casual,electric_bike,2024,11,1,20,665,244
member,electric_bike,2024,4,5,5,475,194
member,electric_bike,2024,7,4,1,802,117
casual,classic_bike,2024,10,7,5,1374,36
member,electric_bike,2024,2,1,17,767,454
casual,electric_bike,2024,2,3,5,393,24
casual,electric_bike,2024,4,7,17,1099,1240
casual,classic_bike,2024,7,1,12,2060,2123
casual,classic_bike,2024,8,6,19,1474,1593
casual,classic_bike,2024,11,5,15,1480,198
member,electric_bike,2024,3,6,1,575,78
member,classic_bike,2024,1,3,1,406,11
member,classic_bike,2024,2,2,5,823,189
casual,electric_bike,2024,6,4,9,925,487
casual,electric_bike,2024,9,3,3,1123,45
casual,electric_bike,2024,10,4,14,819,960
member,classic_bike,2024,12,2,17,661,1269
casual,classic_bike,2024,4,2,18,1816,897
casual,electric_bike,2024,7,4,0,654,266
member,classic_bike,2024,8,7,16,965,2233
member,classic_bike,2024,1,1,13,691,446
member,classic_bike,2024,3,6,2,706,22
member,classic_bike,2024,7,6,8,774,1544
member,electric_bike,2024,10,2,2,602,67
casual,classic_bike,2024,1,6,21,648,56
casual,classic_bike,2024,2,3,21,1358,84
casual,classic_bike,2024,2,7,6,461,11
casual,classic_bike,2024,3,4,6,507,59
member,electric_bike,2024,8,4,16,765,3230
member,electric_bike,2024,9,1,16,825,2088
casual,electric_bike,2024,1,2,11,495,113
casual,classic_bike,2024,1,6,4,663,4
casual,classic_bike,2024,7,2,22,1791,409
casual,classic_bike,2024,8,5,9,1396,566
member,electric_scooter,2024,9,1,17,553,465
member,electric_bike,2024,3,7,2,505,79
member,electric_bike,2024,3,5,14,554,787
casual,electric_bike,2024,5,6,5,583,98
member,electric_bike,2024,5,3,23,651,300
casual,electric_scooter,2024,9,2,19,786,747
casual,classic_bike,2024,11,6,16,1520,625
casual,classic_bike,2024,4,3,5,944,35
casual,electric_bike,2024,5,7,9,970,779
casual,electric_bike,2024,7,1,8,1096,297
casual,electric_bike,2024,8,2,18,907,1534
member,classic_bike,2024,9,7,8,861,960
member,classic_bike,2024,11,5,18,696,1007
member,electric_bike,2024,2,5,22,550,276
casual,electric_bike,2024,2,2,4,396,9
member,electric_bike,2024,8,6,4,776,105
member,electric_bike,2024,9,3,4,585,59
casual,classic_bike,2024,12,6,7,701,41
casual,electric_bike,2024,1,6,16,618,144
member,electric_bike,2024,7,5,2,1078,86
casual,electric_bike,2024,1,5,6,351,63
member,electric_bike,2024,7,6,12,748,1602
casual,classic_bike,2024,8,2,14,1812,864
member,classic_bike,2024,12,6,22,646,119
casual,electric_bike,2024,1,7,17,631,81
member,electric_bike,2024,3,2,19,600,914
member,classic_bike,2024,3,3,7,716,1134
member,classic_bike,2024,4,5,13,673,747
casual,electric_bike,2024,12,5,14,725,155
member,electric_bike,2024,12,3,2,781,38
casual,classic_bike,2024,3,7,21,2334,226
casual,classic_bike,2024,7,5,17,1596,2157
casual,classic_bike,2024,10,4,13,1482,668
casual,electric_bike,2024,3,2,19,764,343
member,classic_bike,2024,1,4,5,1083,228
member,electric_bike,2024,9,6,19,734,1856
member,classic_bike,2024,1,6,16,823,630
member,classic_bike,2024,5,4,12,784,1659
member,classic_bike,2024,6,1,12,1015,2509
casual,electric_bike,2024,7,5,10,952,551
member,electric_bike,2024,4,6,15,607,1248
member,electric_scooter,2024,9,5,22,510,282
member,electric_bike,2024,10,6,10,602,1085
member,electric_bike,2024,11,3,10,582,745
member,classic_bike,2024,2,6,7,620,1057
casual,classic_bike,2024,7,3,3,1381,16
casual,classic_bike,2024,11,4,5,1970,46
casual,electric_bike,2024,4,2,11,939,507
member,classic_bike,2024,4,7,4,826,20
casual,classic_bike,2024,9,3,8,1049,573
casual,classic_bike,2024,10,5,14,1716,813
casual,classic_bike,2024,1,2,19,769,76
member,electric_bike,2024,6,7,0,678,710
casual,classic_bike,2024,8,7,20,1946,1345
member,electric_bike,2024,9,5,18,737,2935
casual,classic_bike,2024,9,7,13,1859,1963
casual,classic_bike,2024,11,1,13,1623,662
casual,electric_bike,2024,11,5,22,592,195
casual,electric_bike,2024,2,5,19,609,161
casual,electric_bike,2024,8,6,3,615,124
casual,classic_bike,2024,10,2,22,1104,182
casual,electric_bike,2024,2,7,10,551,80
casual,electric_bike,2024,3,4,10,709,173
casual,classic_bike,2024,4,6,20,1390,201
casual,electric_bike,2024,4,1,10,1049,585
member,electric_bike,2024,5,7,8,771,862
casual,classic_bike,2024,5,3,20,1371,530
member,electric_bike,2024,6,4,8,653,2206
member,electric_bike,2024,1,5,7,538,751
casual,electric_bike,2024,7,6,11,1201,1072
member,classic_bike,2024,10,3,15,736,1796
casual,electric_bike,2024,3,7,2,821,76
member,electric_bike,2024,4,7,16,773,1558
casual,electric_bike,2024,4,4,2,740,34
member,classic_bike,2024,5,2,21,787,610
casual,electric_bike,2024,6,6,20,894,1132
casual,electric_bike,2024,7,3,19,840,1267
member,classic_bike,2024,10,6,7,709,976
member,classic_bike,2024,11,3,7,674,1382
casual,electric_bike,2024,12,7,5,422,9
member,electric_bike,2024,2,6,6,601,235
member,electric_bike,2024,5,7,11,818,1646
member,electric_bike,2024,8,6,7,689,1748
casual,classic_bike,2024,1,4,13,1097,108
casual,classic_bike,2024,3,6,14,1645,400
member,classic_bike,2024,4,4,9,734,772
casual,classic_bike,2024,6,7,19,2084,1438
member,electric_scooter,2024,9,4,12,457,421
member,electric_bike,2024,11,4,8,604,1916
member,electric_bike,2024,1,2,15,586,615
casual,electric_bike,2024,1,6,13,520,101
member,electric_bike,2024,2,1,20,617,187
casual,classic_bike,2024,2,2,0,624,21
member,classic_bike,2024,3,6,22,689,271
member,classic_bike,2024,3,2,0,632,49
casual,classic_bike,2024,3,1,5,1055,20
casual,electric_bike,2024,4,5,9,493,296
casual,electric_scooter,2024,9,4,10,724,308
casual,classic_bike,2024,12,4,16,814,117
casual,electric_bike,2024,3,3,23,708,103
member,classic_bike,2024,3,2,23,647,64
casual,electric_bike,2024,7,2,15,1141,1277
member,classic_bike,2024,10,5,6,610,858
casual,electric_bike,2024,1,1,4,451,8
casual,electric_bike,2024,3,3,0,468,34
casual,electric_bike,2024,5,5,1,1010,140
member,electric_bike,2024,6,2,17,745,3129
member,classic_bike,2024,1,7,3,474,8
casual,electric_bike,2024,2,3,8,527,190
member,electric_bike,2024,3,6,21,563,412
member,electric_bike,2024,4,3,20,586,1060
casual,classic_bike,2024,4,6,6,925,56
casual,electric_bike,2024,6,6,0,724,344
member,electric_bike,2024,9,3,7,688,2308
casual,electric_bike,2024,9,1,12,1203,1638
casual,electric_bike,2024,7,7,1,878,516
member,classic_bike,2024,9,7,11,863,1710
member,classic_bike,2024,1,1,10,888,355
casual,classic_bike,2024,8,2,17,1551,1518
member,classic_bike,2024,9,5,14,739,1237
member,electric_bike,2024,10,7,8,675,977
member,electric_bike,2024,12,1,8,545,253
casual,classic_bike,2024,1,5,0,874,10
member,classic_bike,2024,2,5,0,570,84
member,classic_bike,2024,4,3,22,900,359
member,electric_bike,2024,9,2,0,666,279
member,electric_scooter,2024,9,6,6,436,186
casual,classic_bike,2024,4,1,20,2077,347
casual,electric_bike,2024,8,4,9,793,543
member,electric_scooter,2024,9,1,20,542,299
member,electric_bike,2024,10,4,16,719,4119
member,electric_bike,2024,11,1,16,710,1181
member,classic_bike,2024,2,2,8,777,1231
member,electric_bike,2024,2,4,12,578,519
member,electric_bike,2024,3,1,12,648,939
member,classic_bike,2024,4,6,14,802,766
casual,electric_scooter,2024,9,3,23,801,251
casual,classic_bike,2024,5,1,12,2241,1444
casual,classic_bike,2024,5,7,5,1404,60
casual,classic_bike,2024,6,4,4,4551,34
casual,classic_bike,2024,7,5,14,2307,1274
casual,classic_bike,2024,12,3,6,479,51
member,classic_bike,2024,12,6,19,599,302
member,classic_bike,2024,1,2,17,877,1253
member,classic_bike,2024,5,6,6,788,837
member,classic_bike,2024,6,3,6,725,962
casual,electric_bike,2024,11,6,20,586,358
casual,electric_bike,2024,12,3,20,567,142
member,classic_bike,2024,2,1,1,557,81
casual,electric_bike,2024,2,2,1,658,12
casual,electric_bike,2024,5,3,7,646,445
casual,electric_scooter,2024,9,5,17,691,1257
casual,classic_bike,2024,9,4,18,1255,1447
casual,electric_bike,2024,1,3,21,519,67
casual,classic_bike,2024,1,3,6,459,31
casual,classic_bike,2024,5,6,21,1450,560
member,classic_bike,2024,6,6,21,964,902
casual,electric_bike,2024,7,5,7,625,506
member,classic_bike,2024,9,5,17,845,3827
casual,electric_bike,2024,10,3,13,872,622
casual,classic_bike,2024,12,2,22,2335,57
casual,classic_bike,2024,1,7,5,967,2
member,electric_bike,2024,5,5,14,647,1405
member,electric_bike,2024,5,6,4,656,88
member,electric_bike,2024,8,4,10,805,978
casual,electric_bike,2024,1,7,20,601,44
casual,electric_bike,2024,2,6,23,483,51
casual,electric_bike,2024,4,7,3,697,61
member,classic_bike,2024,5,1,17,958,1714
casual,electric_bike,2024,6,5,16,885,1634
member,classic_bike,2024,10,4,19,653,1905
member,classic_bike,2024,11,1,19,728,438
casual,electric_bike,2024,12,5,17,655,306
casual,electric_bike,2024,2,6,0,589,31
member,electric_bike,2024,4,6,12,591,1094
casual,classic_bike,2024,8,7,3,3079,161
casual,classic_bike,2024,11,6,22,1709,163
member,classic_bike,2024,12,2,0,623,44
casual,classic_bike,2024,1,1,21,566,26
member,electric_bike,2024,11,6,5,486,214
member,electric_bike,2024,12,3,5,469,199
casual,classic_bike,2024,12,5,0,814,13
member,classic_bike,2024,12,2,23,652,90
member,electric_bike,2024,10,5,0,516,217
casual,classic_bike,2024,10,1,18,1403,716
casual,classic_bike,2024,2,1,13,1577,491
member,classic_bike,2024,3,7,9,762,992
casual,electric_bike,2024,3,2,16,833,572
member,electric_bike,2024,7,4,18,771,3436
casual,electric_bike,2024,10,7,12,1142,1575
casual,classic_bike,2024,6,3,20,1428,763
member,electric_bike,2024,6,7,3,621,177
member,classic_bike,2024,9,6,4,514,46
casual,classic_bike,2024,2,4,5,1675,35
member,classic_bike,2024,6,2,22,959,400
member,electric_bike,2024,6,3,4,946,79
member,electric_bike,2024,7,7,10,855,1627
member,electric_bike,2024,9,6,22,749,894
member,electric_bike,2024,9,1,10,804,1535
casual,classic_bike,2024,6,6,12,2103,1137
casual,electric_bike,2024,10,6,5,458,93
casual,electric_bike,2024,11,3,5,526,58
casual,classic_bike,2024,12,1,1,787,68
member,electric_bike,2024,10,1,1,639,448
member,electric_bike,2024,4,7,19,692,1116
casual,classic_bike,2024,7,6,4,2198,32
casual,classic_bike,2024,8,3,4,1445,29
member,electric_bike,2024,9,5,15,715,2203
casual,classic_bike,2024,9,7,10,2004,1440
casual,classic_bike,2024,10,4,10,1789,483
casual,classic_bike,2024,11,1,10,1680,633
member,classic_bike,2024,4,7,1,740,88
casual,electric_bike,2024,7,6,14,1156,1602
member,classic_bike,2024,7,5,7,755,1719
member,classic_bike,2024,8,2,7,736,1540
member,classic_bike,2024,10,3,12,683,1432
casual,electric_bike,2024,12,4,10,612,112
casual,classic_bike,2024,4,7,4,598,14
member,electric_bike,2024,11,2,0,596,144
casual,electric_bike,2024,5,6,22,915,782
casual,electric_bike,2024,5,4,11,980,672
member,electric_bike,2024,8,1,18,840,1791
casual,electric_bike,2024,8,5,16,891,1868
casual,classic_bike,2024,9,3,14,2137,522
casual,classic_bike,2024,9,1,3,1230,155
member,electric_bike,2024,11,2,23,564,163
casual,electric_bike,2024,11,4,12,661,329
member,electric_bike,2024,1,7,4,405,7
member,electric_bike,2024,5,4,10,725,1059
member,electric_bike,2024,8,3,6,591,1139
casual,classic_bike,2024,11,7,3,4624,50
member,classic_bike,2024,5,5,22,819,649
casual,classic_bike,2024,7,6,21,1511,918
member,classic_bike,2024,8,4,18,889,3120
casual,electric_bike,2024,10,2,9,753,408
casual,classic_bike,2024,10,5,17,1343,1368
member,classic_bike,2024,11,3,13,616,881
casual,electric_bike,2024,12,6,21,528,75
member,electric_bike,2024,2,5,16,733,1325
member,classic_bike,2024,2,6,4,559,33
member,classic_bike,2024,5,7,10,1032,1697
member,classic_bike,2024,8,6,6,689,912
casual,electric_bike,2024,9,7,2,1004,288
casual,electric_bike,2024,8,3,5,700,140
member,classic_bike,2024,9,6,21,818,737
casual,electric_bike,2024,11,2,1,707,62
member,classic_bike,2024,12,5,15,722,512
member,classic_bike,2024,6,7,2,771,128
member,electric_bike,2024,7,1,3,642,141
casual,classic_bike,2024,4,5,16,1278,376
casual,classic_bike,2024,5,2,16,1695,980
casual,classic_bike,2024,7,4,10,2044,730
casual,classic_bike,2024,8,1,10,1965,1571
member,electric_bike,2024,9,3,21,699,1046
casual,classic_bike,2024,10,3,6,909,196
member,electric_bike,2024,12,2,15,619,1236
casual,classic_bike,2024,5,4,4,902,17
member,electric_bike,2024,7,3,14,686,1618
casual,electric_bike,2024,6,1,11,1206,1968
casual,classic_bike,2024,8,6,13,1824,1715
casual,electric_bike,2024,9,2,16,951,1800
member,electric_bike,2024,10,5,23,599,633
member,classic_bike,2024,1,6,22,601,125
member,electric_bike,2024,7,6,6,739,730
member,classic_bike,2024,7,7,18,1004,1682
casual,classic_bike,2024,8,3,21,1061,479
casual,electric_bike,2024,9,5,8,675,903
member,classic_bike,2024,9,1,18,833,1849
member,electric_bike,2024,5,6,21,670,1030
member,electric_bike,2024,6,3,21,735,1063
member,electric_bike,2024,11,7,9,573,958
member,electric_bike,2024,12,4,9,567,637
member,classic_bike,2024,8,7,10,938,2110
member,classic_bike,2024,9,4,10,706,1044
member,electric_bike,2024,4,2,16,692,2496
casual,classic_bike,2024,4,4,12,2276,194
casual,classic_bike,2024,10,5,0,1774,100
casual,classic_bike,2024,11,2,0,1291,52
member,electric_bike,2024,12,7,1,471,145
member,electric_scooter,2024,9,3,5,380,78
member,classic_bike,2024,10,4,2,779,14
member,classic_bike,2024,11,1,2,632,85
casual,classic_bike,2024,1,5,17,940,194
member,classic_bike,2024,5,2,7,729,1232
member,electric_bike,2024,5,1,18,803,1174
casual,classic_bike,2024,6,1,3,2615,164
casual,electric_bike,2024,7,7,18,1181,1866
casual,classic_bike,2024,8,5,15,1723,1177
member,classic_bike,2024,8,1,3,654,80
casual,classic_bike,2024,11,4,11,1284,214
casual,classic_bike,2024,12,5,23,1006,40
casual,electric_bike,2024,4,2,17,943,1245
member,electric_bike,2024,4,7,2,531,149
member,classic_bike,2024,11,6,5,701,196
member,classic_bike,2024,5,4,18,892,3506
casual,electric_scooter,2024,9,3,6,411,236
casual,electric_scooter,2024,9,2,16,731,1094
casual,classic_bike,2024,12,3,12,1172,96
casual,classic_bike,2024,3,3,22,1123,110
member,electric_bike,2024,8,5,0,643,281
member,electric_scooter,2024,9,5,16,541,796
member,electric_bike,2024,11,3,4,544,52
member,classic_bike,2024,1,4,11,783,581
member,classic_bike,2024,2,5,23,648,246
casual,classic_bike,2024,4,2,1,750,16
member,classic_bike,2024,6,4,10,799,1046
member,classic_bike,2024,7,3,13,720,1402
casual,electric_bike,2024,9,6,21,874,780
casual,classic_bike,2024,10,6,21,1474,400
casual,classic_bike,2024,11,3,21,809,133
casual,classic_bike,2024,8,4,2,1210,25
member,electric_bike,2024,10,3,12,569,1525
casual,electric_bike,2024,10,5,1,624,155
member,classic_bike,2024,3,5,15,724,971
member,classic_bike,2024,4,2,15,812,1350
casual,electric_bike,2024,8,7,10,1113,1893
casual,electric_bike,2024,9,4,10,921,521
member,classic_bike,2024,10,2,8,680,1772
casual,electric_bike,2024,11,6,6,496,188
casual,electric_bike,2024,11,5,16,659,503
casual,electric_bike,2024,12,2,16,610,443
casual,electric_bike,2024,12,3,6,394,119
member,electric_bike,2024,6,5,15,719,1893
member,electric_bike,2024,8,7,11,829,2300
member,electric_bike,2024,8,6,21,718,1339
member,electric_bike,2024,9,4,11,631,1217
casual,classic_bike,2024,9,6,6,1061,203
member,electric_bike,2024,11,5,15,733,1016
casual,classic_bike,2024,2,2,17,1677,447
member,electric_bike,2024,3,3,6,470,558
member,classic_bike,2024,7,4,3,1494,28
casual,classic_bike,2024,10,7,11,2089,1813
member,classic_bike,2024,2,1,18,772,511
casual,electric_bike,2024,3,5,17,694,618
casual,electric_bike,2024,6,3,22,795,598
casual,classic_bike,2024,7,1,18,1793,1380
member,electric_bike,2024,9,7,3,732,138
member,classic_bike,2024,9,5,0,655,108
member,classic_bike,2024,12,3,4,820,26
member,electric_bike,2024,1,6,14,603,396
member,electric_bike,2024,6,1,10,774,1827
member,electric_bike,2024,12,6,20,571,332
casual,classic_bike,2024,2,6,22,717,80
casual,electric_bike,2024,10,1,19,762,560
member,classic_bike,2024,10,6,13,709,1453
member,electric_bike,2024,1,3,22,477,148
member,electric_bike,2024,2,2,1,547,43
casual,electric_bike,2024,2,4,12,581,142
casual,electric_bike,2024,3,1,12,1074,548
member,classic_bike,2024,12,7,9,650,377
